tick,timestamp_s,frame_fresh,last_gate_passed,next_gate_index,body_forward_elevation_rad,body_vx_m_s,body_vy_m_s,body_vz_m_s,debug_world_x_m,debug_world_y_m,debug_world_z_m,debug_world_yaw_rad,command_source,mode,confidence,bearing_h_rad,bearing_v_rad,distance_m,pixel_x,pixel_y,roll_rate_rad_s,pitch_rate_rad_s,yaw_rate_rad_s,thrust_norm,rc_throttle,rc_roll,rc_pitch,rc_yaw,rc_arm
1600,1.600000,0,-1,0,0.000143,-0.004113,-0.010756,0.253758,-0.002257,-0.002449,0.209179,0.000032,reactive_fallback,detected,0.870370,-0.015624,-0.201899,8.470588,315.000,245.500,-0.004759,-0.041937,-0.029917,0.630375,1630,1498,1515,1490,1800
1617,1.617000,1,-1,0,0.000274,-0.004118,-0.011217,0.281566,-0.002328,-0.002646,0.213615,0.000029,reactive_fallback,detected,0.874084,-0.015624,-0.201899,8.470588,315.000,245.500,-0.004780,-0.041948,-0.030044,0.630375,1630,1498,1515,1489,1800
1620,1.620000,0,-1,0,0.000295,-0.004122,-0.011296,0.298401,-0.002341,-0.002682,0.214493,0.000029,reactive_fallback,detected,0.874084,-0.015624,-0.201899,8.470588,315.000,245.500,-0.004780,-0.041920,-0.030044,0.630375,1630,1498,1515,1489,1800
1640,1.640000,0,-1,0,0.000283,-0.004233,-0.011970,0.456294,-0.002426,-0.002933,0.222071,0.000031,reactive_fallback,detected,0.874084,-0.015624,-0.201899,8.470588,315.000,245.500,-0.004780,-0.041936,-0.030044,0.630375,1630,1498,1515,1489,1800
1650,1.650000,1,-1,0,0.000239,-0.004303,-0.012509,0.525209,-0.002470,-0.003070,0.227028,0.000034,reactive_fallback,detected,0.876301,-0.015624,-0.203398,8.470588,315.000,246.000,-0.004792,-0.044036,-0.030120,0.629251,1629,1498,1515,1489,1800
1660,1.660000,0,-1,0,0.000240,-0.004357,-0.013166,0.574124,-0.002515,-0.003214,0.232565,0.000034,reactive_fallback,detected,0.876301,-0.015624,-0.203398,8.470588,315.000,246.000,-0.004792,-0.044035,-0.030120,0.629251,1629,1498,1515,1489,1800
1680,1.680000,0,-1,0,0.000044,-0.004559,-0.014655,0.622347,-0.002606,-0.003527,0.244642,0.000033,reactive_fallback,detected,0.876301,-0.015624,-0.203398,8.470588,315.000,246.000,-0.004792,-0.044287,-0.030120,0.629251,1629,1498,1516,1489,1800
1683,1.683000,1,-1,0,-0.000057,-0.004621,-0.014888,0.625680,-0.002620,-0.003577,0.246516,0.000033,reactive_fallback,detected,0.870222,-0.015624,-0.204896,8.470588,315.000,246.500,-0.004759,-0.046032,-0.029911,0.628127,1628,1498,1516,1490,1800
1700,1.700000,0,-1,0,-0.000446,-0.004701,-0.016257,0.633946,-0.002697,-0.003874,0.257247,0.000032,reactive_fallback,detected,0.870222,-0.015624,-0.204896,8.470588,315.000,246.500,-0.004759,-0.046531,-0.029911,0.628127,1628,1498,1516,1490,1800
1716,1.716000,1,-1,0,-0.000318,-0.004417,-0.017583,0.632504,-0.002765,-0.004176,0.267384,0.000031,reactive_fallback,detected,0.871799,-0.015624,-0.206394,8.470588,315.000,247.000,-0.004767,-0.048375,-0.029966,0.627004,1627,1498,1517,1490,1800
1720,1.720000,0,-1,0,-0.000265,-0.004344,-0.017912,0.631505,-0.002782,-0.004256,0.269911,0.000031,reactive_fallback,detected,0.871799,-0.015624,-0.206394,8.470588,315.000,247.000,-0.004767,-0.048306,-0.029966,0.627004,1627,1498,1517,1490,1800
1740,1.740000,0,-1,0,-0.000405,-0.004263,-0.019760,0.624871,-0.002864,-0.004674,0.282474,0.000030,reactive_fallback,detected,0.871799,-0.015624,-0.206394,8.470588,315.000,247.000,-0.004767,-0.048487,-0.029966,0.627004,1627,1498,1517,1490,1800
1749,1.749000,1,-1,0,-0.000485,-0.004190,-0.020639,0.621638,-0.002900,-0.004874,0.288081,0.000032,reactive_fallback,detected,0.871849,-0.015624,-0.206394,8.470588,315.000,247.000,-0.004768,-0.048591,-0.029967,0.627004,1627,1498,1517,1490,1800
1760,1.760000,0,-1,0,-0.000532,-0.004052,-0.021647,0.617866,-0.002941,-0.005129,0.294895,0.000033,reactive_fallback,detected,0.871849,-0.015624,-0.206394,8.470588,315.000,247.000,-0.004768,-0.048652,-0.029967,0.627004,1627,1498,1517,1490,1800
1780,1.780000,0,-1,0,-0.000847,-0.003869,-0.023282,0.611743,-0.003012,-0.005618,0.307185,0.000031,reactive_fallback,detected,0.871849,-0.015624,-0.206394,8.470588,315.000,247.000,-0.004768,-0.049057,-0.029967,0.627004,1627,1498,1517,1490,1800
1782,1.782000,1,-1,0,-0.000911,-0.003858,-0.023440,0.611184,-0.003019,-0.005669,0.308408,0.000030,reactive_fallback,detected,0.870248,-0.015624,-0.209385,8.470588,315.000,248.000,-0.004759,-0.052887,-0.029912,0.624760,1625,1498,1519,1490,1800
1800,1.800000,0,-1,0,-0.001127,-0.003428,-0.024928,0.606351,-0.003073,-0.006142,0.319361,0.000031,reactive_fallback,detected,0.870248,-0.015624,-0.209385,8.470588,315.000,248.000,-0.004759,-0.053164,-0.029912,0.624760,1625,1498,1519,1490,1800
1815,1.815000,1,-1,0,-0.001323,-0.003049,-0.026206,0.602595,-0.003110,-0.006560,0.328424,0.000036,reactive_fallback,detected,0.870248,-0.015624,-0.209385,8.470588,315.000,248.000,-0.004759,-0.053415,-0.029912,0.624760,1625,1498,1519,1490,1800
1820,1.820000,0,-1,0,-0.001390,-0.002898,-0.026700,0.601466,-0.003121,-0.006705,0.331433,0.000038,reactive_fallback,detected,0.870248,-0.015624,-0.209385,8.470588,315.000,248.000,-0.004759,-0.053501,-0.029912,0.624760,1625,1498,1519,1490,1800
1840,1.840000,0,-1,0,-0.001096,-0.002023,-0.028787,0.597654,-0.003155,-0.007310,0.343419,0.000049,reactive_fallback,detected,0.870248,-0.015624,-0.209385,8.470588,315.000,248.000,-0.004759,-0.053124,-0.029912,0.624760,1625,1498,1519,1490,1800
1848,1.848000,1,-1,0,-0.001218,-0.001845,-0.029688,0.596399,-0.003165,-0.007565,0.348193,0.000058,reactive_fallback,detected,0.868138,-0.017376,-0.209851,8.447895,314.439,248.156,-0.005280,-0.053640,-0.033186,0.624411,1624,1498,1519,1488,1800
1860,1.860000,0,-1,0,-0.001679,-0.001651,-0.031135,0.594694,-0.003175,-0.007960,0.355337,0.000073,reactive_fallback,detected,0.868138,-0.017376,-0.209851,8.447895,314.439,248.156,-0.005280,-0.054229,-0.033186,0.624411,1624,1498,1519,1488,1800
1880,1.880000,0,-1,0,-0.002215,-0.000854,-0.033145,0.592129,-0.003177,-0.008651,0.367201,0.000101,reactive_fallback,detected,0.868138,-0.017376,-0.209851,8.447895,314.439,248.156,-0.005280,-0.054913,-0.033186,0.624411,1624,1498,1519,1488,1800
1881,1.881000,1,-1,0,-0.002213,-0.000792,-0.033232,0.592016,-0.003176,-0.008687,0.367792,0.000102,reactive_fallback,detected,0.877097,-0.015624,-0.210880,8.470588,315.000,248.500,-0.004796,-0.056918,-0.030148,0.623639,1624,1498,1520,1489,1800
1900,1.900000,0,-1,0,-0.002774,0.000112,-0.035218,0.590107,-0.003155,-0.009384,0.379018,0.000128,reactive_fallback,detected,0.877097,-0.015624,-0.210880,8.470588,315.000,248.500,-0.004796,-0.057644,-0.030148,0.623639,1624,1498,1520,1489,1800
1914,1.914000,1,-1,0,-0.003173,0.001008,-0.036605,0.588991,-0.003122,-0.009922,0.387269,0.000152,reactive_fallback,detected,0.867090,-0.018644,-0.211547,8.369877,314.033,248.723,-0.005658,-0.058150,-0.035565,0.623139,1623,1498,1520,1488,1800
1920,1.920000,0,-1,0,-0.003283,0.001464,-0.037228,0.588571,-0.003103,-0.010159,0.390800,0.000166,reactive_fallback,detected,0.867090,-0.018644,-0.211547,8.369877,314.033,248.723,-0.005658,-0.058290,-0.035565,0.623139,1623,1498,1520,1488,1800
1940,1.940000,0,-1,0,-0.004331,0.002822,-0.039537,0.587110,-0.003015,-0.010978,0.402553,0.000220,reactive_fallback,detected,0.867090,-0.018644,-0.211547,8.369877,314.033,248.723,-0.005658,-0.059624,-0.035565,0.623139,1623,1498,1521,1488,1800
1947,1.947000,1,-1,0,-0.004797,0.003401,-0.040215,0.586633,-0.002974,-0.011276,0.406659,0.000241,reactive_fallback,detected,0.871359,-0.017186,-0.212373,8.388349,314.500,249.000,-0.005241,-0.061675,-0.032945,0.622519,1623,1498,1522,1488,1800
1960,1.960000,0,-1,0,-0.005213,0.004914,-0.041476,0.585865,-0.002881,-0.011842,0.414277,0.000279,reactive_fallback,detected,0.871359,-0.017186,-0.212373,8.388349,314.500,249.000,-0.005241,-0.062207,-0.032945,0.622519,1623,1498,1522,1488,1800
1980,1.980000,1,-1,0,-0.005751,0.007476,-0.044131,0.584906,-0.002691,-0.012755,0.425979,0.000331,reactive_fallback,detected,0.877962,-0.015624,-0.212373,8.470588,315.000,249.000,-0.004801,-0.063485,-0.030177,0.622519,1623,1498,1522,1489,1800
2000,2.000000,0,-1,0,-0.006717,0.010262,-0.046499,0.584209,-0.002440,-0.013714,0.437664,0.000374,reactive_fallback,detected,0.877962,-0.015624,-0.212373,8.470588,315.000,249.000,-0.004801,-0.064736,-0.030177,0.622519,1623,1498,1523,1489,1800
2013,2.013000,1,-1,0,-0.007360,0.012298,-0.047872,0.583868,-0.002239,-0.014360,0.445252,0.000406,reactive_fallback,detected,0.878830,-0.015624,-0.212373,8.470588,315.000,249.000,-0.004806,-0.065633,-0.030207,0.622519,1623,1498,1523,1489,1800
2020,2.020000,0,-1,0,-0.007856,0.013415,-0.048550,0.583707,-0.002117,-0.014715,0.449336,0.000429,reactive_fallback,detected,0.878830,-0.015624,-0.212373,8.470588,315.000,249.000,-0.004806,-0.066275,-0.030207,0.622519,1623,1498,1523,1489,1800
2040,2.040000,0,-1,0,-0.008975,0.017277,-0.050681,0.583291,-0.001710,-0.015759,0.460998,0.000507,reactive_fallback,detected,0.878830,-0.015624,-0.212373,8.470588,315.000,249.000,-0.004806,-0.067725,-0.030207,0.622519,1623,1498,1524,1489,1800
2046,2.046000,1,-1,0,-0.009070,0.018653,-0.051294,0.583180,-0.001570,-0.016080,0.464495,0.000530,reactive_fallback,detected,0.885655,-0.015624,-0.210880,8.470588,315.000,248.500,-0.004843,-0.066425,-0.030442,0.623639,1624,1498,1523,1489,1800
2060,2.060000,0,-1,0,-0.009659,0.021747,-0.052530,0.583046,-0.001209,-0.016848,0.472652,0.000588,reactive_fallback,detected,0.885655,-0.015624,-0.210880,8.470588,315.000,248.500,-0.004843,-0.067194,-0.030442,0.623639,1624,1498,1524,1489,1800
2079,2.079000,1,-1,0,-0.011138,0.026112,-0.055258,0.583075,-0.000637,-0.017932,0.483719,0.000698,reactive_fallback,detected,0.887977,-0.015624,-0.210880,8.470588,315.000,248.500,-0.004856,-0.069306,-0.030522,0.623639,1624,1498,1524,1489,1800
2080,2.080000,0,-1,0,-0.011180,0.026382,-0.055408,0.583075,-0.000604,-0.017990,0.484301,0.000705,reactive_fallback,detected,0.887977,-0.015624,-0.210880,8.470588,315.000,248.500,-0.004856,-0.069361,-0.030522,0.623639,1624,1498,1524,1489,1800
2100,2.100000,0,-1,0,-0.013464,0.031359,-0.057443,0.583135,0.000119,-0.019187,0.495949,0.000924,reactive_fallback,detected,0.887977,-0.015624,-0.210880,8.470588,315.000,248.500,-0.004856,-0.072350,-0.030522,0.623639,1624,1498,1525,1489,1800
2112,2.112000,1,-1,0,-0.015070,0.034974,-0.059264,0.583089,0.000619,-0.019936,0.502935,0.001133,reactive_fallback,detected,0.882817,-0.015624,-0.210880,8.470588,315.000,248.500,-0.004828,-0.074020,-0.030344,0.623639,1624,1498,1526,1489,1800
2120,2.120000,0,-1,0,-0.014896,0.038252,-0.061155,0.582908,0.000984,-0.020449,0.507590,0.001304,reactive_fallback,detected,0.882817,-0.015624,-0.210880,8.470588,315.000,248.500,-0.004828,-0.073793,-0.030344,0.623639,1624,1498,1526,1489,1800
2140,2.140000,0,-1,0,-0.016763,0.045125,-0.063956,0.582622,0.002007,-0.021774,0.519222,0.001853,reactive_fallback,detected,0.882817,-0.015624,-0.210880,8.470588,315.000,248.500,-0.004828,-0.076222,-0.030344,0.623639,1624,1498,1527,1489,1800
2145,2.145000,1,-1,0,-0.018010,0.046671,-0.064254,0.582642,0.002289,-0.022115,0.522129,0.002012,reactive_fallback,detected,0.889602,-0.015624,-0.209385,8.470588,315.000,248.000,-0.004865,-0.076483,-0.030578,0.624760,1625,1498,1527,1489,1800
2160,2.160000,0,-1,0,-0.018670,0.053685,-0.067325,0.582392,0.003207,-0.023167,0.530843,0.002505,reactive_fallback,detected,0.889602,-0.015624,-0.209385,8.470588,315.000,248.000,-0.004865,-0.077349,-0.030578,0.624760,1625,1498,1527,1489,1800
2178,2.178000,1,-1,0,-0.019935,0.061736,-0.071592,0.582081,0.004455,-0.024484,0.541293,0.003166,reactive_fallback,detected,0.875728,-0.014062,-0.207890,8.388349,315.500,247.500,-0.004310,-0.075979,-0.027091,0.625882,1626,1498,1527,1491,1800
2180,2.180000,0,-1,0,-0.020555,0.062429,-0.071714,0.582111,0.004604,-0.024632,0.542454,0.003247,reactive_fallback,detected,0.875728,-0.014062,-0.207890,8.388349,315.500,247.500,-0.004310,-0.076781,-0.027091,0.625882,1626,1498,1527,1491,1800
2200,2.200000,0,-1,0,-0.024528,0.072317,-0.073073,0.582502,0.006221,-0.026156,0.554055,0.004146,reactive_fallback,detected,0.875728,-0.014062,-0.207890,8.388349,315.500,247.500,-0.004310,-0.081919,-0.027091,0.625882,1626,1498,1529,1491,1800
2211,2.211000,1,-1,0,-0.022866,0.080157,-0.076265,0.582145,0.007219,-0.027030,0.560432,0.004681,reactive_fallback,detected,0.882408,-0.014075,-0.202494,8.461744,315.496,245.699,-0.004347,-0.073347,-0.027325,0.629929,1630,1498,1526,1490,1800
2220,2.220000,0,-1,0,-0.023040,0.085407,-0.079134,0.581867,0.008090,-0.027764,0.565646,0.005158,reactive_fallback,detected,0.882408,-0.014075,-0.202494,8.461744,315.496,245.699,-0.004347,-0.073573,-0.027325,0.629929,1630,1498,1526,1490,1800
2240,2.240000,0,-1,0,-0.029342,0.095417,-0.081255,0.583206,0.010213,-0.029441,0.577232,0.006321,reactive_fallback,detected,0.882408,-0.014075,-0.202494,8.461744,315.496,245.699,-0.004347,-0.081784,-0.027325,0.629929,1630,1498,1529,1490,1800
2244,2.244000,1,-1,0,-0.029584,0.098384,-0.081583,0.583422,0.010673,-0.029784,0.579550,0.006557,reactive_fallback,detected,0.882408,-0.014075,-0.202494,8.461744,315.496,245.699,-0.004347,-0.082100,-0.027325,0.629929,1630,1498,1529,1490,1800
2260,2.260000,0,-1,0,-0.026688,0.112003,-0.086371,0.582989,0.012635,-0.031197,0.588820,0.007491,reactive_fallback,detected,0.882408,-0.014075,-0.202494,8.461744,315.496,245.699,-0.004347,-0.078326,-0.027325,0.629929,1630,1498,1527,1490,1800
2277,2.277000,1,-1,0,-0.031960,0.121542,-0.090306,0.582802,0.014925,-0.032752,0.598656,0.008566,reactive_fallback,detected,0.888089,-0.010937,-0.198898,8.388349,316.500,244.500,-0.003400,-0.081314,-0.021369,0.632626,1633,1499,1528,1493,1800
2280,2.280000,0,-1,0,-0.033423,0.123258,-0.090336,0.582894,0.015353,-0.033030,0.600390,0.008760,reactive_fallback,detected,0.888089,-0.010937,-0.198898,8.388349,316.500,244.500,-0.003400,-0.083240,-0.021369,0.632626,1633,1499,1529,1493,1800
2300,2.300000,0,-1,0,-0.032979,0.141811,-0.093242,0.582360,0.018416,-0.034934,0.611930,0.009982,reactive_fallback,detected,0.888089,-0.010937,-0.198898,8.388349,316.500,244.500,-0.003400,-0.082655,-0.021369,0.632626,1633,1499,1529,1493,1800
2310,2.310000,1,-1,0,-0.032582,0.150556,-0.097561,0.581559,0.020082,-0.035923,0.617690,0.010595,reactive_fallback,detected,0.891635,-0.009375,-0.200399,8.470588,317.000,245.000,-0.002926,-0.084593,-0.018389,0.631500,1632,1499,1530,1494,1800
2320,2.320000,0,-1,0,-0.037859,0.156631,-0.100118,0.581594,0.021836,-0.036928,0.623442,0.011236,reactive_fallback,detected,0.891635,-0.009375,-0.200399,8.470588,317.000,245.000,-0.002926,-0.091576,-0.018389,0.631500,1632,1499,1532,1494,1800
2340,2.340000,0,-1,0,-0.040474,0.176920,-0.101087,0.580367,0.025656,-0.038979,0.634907,0.012440,reactive_fallback,detected,0.891635,-0.009375,-0.200399,8.470588,317.000,245.000,-0.002926,-0.095038,-0.018389,0.631500,1632,1499,1533,1494,1800
2343,2.343000,1,-1,0,-0.039280,0.180794,-0.101767,0.579768,0.026267,-0.039294,0.636621,0.012604,reactive_fallback,detected,0.889028,-0.006250,-0.197396,8.470588,318.000,244.000,-0.001945,-0.089534,-0.012224,0.633753,1634,1499,1531,1496,1800
2360,2.360000,0,-1,0,-0.040805,0.197155,-0.107903,0.577396,0.029903,-0.041117,0.646303,0.013561,reactive_fallback,detected,0.889028,-0.006250,-0.197396,8.470588,318.000,244.000,-0.001945,-0.091553,-0.012224,0.633753,1634,1499,1532,1496,1800
2376,2.376000,1,-1,0,-0.048175,0.212069,-0.110208,0.576989,0.033613,-0.042878,0.655369,0.014388,reactive_fallback,detected,0.894821,-0.004618,-0.195150,8.471267,318.522,243.253,-0.001446,-0.099162,-0.009091,0.635437,1635,1499,1535,1497,1800
2380,2.380000,0,-1,0,-0.047501,0.217558,-0.110467,0.576394,0.034591,-0.043325,0.657628,0.014561,reactive_fallback,detected,0.894821,-0.004618,-0.195150,8.471267,318.522,243.253,-0.001446,-0.098261,-0.009091,0.635437,1635,1499,1534,1497,1800
2400,2.400000,0,-1,0,-0.043759,0.243124,-0.115828,0.572312,0.039767,-0.045609,0.668872,0.015320,reactive_fallback,detected,0.894821,-0.004618,-0.195150,8.471267,318.522,243.253,-0.001446,-0.093265,-0.009091,0.635437,1635,1499,1533,1497,1800
2409,2.409000,1,-1,0,-0.050574,0.250326,-0.118540,0.572229,0.042249,-0.046662,0.673904,0.015660,reactive_fallback,detected,0.898021,-0.005160,-0.187243,8.460989,318.349,240.628,-0.001622,-0.092079,-0.010195,0.641367,1641,1499,1532,1496,1800
2420,2.420000,0,-1,0,-0.056159,0.262947,-0.119540,0.572009,0.045430,-0.047964,0.680027,0.015991,reactive_fallback,detected,0.898021,-0.005160,-0.187243,8.460989,318.349,240.628,-0.001622,-0.099559,-0.010195,0.641367,1641,1499,1535,1496,1800
2440,2.440000,0,-1,0,-0.048469,0.295234,-0.123193,0.566707,0.051662,-0.050388,0.691089,0.016320,reactive_fallback,detected,0.898021,-0.005160,-0.187243,8.460989,318.349,240.628,-0.001622,-0.089259,-0.010195,0.641367,1641,1499,1531,1496,1800
2442,2.442000,1,-1,0,-0.048888,0.297577,-0.124049,0.566347,0.052314,-0.050636,0.692189,0.016356,reactive_fallback,detected,0.911967,-0.001562,-0.179303,8.554455,319.500,238.000,-0.000499,-0.080741,-0.003135,0.647322,1647,1500,1528,1499,1800
2460,2.460000,0,-1,0,-0.062327,0.316456,-0.129434,0.562155,0.058437,-0.052891,0.702026,0.016673,reactive_fallback,detected,0.911967,-0.001562,-0.179303,8.554455,319.500,238.000,-0.000499,-0.099093,-0.003135,0.647322,1647,1500,1535,1499,1800
2475,2.475000,1,-1,0,-0.056471,0.344075,-0.129115,0.554600,0.063926,-0.054794,0.710076,0.016786,reactive_fallback,detected,0.905104,0.000000,-0.176276,8.470588,320.000,237.000,0.000000,-0.086458,0.000000,0.649592,1650,1500,1530,1500,1800
2480,2.480000,0,-1,0,-0.053568,0.352922,-0.129855,0.547576,0.065832,-0.055437,0.712722,0.016810,reactive_fallback,detected,0.905104,0.000000,-0.176276,8.470588,320.000,237.000,0.000000,-0.082516,0.000000,0.649592,1650,1500,1529,1500,1800
2500,2.500000,0,-1,0,-0.067093,0.375510,-0.136604,0.539869,0.073804,-0.058061,0.723092,0.017133,reactive_fallback,detected,0.905104,0.000000,-0.176276,8.470588,320.000,237.000,0.000000,-0.100879,0.000000,0.649592,1650,1500,1535,1500,1800
2508,2.508000,1,-1,0,-0.070125,0.388175,-0.137652,0.533746,0.077171,-0.059126,0.727153,0.017228,reactive_fallback,detected,0.910166,0.000000,-0.182327,8.470588,320.000,239.000,0.000000,-0.113844,0.000000,0.645054,1645,1500,1540,1500,1800
2520,2.520000,0,-1,0,-0.061973,0.413180,-0.137624,0.526464,0.082429,-0.060737,0.733172,0.017263,reactive_fallback,detected,0.910166,0.000000,-0.182327,8.470588,320.000,239.000,0.000000,-0.102714,0.000000,0.645054,1645,1500,1536,1500,1800
2540,2.540000,0,-1,0,-0.069722,0.440373,-0.143561,0.513468,0.091685,-0.063487,0.742911,0.017465,reactive_fallback,detected,0.910166,0.000000,-0.182327,8.470588,320.000,239.000,0.000000,-0.113293,0.000000,0.645054,1645,1500,1540,1500,1800
2541,2.541000,1,-1,0,-0.070930,0.441511,-0.143962,0.513200,0.092164,-0.063627,0.743391,0.017480,reactive_fallback,detected,0.904516,-0.002374,-0.180831,8.481750,319.240,238.505,-0.000751,-0.111902,-0.004723,0.646176,1646,1500,1539,1498,1800
2560,2.560000,0,-1,0,-0.072758,0.476483,-0.147192,0.499423,0.101613,-0.066302,0.752291,0.017562,reactive_fallback,detected,0.904516,-0.002374,-0.180831,8.481750,319.240,238.505,-0.000751,-0.114376,-0.004723,0.646176,1646,1500,1540,1498,1800
2574,2.574000,1,-1,0,-0.065337,0.503550,-0.147765,0.484789,0.108984,-0.068302,0.758681,0.017532,reactive_fallback,detected,0.911423,-0.001562,-0.171729,8.554455,319.500,235.500,-0.000498,-0.092804,-0.003133,0.653002,1653,1500,1532,1499,1800
2580,2.580000,0,-1,0,-0.070057,0.511053,-0.149509,0.484659,0.112237,-0.069173,0.761363,0.017598,reactive_fallback,detected,0.911423,-0.001562,-0.171729,8.554455,319.500,235.500,-0.000498,-0.099246,-0.003133,0.653002,1653,1500,1535,1499,1800
2600,2.600000,0,-1,0,-0.083586,0.543661,-0.156266,0.479852,0.123552,-0.072129,0.770154,0.017704,reactive_fallback,detected,0.911423,-0.001562,-0.171729,8.554455,319.500,235.500,-0.000498,-0.117710,-0.003133,0.653002,1653,1500,1541,1499,1800
2607,2.607000,1,-1,0,-0.077442,0.560556,-0.156794,0.477453,0.127699,-0.073175,0.773174,0.017630,reactive_fallback,detected,0.911423,-0.001562,-0.171729,8.554455,319.500,235.500,-0.000498,-0.109325,-0.003133,0.653002,1653,1500,1538,1499,1800
2620,2.620000,0,-1,0,-0.072016,0.586404,-0.157732,0.465831,0.135641,-0.075139,0.778718,0.017510,reactive_fallback,detected,0.911423,-0.001562,-0.171729,8.554455,319.500,235.500,-0.000498,-0.101920,-0.003133,0.653002,1653,1500,1536,1499,1800
2640,2.640000,1,-1,0,-0.094428,0.616583,-0.164378,0.469554,0.148462,-0.078229,0.787044,0.017611,reactive_fallback,detected,0.916756,-0.001562,-0.158046,8.554455,319.500,231.000,-0.000501,-0.114498,-0.003151,0.663265,1663,1500,1540,1499,1800
2660,2.660000,0,-1,0,-0.083039,0.666013,-0.166163,0.452650,0.162143,-0.081371,0.795060,0.017425,reactive_fallback,detected,0.916756,-0.001562,-0.158046,8.554455,319.500,231.000,-0.000501,-0.098864,-0.003151,0.663265,1663,1500,1535,1499,1800
2673,2.673000,1,-1,0,-0.092250,0.688697,-0.168172,0.452993,0.171474,-0.083446,0.800101,0.017494,reactive_fallback,detected,0.905756,-0.003125,-0.156522,8.470588,319.000,230.500,-0.000991,-0.107914,-0.006227,0.664408,1664,1500,1538,1498,1800
2680,2.680000,0,-1,0,-0.101228,0.701089,-0.170967,0.456084,0.176649,-0.084580,0.802786,0.017585,reactive_fallback,detected,0.905756,-0.003125,-0.156522,8.470588,319.000,230.500,-0.000991,-0.120070,-0.006227,0.664408,1664,1500,1542,1498,1800
2700,2.700000,0,-1,0,-0.093988,0.753582,-0.175966,0.437317,0.192085,-0.087854,0.810207,0.017565,reactive_fallback,detected,0.905756,-0.003125,-0.156522,8.470588,319.000,230.500,-0.000991,-0.110268,-0.006227,0.664408,1664,1500,1539,1498,1800
2706,2.706000,1,-1,0,-0.091140,0.768082,-0.175665,0.428367,0.196894,-0.088841,0.812362,0.017565,reactive_fallback,detected,0.905756,-0.003125,-0.156522,8.470588,319.000,230.500,-0.000991,-0.106411,-0.006227,0.664408,1664,1500,1537,1498,1800
2720,2.720000,0,-1,0,-0.106837,0.793304,-0.176619,0.433400,0.208415,-0.091163,0.817240,0.017815,reactive_fallback,detected,0.905756,-0.003125,-0.156522,8.470588,319.000,230.500,-0.000991,-0.127664,-0.006227,0.664408,1664,1500,1545,1498,1800
2739,2.739000,1,-1,0,-0.115637,0.841417,-0.183607,0.424516,0.224826,-0.094377,0.823543,0.018096,reactive_fallback,detected,0.909656,-0.003125,-0.153471,8.470588,319.000,229.500,-0.000995,-0.136032,-0.006254,0.666696,1667,1500,1548,1498,1800
2740,2.740000,0,-1,0,-0.114619,0.844559,-0.183851,0.423322,0.225716,-0.094548,0.823865,0.018100,reactive_fallback,detected,0.909656,-0.003125,-0.153471,8.470588,319.000,229.500,-0.000995,-0.134648,-0.006254,0.666696,1667,1500,1547,1498,1800
2760,2.760000,0,-1,0,-0.109879,0.896319,-0.184997,0.407965,0.244039,-0.097972,0.830112,0.018345,reactive_fallback,detected,0.909656,-0.003125,-0.153471,8.470588,319.000,229.500,-0.000995,-0.128203,-0.006254,0.666696,1667,1500,1545,1498,1800
2772,2.772000,1,-1,0,-0.127329,0.921784,-0.187779,0.420662,0.255509,-0.100055,0.833743,0.018750,reactive_fallback,detected,0.907021,-0.003125,-0.132040,8.470588,319.000,222.500,-0.000992,-0.122433,-0.006236,0.682770,1683,1500,1543,1498,1800
2780,2.780000,0,-1,0,-0.130202,0.944445,-0.190933,0.415859,0.263379,-0.101459,0.836081,0.018915,reactive_fallback,detected,0.907021,-0.003125,-0.132040,8.470588,319.000,222.500,-0.000992,-0.126329,-0.006236,0.682770,1683,1500,1544,1498,1800
2800,2.800000,0,-1,0,-0.104507,1.008075,-0.194454,0.381675,0.283829,-0.104993,0.841717,0.019065,reactive_fallback,detected,0.907021,-0.003125,-0.132040,8.470588,319.000,222.500,-0.000992,-0.091491,-0.006236,0.682770,1683,1500,1532,1498,1800
2805,2.805000,1,-1,0,-0.104342,1.019508,-0.194453,0.377642,0.289090,-0.105880,0.843065,0.019139,reactive_fallback,detected,0.914830,-0.004688,-0.113572,8.554457,318.500,216.500,-0.001501,-0.066682,-0.009434,0.696621,1697,1499,1523,1497,1800
2820,2.820000,0,-1,0,-0.126770,1.048296,-0.196687,0.400985,0.305230,-0.108564,0.847057,0.019619,reactive_fallback,detected,0.914830,-0.004688,-0.113572,8.554457,318.500,216.500,-0.001501,-0.097299,-0.009434,0.696621,1697,1499,1534,1497,1800
2838,2.838000,1,-1,0,-0.126141,1.100882,-0.202225,0.397272,0.325408,-0.111834,0.851657,0.019878,reactive_fallback,detected,0.910061,-0.004851,-0.135419,8.472870,318.448,223.601,-0.001545,-0.125582,-0.009712,0.680235,1680,1499,1544,1497,1800
2840,2.840000,0,-1,0,-0.123356,1.107537,-0.202582,0.394414,0.327708,-0.112200,0.852164,0.019882,reactive_fallback,detected,0.910061,-0.004851,-0.135419,8.472870,318.448,223.601,-0.001545,-0.121801,-0.009712,0.680235,1680,1499,1543,1497,1800
2860,2.860000,0,-1,0,-0.121548,1.159068,-0.204463,0.390504,0.351263,-0.115878,0.857103,0.020160,reactive_fallback,detected,0.910061,-0.004851,-0.135419,8.472870,318.448,223.601,-0.001545,-0.119346,-0.009712,0.680235,1680,1499,1542,1497,1800
2871,2.871000,1,-1,0,-0.139325,1.183463,-0.207727,0.409493,0.364663,-0.117930,0.859768,0.020536,reactive_fallback,detected,0.915884,-0.003125,-0.133575,8.470588,319.000,223.000,-0.001002,-0.142155,-0.006297,0.681618,1682,1500,1550,1498,1800
2880,2.880000,0,-1,0,-0.142445,1.210234,-0.210991,0.408618,0.375892,-0.119626,0.861870,0.020674,reactive_fallback,detected,0.915884,-0.003125,-0.133575,8.470588,319.000,223.000,-0.001002,-0.146426,-0.006297,0.681618,1682,1500,1551,1498,1800
2900,2.900000,0,-1,0,-0.126381,1.274278,-0.213216,0.386415,0.401709,-0.123424,0.866415,0.020702,reactive_fallback,detected,0.915884,-0.003125,-0.133575,8.470588,319.000,223.000,-0.001002,-0.124434,-0.006297,0.681618,1682,1500,1544,1498,1800
2904,2.904000,1,-1,0,-0.129114,1.283920,-0.213580,0.388998,0.407002,-0.124191,0.867287,0.020774,reactive_fallback,detected,0.925216,-0.001563,-0.105853,8.554457,319.500,214.000,-0.000506,-0.091300,-0.003181,0.702410,1702,1500,1532,1499,1800
2920,2.920000,0,-1,0,-0.151997,1.322399,-0.219111,0.417673,0.428630,-0.127297,0.870721,0.021260,reactive_fallback,detected,0.925216,-0.001563,-0.105853,8.554457,319.500,214.000,-0.000506,-0.123002,-0.003181,0.702410,1702,1500,1543,1499,1800
2937,2.937000,1,-1,0,-0.143873,1.380261,-0.224343,0.411122,0.452487,-0.130651,0.874232,0.021246,reactive_fallback,detected,0.917637,-0.005230,-0.092767,8.479362,318.326,209.771,-0.001680,-0.092472,-0.010559,0.712224,1712,1499,1532,1496,1800
2940,2.940000,0,-1,0,-0.141166,1.390443,-0.224571,0.407215,0.456793,-0.131247,0.874849,0.021224,reactive_fallback,detected,0.917637,-0.005230,-0.092767,8.479362,318.326,209.771,-0.001680,-0.088768,-0.010559,0.712224,1712,1499,1531,1496,1800
2960,2.960000,0,-1,0,-0.157633,1.444139,-0.227597,0.434917,0.486173,-0.135260,0.878862,0.021532,reactive_fallback,detected,0.917637,-0.005230,-0.092767,8.479362,318.326,209.771,-0.001680,-0.111303,-0.010559,0.712224,1712,1499,1539,1496,1800
2970,2.970000,1,-1,0,-0.167521,1.474390,-0.232205,0.445208,0.501342,-0.137305,0.880802,0.021699,reactive_fallback,detected,0.922603,-0.005275,-0.094953,8.480847,318.312,210.477,-0.001703,-0.128510,-0.010706,0.710585,1711,1499,1545,1496,1800
2980,2.980000,0,-1,0,-0.161024,1.512132,-0.235780,0.442952,0.516861,-0.139369,0.882705,0.021612,reactive_fallback,detected,0.922603,-0.005275,-0.094953,8.480847,318.312,210.477,-0.001703,-0.119572,-0.010706,0.710585,1711,1499,1542,1496,1800
3000,3.000000,0,-1,0,-0.159540,1.577509,-0.238299,0.446880,0.548901,-0.143542,0.886455,0.021620,reactive_fallback,detected,0.922603,-0.005275,-0.094953,8.480847,318.312,210.477,-0.001703,-0.117530,-0.010706,0.710585,1711,1499,1541,1496,1800
3003,3.003000,1,-1,0,-0.164209,1.585583,-0.239055,0.457097,0.553820,-0.144175,0.887017,0.021701,reactive_fallback,detected,0.925992,-0.004590,-0.093257,8.472349,318.531,209.929,-0.001488,-0.122161,-0.009351,0.711857,1712,1499,1543,1497,1800
3020,3.020000,0,-1,0,-0.176997,1.642142,-0.245754,0.478666,0.582306,-0.147802,0.890117,0.021905,reactive_fallback,detected,0.925992,-0.004590,-0.093257,8.472349,318.531,209.929,-0.001488,-0.139833,-0.009351,0.711857,1712,1499,1549,1497,1800
3036,3.036000,1,-1,0,-0.161842,1.706190,-0.249177,0.458452,0.610093,-0.151262,0.892980,0.021659,reactive_fallback,detected,0.930842,-0.004531,-0.074127,8.475083,318.550,203.764,-0.001476,-0.092943,-0.009278,0.726204,1726,1499,1533,1497,1800
3040,3.040000,0,-1,0,-0.162393,1.719107,-0.249547,0.458723,0.617174,-0.152133,0.893668,0.021652,reactive_fallback,detected,0.930842,-0.004531,-0.074127,8.475083,318.550,203.764,-0.001476,-0.093709,-0.009278,0.726204,1726,1499,1533,1497,1800
3060,3.060000,0,-1,0,-0.187934,1.778951,-0.254527,0.510591,0.653425,-0.156539,0.897087,0.021995,reactive_fallback,detected,0.930842,-0.004531,-0.074127,8.475083,318.550,203.764,-0.001476,-0.129192,-0.009278,0.726204,1726,1499,1545,1497,1800
3069,3.069000,1,-1,0,-0.185288,1.815003,-0.258056,0.512362,0.670228,-0.158550,0.898561,0.021900,reactive_fallback,detected,0.934079,-0.006250,-0.056191,8.470588,318.000,198.000,-0.002043,-0.100755,-0.012843,0.739656,1740,1499,1535,1496,1800
3080,3.080000,0,-1,0,-0.173370,1.861752,-0.260768,0.494897,0.691193,-0.161028,0.900381,0.021665,reactive_fallback,detected,0.934079,-0.006250,-0.056191,8.470588,318.000,198.000,-0.002043,-0.084172,-0.012843,0.739656,1740,1499,1529,1496,1800
3100,3.100000,0,-1,0,-0.189745,1.925233,-0.264001,0.540515,0.730419,-0.165586,0.903618,0.021862,reactive_fallback,detected,0.934079,-0.006250,-0.056191,8.470588,318.000,198.000,-0.002043,-0.106957,-0.012843,0.739656,1740,1499,1537,1496,1800
3102,3.102000,1,-1,0,-0.192355,1.931766,-0.264657,0.545361,0.734425,-0.166047,0.903942,0.021904,reactive_fallback,detected,0.938489,-0.007958,-0.056959,8.459154,317.453,198.247,-0.002614,-0.111968,-0.016431,0.739080,1739,1499,1539,1494,1800
3120,3.120000,0,-1,0,-0.186294,2.006605,-0.271787,0.542894,0.771195,-0.170235,0.906758,0.021801,reactive_fallback,detected,0.938489,-0.007958,-0.056959,8.459154,317.453,198.247,-0.002614,-0.103512,-0.016431,0.739080,1739,1499,1536,1494,1800
3135,3.135000,1,-1,0,-0.173750,2.065915,-0.274383,0.514949,0.802779,-0.173763,0.909039,0.021648,reactive_fallback,detected,0.930742,-0.008046,-0.071259,8.314358,317.425,202.842,-0.002621,-0.105078,-0.016475,0.728355,1728,1499,1537,1494,1800
3140,3.140000,0,-1,0,-0.178378,2.080117,-0.274844,0.529895,0.813474,-0.174947,0.909771,0.021741,reactive_fallback,detected,0.930742,-0.008046,-0.071259,8.314358,317.425,202.842,-0.002621,-0.111481,-0.016475,0.728355,1728,1499,1539,1494,1800
3160,3.160000,0,-1,0,-0.200400,2.142575,-0.281073,0.581117,0.857167,-0.179741,0.912663,0.022275,reactive_fallback,detected,0.930742,-0.008046,-0.071259,8.314358,317.425,202.842,-0.002621,-0.141952,-0.016475,0.728355,1728,1499,1550,1494,1800
3168,3.168000,1,-1,0,-0.192782,2.177226,-0.284259,0.572873,0.875072,-0.181682,0.913782,0.022222,reactive_fallback,detected,0.936589,-0.008554,-0.049025,8.320446,317.263,195.701,-0.002804,-0.101222,-0.017626,0.745030,1745,1499,1535,1494,1800
3180,3.180000,0,-1,0,-0.182212,2.224644,-0.286836,0.548873,0.902364,-0.184613,0.915420,0.022184,reactive_fallback,detected,0.936589,-0.008554,-0.049025,8.320446,317.263,195.701,-0.002804,-0.086513,-0.017626,0.745030,1745,1499,1530,1494,1800
3200,3.200000,0,-1,0,-0.206008,2.281050,-0.291286,0.616411,0.948948,-0.189564,0.918094,0.022885,reactive_fallback,detected,0.936589,-0.008554,-0.049025,8.320446,317.263,195.701,-0.002804,-0.119627,-0.017626,0.745030,1745,1499,1542,1494,1800
3201,3.201000,1,-1,0,-0.206913,2.284306,-0.291691,0.618271,0.951316,-0.189814,0.918224,0.022913,reactive_fallback,detected,0.936589,-0.008554,-0.049025,8.320446,317.263,195.701,-0.002804,-0.120885,-0.017626,0.745030,1745,1499,1542,1494,1800
3220,3.220000,0,-1,0,-0.194496,2.363414,-0.299687,0.604566,0.997040,-0.194613,0.920695,0.022843,reactive_fallback,detected,0.936589,-0.008554,-0.049025,8.320446,317.263,195.701,-0.002804,-0.103607,-0.017626,0.745030,1745,1499,1536,1494,1800
3234,3.234000,1,-1,0,-0.195301,2.410388,-0.303137,0.613789,1.031571,-0.198194,0.922479,0.022973,reactive_fallback,detected,0.938240,-0.011292,-0.035011,8.288972,316.386,191.208,-0.003708,-0.085115,-0.023308,0.755541,1756,1499,1530,1492,1800
3240,3.240000,0,-1,0,-0.204612,2.426441,-0.304589,0.643764,1.046586,-0.199740,0.923267,0.023195,reactive_fallback,detected,0.938240,-0.011292,-0.035011,8.288972,316.386,191.208,-0.003708,-0.098053,-0.023308,0.755541,1756,1499,1534,1492,1800
3260,3.260000,0,-1,0,-0.210982,2.500587,-0.311019,0.673270,1.097647,-0.204946,0.925800,0.023484,reactive_fallback,detected,0.938240,-0.011292,-0.035011,8.288972,316.386,191.208,-0.003708,-0.106907,-0.023308,0.755541,1756,1499,1537,1492,1800
3267,3.267000,1,-1,0,-0.203135,2.532761,-0.313193,0.657837,1.115902,-0.206785,0.926705,0.023410,reactive_fallback,detected,0.943766,-0.009860,-0.042144,8.231145,316.845,193.494,-0.003257,-0.106709,-0.020472,0.750191,1750,1499,1537,1493,1800
3280,3.280000,0,-1,0,-0.204863,2.578056,-0.316181,0.671295,1.150277,-0.210222,0.928331,0.023591,reactive_fallback,detected,0.943766,-0.009860,-0.042144,8.231145,316.845,193.494,-0.003257,-0.109129,-0.020472,0.750191,1750,1499,1538,1493,1800
3300,3.300000,1,-1,0,-0.221463,2.645703,-0.322347,0.726444,1.204444,-0.215570,0.930834,0.024214,reactive_fallback,detected,0.950446,-0.009601,-0.040888,8.221975,316.928,193.091,-0.003194,-0.131575,-0.020075,0.751134,1751,1499,1546,1493,1800
3320,3.320000,0,-1,0,-0.207843,2.731495,-0.328561,0.704398,1.260222,-0.220986,0.933287,0.024373,reactive_fallback,detected,0.950446,-0.009601,-0.040888,8.221975,316.928,193.091,-0.003194,-0.112365,-0.020075,0.751134,1751,1499,1539,1493,1800
3333,3.333000,1,-1,0,-0.222193,2.770679,-0.332023,0.759895,1.297297,-0.224540,0.934893,0.024947,reactive_fallback,detected,0.957485,-0.010103,-0.025011,8.209753,316.767,188.005,-0.003386,-0.110964,-0.021283,0.763041,1763,1499,1539,1493,1800
3340,3.340000,0,-1,0,-0.227687,2.795106,-0.334427,0.775917,1.317544,-0.226465,0.935741,0.025226,reactive_fallback,detected,0.957485,-0.010103,-0.025011,8.209753,316.767,188.005,-0.003386,-0.118766,-0.021283,0.763041,1763,1499,1542,1493,1800
3360,3.360000,0,-1,0,-0.214630,2.885043,-0.341608,0.756009,1.376521,-0.232006,0.938165,0.025522,reactive_fallback,detected,0.957485,-0.010103,-0.025011,8.209753,316.767,188.005,-0.003386,-0.100225,-0.021283,0.763041,1763,1499,1535,1493,1800
3366,3.366000,1,-1,0,-0.215919,2.905942,-0.343123,0.763599,1.394518,-0.233678,0.938868,0.025703,reactive_fallback,detected,0.953476,-0.010797,-0.010827,8.088878,316.545,183.465,-0.003603,-0.081506,-0.022649,0.773679,1774,1499,1529,1492,1800
3380,3.380000,0,-1,0,-0.232408,2.948034,-0.346389,0.823742,1.437067,-0.237597,0.940537,0.026364,reactive_fallback,detected,0.953476,-0.010797,-0.010827,8.088878,316.545,183.465,-0.003603,-0.104806,-0.022649,0.773679,1774,1499,1537,1492,1800
3399,3.399000,1,-1,0,-0.223926,3.031384,-0.352820,0.816742,1.496095,-0.242956,0.942721,0.026699,reactive_fallback,detected,0.962803,-0.010439,-0.007365,8.064680,316.659,182.357,-0.003518,-0.088824,-0.022111,0.776276,1776,1499,1531,1492,1800
3400,3.400000,0,-1,0,-0.222873,3.036103,-0.353206,0.813609,1.499243,-0.243240,0.942837,0.026707,reactive_fallback,detected,0.962803,-0.010439,-0.007365,8.064680,316.659,182.357,-0.003518,-0.087320,-0.022111,0.776276,1776,1499,1531,1492,1800
3420,3.420000,0,-1,0,-0.230857,3.102058,-0.358969,0.852310,1.562966,-0.248922,0.945082,0.027375,reactive_fallback,detected,0.962803,-0.010439,-0.007365,8.064680,316.659,182.357,-0.003518,-0.098717,-0.022111,0.776276,1776,1499,1535,1492,1800
3432,3.432000,1,-1,0,-0.239121,3.141742,-0.360433,0.881894,1.601936,-0.252343,0.946389,0.027833,learned,detected,0.969162,-0.009405,-0.012689,7.982438,316.990,184.061,0.067772,0.019439,-0.036292,0.688497,1688,1524,1493,1487,1800
3440,3.440000,0,-1,0,-0.232814,3.178172,-0.361778,0.874346,1.628235,-0.254630,0.947260,0.027923,learned,detected,0.969162,-0.009405,-0.012689,7.982438,316.990,184.061,0.021103,-0.008202,-0.187512,0.622520,1623,1507,1503,1434,1800
3460,3.460000,0,-1,0,-0.230981,3.247167,-0.368591,0.866815,1.694991,-0.260381,0.949303,0.028501,learned,detected,0.969162,-0.009405,-0.012689,7.982438,316.990,184.061,0.025684,-0.000415,-0.186379,0.619129,1619,1509,1500,1435,1800
3465,3.465000,1,-1,0,-0.238183,3.256382,-0.369972,0.889845,1.711873,-0.261823,0.949760,0.028845,learned,detected,0.969757,-0.010147,-0.010649,7.899851,316.753,183.408,0.027329,-0.002218,-0.185334,0.618241,1618,1510,1501,1435,1800
3480,3.480000,0,-1,0,-0.244125,3.296615,-0.373001,0.912997,1.762973,-0.266156,0.951026,0.029811,learned,detected,0.969757,-0.010147,-0.010649,7.899851,316.753,183.408,0.027233,-0.006995,-0.190477,0.617934,1618,1510,1502,1433,1800
3498,3.498000,1,-1,0,-0.229528,3.355866,-0.381422,0.871346,1.825141,-0.271372,0.952455,0.031144,learned,detected,0.969238,-0.010466,0.002671,7.764392,316.651,179.145,0.026041,-0.004712,-0.189283,0.615770,1616,1509,1502,1434,1800
3500,3.500000,0,-1,0,-0.230596,3.359587,-0.382620,0.876069,1.832098,-0.271953,0.952610,0.031396,learned,detected,0.969238,-0.010466,0.002671,7.764392,316.651,179.145,0.028777,-0.005415,-0.189181,0.616052,1616,1510,1502,1434,1800
3520,3.520000,0,-1,0,-0.252052,3.391014,-0.392711,0.959136,1.902245,-0.277767,0.954144,0.034652,learned,detected,0.969238,-0.010466,0.002671,7.764392,316.651,179.145,0.034179,-0.011410,-0.192668,0.614489,1614,1512,1504,1433,1800
3531,3.531000,1,-1,0,-0.241920,3.429148,-0.399478,0.933403,1.941295,-0.280971,0.954973,0.036375,learned,detected,0.969238,-0.010466,0.002671,7.764392,316.651,179.145,0.030796,-0.012075,-0.199122,0.614959,1615,1511,1504,1430,1800
3540,3.540000,0,-1,0,-0.232711,3.457919,-0.407373,0.904636,1.973476,-0.283600,0.955641,0.037933,learned,detected,0.969238,-0.010466,0.002671,7.764392,316.651,179.145,0.028903,-0.010209,-0.201063,0.615566,1616,1510,1504,1430,1800
3560,3.560000,0,-1,0,-0.252197,3.484336,-0.426757,0.982062,2.045663,-0.289460,0.957117,0.042893,learned,detected,0.969238,-0.010466,0.002671,7.764392,316.651,179.145,0.032815,-0.015643,-0.201142,0.615192,1615,1511,1505,1430,1800
3564,3.564000,1,-1,0,-0.254822,3.491415,-0.430040,0.992463,2.060218,-0.290634,0.957401,0.043936,learned,detected,0.968015,-0.002652,0.018053,7.547948,319.151,174.223,0.030666,-0.017315,-0.203499,0.612815,1613,1511,1506,1429,1800
3580,3.580000,0,-1,0,-0.236346,3.545605,-0.444173,0.939518,2.118847,-0.295333,0.958537,0.047666,learned,detected,0.968015,-0.002652,0.018053,7.547948,319.151,174.223,0.034113,-0.014753,-0.209636,0.613618,1614,1512,1505,1427,1800
3597,3.597000,1,-1,0,-0.228150,3.581832,-0.465671,0.916638,2.181735,-0.300349,0.959721,0.052256,learned,detected,0.963386,0.003688,-0.003846,7.377643,321.180,181.231,0.028129,-0.012232,-0.223405,0.618280,1618,1510,1504,1422,1800
3600,3.600000,0,-1,0,-0.232050,3.583446,-0.469558,0.932459,2.192889,-0.301237,0.959934,0.053257,learned,detected,0.963386,0.003688,-0.003846,7.377643,321.180,181.231,0.027219,-0.011727,-0.218537,0.617757,1618,1510,1504,1424,1800
3620,3.620000,0,-1,0,-0.242493,3.612088,-0.491447,0.980982,2.267726,-0.307165,0.961321,0.059768,learned,detected,0.963386,0.003688,-0.003846,7.377643,321.180,181.231,0.025422,-0.020865,-0.223197,0.619205,1619,1509,1507,1422,1800
3630,3.630000,1,-1,0,-0.227735,3.644208,-0.504929,0.932762,2.305470,-0.310141,0.962027,0.062604,learned,detected,0.963611,0.010706,0.009414,7.261849,323.426,176.987,0.018874,-0.019266,-0.229839,0.618984,1619,1507,1507,1420,1800
3640,3.640000,0,-1,0,-0.222521,3.663352,-0.520702,0.916928,2.343392,-0.313131,0.962719,0.065845,learned,detected,0.963611,0.010706,0.009414,7.261849,323.426,176.987,0.025293,-0.015292,-0.228147,0.619278,1619,1509,1505,1420,1800
3660,3.660000,0,-1,0,-0.242174,3.677525,-0.550138,0.997631,2.419776,-0.319137,0.964129,0.073699,learned,detected,0.963611,0.010706,0.009414,7.261849,323.426,176.987,0.028261,-0.021631,-0.232970,0.619099,1619,1510,1508,1418,1800
3663,3.663000,1,-1,0,-0.241315,3.683624,-0.554133,0.997031,2.431301,-0.320040,0.964335,0.074800,learned,detected,0.963611,0.010706,0.009414,7.261849,323.426,176.987,0.027456,-0.022235,-0.235266,0.619209,1619,1510,1508,1418,1800
3680,3.680000,0,-1,0,-0.219106,3.731025,-0.581028,0.922485,2.496944,-0.325178,0.965527,0.080547,learned,detected,0.963611,0.010706,0.009414,7.261849,323.426,176.987,0.019497,-0.019403,-0.246989,0.621686,1622,1507,1507,1414,1800
3696,3.696000,1,-1,0,-0.229379,3.739969,-0.610820,0.967065,2.559131,-0.330049,0.966630,0.087328,learned,detected,0.961856,0.021922,0.019299,7.118470,327.016,173.823,0.019086,-0.021174,-0.248758,0.621580,1622,1507,1507,1413,1800
3700,3.700000,0,-1,0,-0.236140,3.739172,-0.617374,0.992769,2.574742,-0.331270,0.966907,0.089199,learned,detected,0.961856,0.021922,0.019299,7.118470,327.016,173.823,0.025369,-0.021569,-0.246989,0.620786,1621,1509,1508,1414,1800
3720,3.720000,0,-1,0,-0.235152,3.771277,-0.648409,1.002146,2.653236,-0.337389,0.968259,0.097482,learned,detected,0.961856,0.021922,0.019299,7.118470,327.016,173.823,0.024275,-0.025227,-0.258742,0.621206,1621,1508,1509,1409,1800
3729,3.729000,1,-1,0,-0.223935,3.793605,-0.665644,0.961607,2.688798,-0.340157,0.968872,0.100874,learned,detected,0.958577,0.031491,0.004104,6.980999,330.080,178.687,0.015400,-0.023434,-0.275201,0.625601,1626,1505,1508,1404,1800
3740,3.740000,0,-1,0,-0.228766,3.800551,-0.687759,0.985256,2.732421,-0.343556,0.969616,0.105939,learned,detected,0.958577,0.031491,0.004104,6.980999,330.080,178.687,0.018878,-0.023794,-0.263381,0.625582,1626,1507,1508,1408,1800
3760,3.760000,0,-1,0,-0.253744,3.804601,-0.723172,1.090566,2.812263,-0.349767,0.970967,0.116048,learned,detected,0.958577,0.031491,0.004104,6.980999,330.080,178.687,0.025534,-0.032001,-0.266581,0.622561,1623,1509,1511,1407,1800
3762,3.762000,1,-1,0,-0.252683,3.809013,-0.726859,1.088583,2.820291,-0.350391,0.971101,0.116921,learned,detected,0.951419,0.041818,0.003436,6.795668,333.389,178.901,0.020711,-0.032834,-0.275114,0.623357,1623,1507,1511,1404,1800
3780,3.780000,0,-1,0,-0.233016,3.854694,-0.766180,1.021311,2.892894,-0.356026,0.972318,0.124404,learned,detected,0.951419,0.041818,0.003436,6.795668,333.389,178.901,0.017763,-0.029030,-0.281385,0.626538,1627,1506,1510,1402,1800
3795,3.795000,1,-1,0,-0.249746,3.855559,-0.798751,1.095163,2.953812,-0.360755,0.973339,0.132554,learned,detected,0.951639,0.051066,0.034441,6.685126,336.355,168.975,0.022563,-0.032845,-0.272883,0.621389,1621,1508,1511,1404,1800
3800,3.800000,0,-1,0,-0.257612,3.854769,-0.808442,1.128291,2.974213,-0.362336,0.973680,0.135418,learned,detected,0.951639,0.051066,0.034441,6.685126,336.355,168.975,0.029821,-0.032719,-0.280343,0.621810,1622,1510,1511,1402,1800
3820,3.820000,0,-1,0,-0.248809,3.897659,-0.851545,1.109986,3.056363,-0.368681,0.975038,0.145076,learned,detected,0.951639,0.051066,0.034441,6.685126,336.355,168.975,0.027656,-0.033460,-0.294939,0.622194,1622,1510,1512,1397,1800
3828,3.828000,1,-1,0,-0.240221,3.916920,-0.871884,1.077922,3.089454,-0.371234,0.975578,0.148772,learned,detected,0.950962,0.068389,0.050386,6.519794,341.919,163.863,0.019179,-0.032938,-0.301843,0.623374,1623,1507,1512,1394,1800
3840,3.840000,0,-1,0,-0.248551,3.921105,-0.902479,1.117362,3.139291,-0.375078,0.976387,0.155718,learned,detected,0.950962,0.068389,0.050386,6.519794,341.919,163.863,0.032847,-0.030986,-0.294889,0.622818,1623,1511,1511,1397,1800
3860,3.860000,0,-1,0,-0.259827,3.936267,-0.948372,1.173973,3.222959,-0.381507,0.977706,0.167433,learned,detected,0.950962,0.068389,0.050386,6.519794,341.919,163.863,0.034171,-0.035580,-0.304646,0.620891,1621,1512,1512,1393,1800
3861,3.861000,1,-1,0,-0.258476,3.939203,-0.950804,1.169731,3.227164,-0.381829,0.977772,0.167916,learned,detected,0.944770,0.087139,0.039860,6.369432,347.955,167.238,0.027737,-0.036173,-0.316931,0.624635,1625,1510,1513,1389,1800
3880,3.880000,0,-1,0,-0.235567,3.982837,-1.000958,1.085777,3.307384,-0.387968,0.979009,0.177298,learned,detected,0.944770,0.087139,0.039860,6.369432,347.955,167.238,0.024787,-0.031839,-0.315674,0.626393,1626,1509,1511,1390,1800
3894,3.894000,1,-1,0,-0.253126,3.974328,-1.037917,1.162911,3.366828,-0.392521,0.979922,0.186701,learned,detected,0.940948,0.101779,0.034765,6.189659,352.682,168.871,0.027663,-0.034387,-0.319725,0.626463,1626,1510,1512,1388,1800
3900,3.900000,0,-1,0,-0.260081,3.972164,-1.052306,1.193764,3.392400,-0.394476,0.980300,0.190746,learned,detected,0.940948,0.101779,0.034765,6.189659,352.682,168.871,0.034484,-0.034991,-0.313667,0.622574,1623,1512,1512,1390,1800
3920,3.920000,0,-1,0,-0.241837,4.012048,-1.105048,1.135973,3.478104,-0.401012,0.981569,0.201808,learned,detected,0.940948,0.101779,0.034765,6.189659,352.682,168.871,0.027148,-0.035174,-0.327421,0.624975,1625,1510,1512,1385,1800
3927,3.927000,1,-1,0,-0.236098,4.021268,-1.126179,1.114356,3.508243,-0.403313,0.982002,0.205830,learned,detected,0.936326,0.121960,0.066935,6.016930,359.222,158.549,0.019125,-0.035875,-0.329247,0.624346,1624,1507,1513,1385,1800
3940,3.940000,0,-1,0,-0.248947,4.012221,-1.165628,1.173729,3.564380,-0.407610,0.982826,0.215306,learned,detected,0.936326,0.121960,0.066935,6.016930,359.222,158.549,0.035515,-0.032629,-0.328571,0.624711,1625,1512,1511,1385,1800
3960,3.960000,1,-1,0,-0.253718,4.020681,-1.222676,1.208525,3.651247,-0.414251,0.984065,0.229130,learned,detected,0.933911,0.137460,0.064192,5.840387,364.266,159.430,0.031409,-0.035624,-0.345767,0.624925,1625,1511,1512,1379,1800
3980,3.980000,0,-1,0,-0.237913,4.044451,-1.288573,1.151798,3.738722,-0.420941,0.985306,0.241847,learned,detected,0.933911,0.137460,0.064192,5.840387,364.266,159.430,0.030586,-0.032072,-0.347180,0.625733,1626,1511,1511,1378,1800
3993,3.993000,1,-1,0,-0.254247,4.028581,-1.330358,1.223189,3.795846,-0.425321,0.986115,0.252619,learned,detected,0.926129,0.153427,0.045026,5.662971,369.485,165.582,0.033610,-0.032885,-0.355716,0.627178,1627,1512,1512,1375,1800
4000,4.000000,0,-1,0,-0.256861,4.027721,-1.351111,1.239967,3.826700,-0.427683,0.986533,0.257988,learned,detected,0.926129,0.153427,0.045026,5.662971,369.485,165.582,0.039897,-0.033657,-0.344785,0.620452,1620,1514,1512,1379,1800
4020,4.020000,0,-1,0,-0.235782,4.055626,-1.418141,1.167448,3.915252,-0.434462,0.987755,0.271184,learned,detected,0.926129,0.153427,0.045026,5.662971,369.485,165.582,0.031492,-0.032369,-0.357070,0.623244,1623,1511,1511,1375,1800
4026,4.026000,1,-1,0,-0.237507,4.051916,-1.439930,1.177581,3.941906,-0.436510,0.988115,0.275988,learned,detected,0.922189,0.177624,0.065512,5.475054,377.445,159.006,0.026867,-0.033808,-0.358669,0.623802,1624,1509,1512,1374,1800
4040,4.040000,0,-1,0,-0.255638,4.029569,-1.488772,1.258134,4.004267,-0.441307,0.988969,0.288664,learned,detected,0.922189,0.177624,0.065512,5.475054,377.445,159.006,0.041826,-0.031693,-0.357716,0.619734,1620,1515,1511,1375,1800
4059,4.059000,1,-1,0,-0.243277,4.044895,-1.552116,1.225516,4.089326,-0.447836,0.990091,0.302626,learned,detected,0.916890,0.199591,0.083672,5.239875,384.731,153.162,0.031227,-0.033344,-0.372302,0.620477,1620,1511,1512,1370,1800
4060,4.060000,0,-1,0,-0.241880,4.046274,-1.555716,1.220059,4.093816,-0.448181,0.990149,0.303291,learned,detected,0.916890,0.199591,0.083672,5.239875,384.731,153.162,0.031887,-0.033901,-0.375669,0.618957,1619,1511,1512,1369,1800
4080,4.080000,0,-1,0,-0.244567,4.031620,-1.631752,1.239128,4.183800,-0.455118,0.991305,0.320090,learned,detected,0.916890,0.199591,0.083672,5.239875,384.731,153.162,0.039510,-0.028881,-0.375312,0.620276,1620,1514,1510,1369,1800
4092,4.092000,1,-1,0,-0.252590,4.016222,-1.674032,1.278067,4.237983,-0.459304,0.991979,0.331096,learned,detected,0.906772,0.223844,0.086743,5.023956,392.851,152.172,0.037251,-0.029910,-0.383489,0.620396,1620,1513,1510,1366,1800
4100,4.100000,0,-1,0,-0.244966,4.022007,-1.701829,1.259329,4.274198,-0.462100,0.992435,0.337185,learned,detected,0.906772,0.223844,0.086743,5.023956,392.851,152.172,0.040503,-0.028117,-0.385081,0.617604,1618,1514,1510,1365,1800
4120,4.120000,0,-1,0,-0.232301,4.018625,-1.780932,1.216043,4.364998,-0.469145,0.993555,0.353425,learned,detected,0.906772,0.223844,0.086743,5.023956,392.851,152.172,0.037600,-0.025743,-0.391174,0.619023,1619,1513,1509,1363,1800
4125,4.125000,1,-1,0,-0.238836,4.005610,-1.802090,1.244236,4.387744,-0.470920,0.993840,0.358705,learned,detected,0.895451,0.249584,0.076707,4.812735,401.568,155.405,0.036455,-0.025303,-0.397421,0.622522,1623,1513,1509,1361,1800
4140,4.140000,0,-1,0,-0.252053,3.975491,-1.858958,1.302211,4.456109,-0.476258,0.994644,0.373856,learned,detected,0.895451,0.249584,0.076707,4.812735,401.568,155.405,0.048857,-0.024860,-0.387284,0.610764,1611,1517,1509,1364,1800
4158,4.158000,1,-1,0,-0.229525,3.983574,-1.924749,1.231663,4.538413,-0.482677,0.995595,0.387801,learned,detected,0.889431,0.274610,0.088192,4.607128,410.153,151.705,0.036656,-0.024756,-0.401881,0.615487,1615,1513,1509,1359,1800
4160,4.160000,0,-1,0,-0.227916,3.982394,-1.932781,1.225820,4.547570,-0.483393,0.995697,0.389473,learned,detected,0.889431,0.274610,0.088192,4.607128,410.153,151.705,0.037804,-0.024031,-0.405346,0.613126,1613,1513,1508,1358,1800
4180,4.180000,0,-1,0,-0.245729,3.930065,-2.017586,1.304529,4.639268,-0.490611,0.996751,0.410898,reactive_fallback,detected,0.889431,0.274610,0.088192,4.607128,410.153,151.705,0.085486,0.000000,0.537343,0.847943,1848,1530,1500,1688,1800
4191,4.191000,1,-1,0,-0.249164,3.912626,-2.059041,1.331813,4.689839,-0.494594,0.997327,0.421820,reactive_fallback,detected,0.889431,0.274610,0.088192,4.607128,410.153,151.705,0.085486,0.000000,0.537343,0.847943,1848,1530,1500,1688,1800
4200,4.200000,0,-1,0,-0.237435,3.921374,-2.092499,1.308871,4.731344,-0.497859,0.997881,0.428456,reactive_fallback,detected,0.889431,0.274610,0.088192,4.607128,410.153,151.705,0.085486,0.000000,0.537343,0.847943,1848,1530,1500,1688,1800
4220,4.220000,0,-1,0,-0.227032,3.920567,-2.165041,1.286962,4.824000,-0.505194,0.999161,0.442438,reactive_fallback,detected,0.889431,0.274610,0.088192,4.607128,410.153,151.705,0.085486,0.000000,0.537343,0.847943,1848,1530,1500,1688,1800
4224,4.224000,1,-1,0,-0.230833,3.914462,-2.177912,1.305343,4.842593,-0.506679,0.999425,0.445439,reactive_fallback,detected,0.882067,0.304860,0.122991,4.366501,420.694,140.443,0.094117,0.000000,0.591595,0.874043,1874,1533,1500,1707,1800
4240,4.240000,0,-1,0,-0.238266,3.907270,-2.216296,1.343288,4.917195,-0.512660,1.000438,0.453651,reactive_fallback,detected,0.882067,0.304860,0.122991,4.366501,420.694,140.443,0.094117,0.000000,0.591595,0.874043,1874,1533,1500,1707,1800
4257,4.257000,1,-1,0,-0.223489,3.939809,-2.236252,1.299765,4.996873,-0.519088,1.001531,0.453903,reactive_fallback,detected,0.869446,0.326448,0.113029,4.155313,428.340,143.676,0.099340,0.000000,0.624425,0.866571,1867,1535,1500,1719,1800
4260,4.260000,0,-1,0,-0.222372,3.943810,-2.237383,1.296057,5.010970,-0.520234,1.001715,0.453583,reactive_fallback,detected,0.869446,0.326448,0.113029,4.155313,428.340,143.676,0.099340,0.000000,0.624425,0.866571,1867,1535,1500,1719,1800
4280,4.280000,0,-1,0,-0.234773,3.957472,-2.229605,1.355066,5.105213,-0.527981,1.002965,0.449785,reactive_fallback,detected,0.869446,0.326448,0.113029,4.155313,428.340,143.676,0.099340,0.000000,0.624425,0.866571,1867,1535,1500,1719,1800
4290,4.290000,1,-1,0,-0.234789,3.980017,-2.214372,1.357504,5.152512,-0.531916,1.003563,0.443857,reactive_fallback,detected,0.862324,0.325853,0.108245,3.988652,428.127,145.226,0.098347,0.000000,0.618180,0.862983,1863,1534,1500,1716,1800
4300,4.300000,0,-1,0,-0.226739,4.018531,-2.191931,1.326978,5.199945,-0.535895,1.004197,0.434744,reactive_fallback,detected,0.862324,0.325853,0.108245,3.988652,428.127,145.226,0.098347,0.000000,0.618180,0.862983,1863,1534,1500,1716,1800
4320,4.320000,0,-1,0,-0.230449,4.075124,-2.124565,1.350532,5.295130,-0.544018,1.005464,0.414327,reactive_fallback,detected,0.862324,0.325853,0.108245,3.988652,428.127,145.226,0.098347,0.000000,0.618180,0.862983,1863,1534,1500,1716,1800
4323,4.323000,1,-1,0,-0.233536,4.082561,-2.113320,1.362380,5.309454,-0.545260,1.005670,0.411089,reactive_fallback,detected,0.864078,0.299173,0.114577,3.883792,418.698,143.174,0.090478,0.000000,0.568719,0.867732,1868,1532,1500,1699,1800
4340,4.340000,0,-1,0,-0.238872,4.146066,-2.038998,1.381862,5.390880,-0.552393,1.006812,0.388566,reactive_fallback,detected,0.864078,0.299173,0.114577,3.883792,418.698,143.174,0.090478,0.000000,0.568719,0.867732,1868,1532,1500,1699,1800
4356,4.356000,1,-1,0,-0.229621,4.230458,-1.956359,1.339904,5.467975,-0.559278,1.007967,0.362612,learned,detected,0.871251,0.251360,0.130918,3.814331,402.173,137.865,0.056220,-0.030757,-0.389100,0.599819,1600,1520,1511,1364,1800
4360,4.360000,0,-1,0,-0.230618,4.246022,-1.933927,1.342459,5.487306,-0.561030,1.008245,0.356340,learned,detected,0.871251,0.251360,0.130918,3.814331,402.173,137.865,0.052184,-0.033610,-0.393715,0.611521,1612,1518,1512,1362,1800
4380,4.380000,0,-1,0,-0.249602,4.298376,-1.822120,1.400238,5.584207,-0.569955,1.009500,0.327162,learned,detected,0.871251,0.251360,0.130918,3.814331,402.173,137.865,0.057392,-0.036108,-0.384383,0.612038,1612,1520,1513,1365,1800
4389,4.389000,1,-1,0,-0.246230,4.332180,-1.773380,1.376776,5.627908,-0.574043,1.009990,0.313465,learned,detected,0.882464,0.186969,0.119759,3.777971,380.537,141.493,0.067830,-0.037156,-0.373163,0.603946,1604,1524,1513,1369,1800
4400,4.400000,0,-1,0,-0.237121,4.372386,-1.716756,1.331170,5.681361,-0.579094,1.010567,0.297809,learned,detected,0.882464,0.186969,0.119759,3.777971,380.537,141.493,0.047947,-0.040188,-0.382222,0.614605,1615,1517,1514,1366,1800
4420,4.420000,0,-1,0,-0.250990,4.389387,-1.636456,1.384868,5.778568,-0.588455,1.011576,0.278418,learned,detected,0.882464,0.186969,0.119759,3.777971,380.537,141.493,0.057463,-0.042539,-0.366525,0.613969,1614,1520,1515,1372,1800
4422,4.422000,1,-1,0,-0.252582,4.390423,-1.630554,1.390497,5.788292,-0.589403,1.011677,0.276884,learned,detected,0.889313,0.127409,0.110413,3.711082,360.993,144.523,0.070260,-0.042209,-0.355794,0.604610,1605,1525,1515,1375,1800
4440,4.440000,0,-1,0,-0.243646,4.425121,-1.586771,1.345880,5.875844,-0.598028,1.012567,0.263163,learned,detected,0.889313,0.127409,0.110413,3.711082,360.993,144.523,0.050974,-0.044874,-0.369690,0.613784,1614,1518,1516,1371,1800
4455,4.455000,1,-1,0,-0.241894,4.435565,-1.562823,1.340368,5.948825,-0.605351,1.013319,0.256431,learned,detected,0.895194,0.106524,0.150756,3.597132,354.217,131.389,0.053529,-0.046708,-0.348908,0.605836,1606,1519,1516,1378,1800
4460,4.460000,0,-1,0,-0.247832,4.429578,-1.559202,1.368534,5.973152,-0.607823,1.013574,0.255712,learned,detected,0.895194,0.106524,0.150756,3.597132,354.217,131.389,0.053404,-0.048333,-0.356404,0.613516,1614,1519,1517,1375,1800
4480,4.480000,0,-1,0,-0.253012,4.429869,-1.563890,1.388130,6.070535,-0.617859,1.014586,0.253884,learned,detected,0.895194,0.106524,0.150756,3.597132,354.217,131.389,0.057041,-0.048569,-0.359141,0.613107,1613,1520,1517,1374,1800
4488,4.488000,1,-1,0,-0.243290,4.443201,-1.568698,1.348894,6.109522,-0.621934,1.014999,0.253075,learned,detected,0.914178,0.084125,0.163683,3.513239,346.984,127.148,0.058514,-0.048108,-0.349985,0.609337,1609,1520,1517,1378,1800
4500,4.500000,0,-1,0,-0.241320,4.440481,-1.579366,1.343748,6.168007,-0.628119,1.015599,0.254664,learned,detected,0.914178,0.084125,0.163683,3.513239,346.984,127.148,0.055128,-0.048710,-0.353579,0.613923,1614,1519,1517,1376,1800
4520,4.520000,0,-1,0,-0.257035,4.409286,-1.619834,1.413845,6.265503,-0.638630,1.016595,0.262598,learned,detected,0.914178,0.084125,0.163683,3.513239,346.984,127.148,0.058595,-0.049055,-0.358473,0.610596,1611,1521,1517,1375,1800
4521,4.521000,1,-1,0,-0.256505,4.409425,-1.622122,1.411772,6.270380,-0.639161,1.016643,0.262915,learned,detected,0.919701,0.078353,0.160853,3.378525,345.124,128.079,0.060003,-0.049134,-0.358264,0.610242,1610,1521,1517,1375,1800
4540,4.540000,0,-1,0,-0.238446,4.418551,-1.663524,1.345598,6.363080,-0.649362,1.017590,0.269220,learned,detected,0.919701,0.078353,0.160853,3.378525,345.124,128.079,0.051990,-0.047282,-0.365652,0.612696,1613,1518,1517,1372,1800
4554,4.554000,1,-1,0,-0.249276,4.387552,-1.703774,1.404344,6.431387,-0.657032,1.018288,0.278451,learned,detected,0.917852,0.084418,0.154456,3.199385,347.078,130.177,0.055926,-0.046768,-0.368941,0.612171,1612,1520,1516,1371,1800
4560,4.560000,0,-1,0,-0.253262,4.375958,-1.725043,1.420364,6.460674,-0.660361,1.018588,0.282619,learned,detected,0.917852,0.084418,0.154456,3.199385,347.078,130.177,0.057212,-0.045896,-0.369662,0.609216,1609,1520,1516,1371,1800
4580,4.580000,0,-1,0,-0.235296,4.376509,-1.793142,1.353714,6.558360,-0.671612,1.019594,0.293490,learned,detected,0.917852,0.084418,0.154456,3.199385,347.078,130.177,0.049588,-0.043688,-0.381176,0.610982,1611,1517,1515,1367,1800
4587,4.587000,1,-1,0,-0.233741,4.367196,-1.815855,1.353118,6.592561,-0.675613,1.019945,0.298315,learned,detected,0.916695,0.100614,0.151307,3.014571,352.306,131.209,0.047300,-0.043205,-0.385653,0.614135,1614,1517,1515,1365,1800
4600,4.600000,0,-1,0,-0.247043,4.328993,-1.864721,1.426260,6.656093,-0.683145,1.020623,0.310103,learned,detected,0.916695,0.100614,0.151307,3.014571,352.306,131.209,0.056576,-0.041673,-0.380402,0.607397,1607,1520,1515,1367,1800
4620,4.620000,1,-1,0,-0.237265,4.314975,-1.951320,1.391638,6.753986,-0.694971,1.021676,0.324776,learned,detected,0.916695,0.100614,0.151307,3.014571,352.306,131.209,0.050460,-0.039186,-0.394934,0.606951,1607,1518,1514,1362,1800
4640,4.640000,0,-1,0,-0.234862,4.280769,-2.031307,1.404813,6.852016,-0.707091,1.022746,0.341557,reactive_fallback,detected,0.916695,0.100614,0.151307,3.014571,352.306,131.209,0.032281,0.000000,0.202912,0.895279,1895,1511,1500,1571,1800
4653,4.653000,1,-1,0,-0.246326,4.243108,-2.091272,1.462121,6.915814,-0.715144,1.023457,0.354744,reactive_fallback,detected,0.910585,0.123138,0.155757,2.803902,359.605,129.751,0.039245,0.000000,0.246682,0.898617,1899,1514,1500,1586,1800
4660,4.660000,0,-1,0,-0.241990,4.240220,-2.125269,1.454913,6.950228,-0.719533,1.023873,0.360095,reactive_fallback,detected,0.910585,0.123138,0.155757,2.803902,359.605,129.751,0.039245,0.000000,0.246682,0.898617,1899,1514,1500,1586,1800
4680,4.680000,0,-1,0,-0.224461,4.239369,-2.210673,1.398147,7.048857,-0.732307,1.025127,0.373165,reactive_fallback,detected,0.910585,0.123138,0.155757,2.803902,359.605,129.751,0.039245,0.000000,0.246682,0.898617,1899,1514,1500,1586,1800
4686,4.686000,1,-1,0,-0.228541,4.227185,-2.233651,1.429203,7.078516,-0.736212,1.025530,0.378066,reactive_fallback,detected,0.900230,0.145462,0.164667,2.614561,366.879,126.825,0.045832,0.000000,0.288089,0.905299,1905,1516,1500,1601,1800
4700,4.700000,0,-1,0,-0.238885,4.203328,-2.286823,1.479038,7.147900,-0.745462,1.026456,0.388374,reactive_fallback,detected,0.900230,0.145462,0.164667,2.614561,366.879,126.825,0.045832,0.000000,0.288089,0.905299,1905,1516,1500,1601,1800
4719,4.719000,1,-1,0,-0.223683,4.222437,-2.350159,1.427679,7.242508,-0.758294,1.027765,0.394466,reactive_fallback,detected,0.891686,0.166900,0.154761,2.440121,373.909,130.077,0.052088,0.000000,0.327409,0.897870,1898,1518,1500,1615,1800
4720,4.720000,0,-1,0,-0.222975,4.223193,-2.352751,1.424875,7.247500,-0.758979,1.027832,0.394702,reactive_fallback,detected,0.891686,0.166900,0.154761,2.440121,373.909,130.077,0.052088,0.000000,0.327409,0.897870,1898,1518,1500,1615,1800
4740,4.740000,0,-1,0,-0.230753,4.215019,-2.397379,1.481876,7.347623,-0.772887,1.029254,0.401078,reactive_fallback,detected,0.891686,0.166900,0.154761,2.440121,373.909,130.077,0.052088,0.000000,0.327409,0.897870,1898,1518,1500,1615,1800
4752,4.752000,1,-1,0,-0.233784,4.220366,-2.419447,1.501206,7.407989,-0.781424,1.030106,0.402702,reactive_fallback,detected,0.885989,0.180234,0.141782,2.272262,378.308,134.323,0.055890,0.000000,0.351309,0.888136,1888,1520,1500,1623,1800
4760,4.760000,0,-1,0,-0.228630,4.238770,-2.433190,1.486987,7.448383,-0.787194,1.030722,0.401781,reactive_fallback,detected,0.885989,0.180234,0.141782,2.272262,378.308,134.323,0.055890,0.000000,0.351309,0.888136,1888,1520,1500,1623,1800
4780,4.780000,0,-1,0,-0.225113,4.272176,-2.451400,1.485766,7.549850,-0.801913,1.032253,0.398507,reactive_fallback,detected,0.885989,0.180234,0.141782,2.272262,378.308,134.323,0.055890,0.000000,0.351309,0.888136,1888,1520,1500,1623,1800
4785,4.785000,1,-1,0,-0.228684,4.276744,-2.453866,1.506440,7.575329,-0.805664,1.032659,0.397890,reactive_fallback,commit,0.657272,0.169641,0.133412,2.093511,374.812,137.053,0.009756,0.000000,0.061325,0.881859,1882,1503,1500,1521,1800
4800,4.800000,0,-1,0,-0.234202,4.302766,-2.458119,1.539505,7.652068,-0.817081,1.033855,0.393917,reactive_fallback,commit,0.657272,0.169641,0.133412,2.093511,374.812,137.053,0.009756,0.000000,0.061325,0.881859,1882,1503,1500,1521,1800
4818,4.818000,1,-1,0,-0.226804,4.364353,-2.462729,1.516757,7.744856,-0.831128,1.035405,0.385039,reactive_fallback,commit,0.653574,0.139269,0.125861,1.964764,364.856,139.510,0.007964,0.000000,0.050062,0.876195,1876,1503,1500,1518,1800
4820,4.820000,0,-1,0,-0.226786,4.369857,-2.462697,1.517906,7.755213,-0.832714,1.035578,0.384131,reactive_fallback,commit,0.653574,0.139269,0.125861,1.964764,364.856,139.510,0.007964,0.000000,0.050062,0.876195,1876,1503,1500,1518,1800
4840,4.840000,0,-1,0,-0.235929,4.416928,-2.461473,1.577556,7.859345,-0.848856,1.037386,0.376435,reactive_fallback,commit,0.653574,0.139269,0.125861,1.964764,364.856,139.510,0.007964,0.000000,0.050062,0.876195,1876,1503,1500,1518,1800
4851,4.851000,1,-1,0,-0.235459,4.454172,-2.463439,1.584710,7.917092,-0.857956,1.038405,0.371352,reactive_fallback,commit,0.656824,0.092319,0.105755,1.806385,349.626,146.032,0.005306,0.000000,0.033350,0.861116,1861,1502,1500,1512,1800
4860,4.860000,0,-1,0,-0.232508,4.488418,-2.467061,1.575918,7.964604,-0.865521,1.039257,0.366910,reactive_fallback,commit,0.656824,0.092319,0.105755,1.806385,349.626,146.032,0.005306,0.000000,0.033350,0.861116,1861,1502,1500,1512,1800
4880,4.880000,0,-1,0,-0.236574,4.544186,-2.474899,1.603983,8.070997,-0.882725,1.041153,0.359439,reactive_fallback,commit,0.656824,0.092319,0.105755,1.806385,349.626,146.032,0.005306,0.000000,0.033350,0.861116,1861,1502,1500,1512,1800
4884,4.884000,1,-1,0,-0.238451,4.553579,-2.476362,1.614672,8.092408,-0.886228,1.041530,0.358237,reactive_fallback,commit,0.656824,0.092319,0.105755,1.806385,349.626,146.032,0.005306,0.000000,0.033350,0.861116,1861,1502,1500,1512,1800
4900,4.900000,0,-1,0,-0.239137,4.601214,-2.482879,1.627810,8.178495,-0.900437,1.043026,0.352710,reactive_fallback,commit,0.656824,0.092319,0.105755,1.806385,349.626,146.032,0.005306,0.000000,0.033350,0.861116,1861,1502,1500,1512,1800
4917,4.917000,1,-1,0,-0.235104,4.653909,-2.493866,1.614651,8.270706,-0.915875,1.044603,0.346775,reactive_fallback,commit,0.685406,0.010630,0.046537,1.505272,323.402,165.097,0.000638,-0.000436,0.004007,0.816702,1817,1500,1500,1501,1800
4920,4.920000,0,-1,0,-0.235642,4.660649,-2.496007,1.617969,8.287051,-0.918636,1.044881,0.345999,reactive_fallback,commit,0.685406,0.010630,0.046537,1.505272,323.402,165.097,0.000638,-0.000448,0.004007,0.816702,1817,1500,1500,1501,1800
4940,4.940000,0,-1,0,-0.242380,4.698602,-2.507298,1.654286,8.396550,-0.937298,1.046688,0.341837,reactive_fallback,commit,0.685406,0.010630,0.046537,1.505272,323.402,165.097,0.000638,-0.000599,0.004007,0.816702,1817,1500,1500,1501,1800
4950,4.950000,1,-1,0,-0.240747,4.722800,-2.511760,1.649364,8.451618,-0.946779,1.047552,0.339283,reactive_fallback,commit,0.685406,0.010630,0.046537,1.505272,323.402,165.097,0.000638,-0.000562,0.004007,0.816702,1817,1500,1500,1501,1800
4960,4.960000,0,-1,0,-0.238409,4.745334,-2.517128,1.639990,8.506869,-0.956354,1.048400,0.336839,reactive_fallback,commit,0.685406,0.010630,0.046537,1.505272,323.402,165.097,0.000638,-0.000510,0.004007,0.816702,1817,1500,1500,1501,1800
4980,4.980000,0,-1,0,-0.244422,4.769003,-2.528707,1.672997,8.617863,-0.975780,1.050072,0.334269,reactive_fallback,commit,0.685406,0.010630,0.046537,1.505272,323.402,165.097,0.000638,-0.000644,0.004007,0.816702,1817,1500,1500,1501,1800
4983,4.983000,1,-1,0,-0.245202,4.772761,-2.530228,1.678059,8.634568,-0.978722,1.050321,0.333937,reactive_fallback,commit,0.720286,-0.009375,0.001562,1.362776,317.000,179.500,-0.000591,0.000000,-0.003714,0.782971,1783,1500,1500,1499,1800
5000,5.000000,0,-1,0,-0.242599,4.803607,-2.537923,1.673390,8.729506,-0.995533,1.051713,0.331276,reactive_fallback,commit,0.720286,-0.009375,0.001562,1.362776,317.000,179.500,-0.000591,0.000000,-0.003714,0.782971,1783,1500,1500,1499,1800
5016,5.016000,1,-1,0,-0.242072,4.822360,-2.548971,1.670889,8.819208,-1.011562,1.052974,0.329550,reactive_fallback,commit,0.723776,-0.001562,0.001562,1.352113,319.500,179.500,-0.000099,0.000000,-0.000622,0.782971,1783,1500,1500,1500,1800
5020,5.020000,0,-1,0,-0.243422,4.824058,-2.552201,1.676760,8.841677,-1.015599,1.053283,0.329414,reactive_fallback,commit,0.723776,-0.001562,0.001562,1.352113,319.500,179.500,-0.000099,0.000000,-0.000622,0.782971,1783,1500,1500,1500,1800
5040,5.040000,0,-1,0,-0.245733,4.839670,-2.564663,1.690895,8.954274,-1.035936,1.054816,0.328380,reactive_fallback,commit,0.723776,-0.001562,0.001562,1.352113,319.500,179.500,-0.000099,0.000000,-0.000622,0.782971,1783,1500,1500,1500,1800
5049,5.049000,1,-1,0,-0.242800,4.852103,-2.568863,1.681003,9.005076,-1.045167,1.055502,0.327467,reactive_fallback,commit,0.725049,-0.001562,0.001562,1.352113,319.500,179.500,-0.000099,0.000000,-0.000623,0.782971,1783,1500,1500,1500,1800
5060,5.060000,0,-1,0,-0.242726,4.860026,-2.575682,1.684444,9.067267,-1.056520,1.056339,0.327009,reactive_fallback,commit,0.725049,-0.001562,0.001562,1.352113,319.500,179.500,-0.000099,0.000000,-0.000623,0.782971,1783,1500,1500,1500,1800
5080,5.080000,0,-1,0,-0.248566,4.865520,-2.591697,1.715732,9.180624,-1.077355,1.057861,0.327353,reactive_fallback,commit,0.725049,-0.001562,0.001562,1.352113,319.500,179.500,-0.000099,0.000000,-0.000623,0.782971,1783,1500,1500,1500,1800
5082,5.082000,1,-1,0,-0.248391,4.867456,-2.593180,1.715345,9.191982,-1.079451,1.058013,0.327284,reactive_fallback,commit,0.758752,-0.001562,0.001562,1.352113,319.500,179.500,-0.000104,0.000000,-0.000652,0.782971,1783,1500,1500,1500,1800
5100,5.100000,0,-1,0,-0.243794,4.888208,-2.603314,1.702505,9.294372,-1.098415,1.059382,0.326299,reactive_fallback,commit,0.758752,-0.001562,0.001562,1.352113,319.500,179.500,-0.000104,0.000000,-0.000652,0.782971,1783,1500,1500,1500,1800
5115,5.115000,1,-1,0,-0.247066,4.891946,-2.614942,1.723479,9.379915,-1.114369,1.060524,0.326703,reactive_fallback,commit,0.863159,-0.001562,0.001562,1.352113,319.500,179.500,-0.000118,0.000000,-0.000742,0.782971,1783,1500,1500,1500,1800
5120,5.120000,0,-1,0,-0.248735,4.892527,-2.619906,1.731730,9.408474,-1.119718,1.060904,0.326953,reactive_fallback,commit,0.863159,-0.001562,0.001562,1.352113,319.500,179.500,-0.000118,0.000000,-0.000742,0.782971,1783,1500,1500,1500,1800
5140,5.140000,0,-1,0,-0.246408,4.910551,-2.637274,1.723096,9.522952,-1.141243,1.062425,0.326659,reactive_fallback,commit,0.863159,-0.001562,0.001562,1.352113,319.500,179.500,-0.000118,0.000000,-0.000742,0.782971,1783,1500,1500,1500,1800
5148,5.148000,1,-1,0,-0.244436,4.918416,-2.642505,1.716950,9.568842,-1.149910,1.063033,0.326420,reactive_fallback,commit,1.000000,-0.001562,0.001562,1.352113,319.500,179.500,-0.000137,0.000000,-0.000859,0.782971,1783,1500,1500,1500,1800
5160,5.160000,0,-1,0,-0.246381,4.921302,-2.652093,1.729502,9.637773,-1.162977,1.063946,0.326842,reactive_fallback,commit,1.000000,-0.001562,0.001562,1.352113,319.500,179.500,-0.000137,0.000000,-0.000859,0.782971,1783,1500,1500,1500,1800
5180,5.180000,0,-1,0,-0.248999,4.929157,-2.670387,1.742013,9.752924,-1.184914,1.065465,0.327461,reactive_fallback,commit,1.000000,-0.001562,0.001562,1.352113,319.500,179.500,-0.000137,0.000000,-0.000859,0.782971,1783,1500,1500,1500,1800
5181,5.181000,1,-1,0,-0.248790,4.930141,-2.671139,1.741115,9.758691,-1.186016,1.065541,0.327439,reactive_fallback,commit,1.000000,-0.001562,0.001562,1.352113,319.500,179.500,-0.000137,0.000000,-0.000859,0.782971,1783,1500,1500,1500,1800
5200,5.200000,0,-1,0,-0.246651,4.944182,-2.682284,1.737533,9.868405,-1.207021,1.066983,0.327312,reactive_fallback,commit,1.000000,-0.001562,0.001562,1.352113,319.500,179.500,-0.000137,0.000000,-0.000859,0.782971,1783,1500,1500,1500,1800
5214,5.214000,1,-1,0,-0.250060,4.945814,-2.691633,1.758246,9.949422,-1.222598,1.068043,0.328001,reactive_fallback,detected,0.691898,0.116400,-0.004781,4.362008,357.417,181.530,0.028188,-0.041742,0.177181,0.778213,1778,1510,1515,1562,1800
5220,5.220000,0,-1,0,-0.251090,4.947614,-2.696265,1.763913,9.984191,-1.229299,1.068497,0.328236,reactive_fallback,detected,0.691898,0.116400,-0.004781,4.362008,357.417,181.530,0.028188,-0.042243,0.177181,0.778213,1778,1510,1515,1562,1800
5240,5.240000,0,-1,0,-0.248021,4.964358,-2.708939,1.751535,10.100296,-1.251729,1.070003,0.327919,reactive_fallback,detected,0.691898,0.116400,-0.004781,4.362008,357.417,181.530,0.028188,-0.040750,0.177181,0.778213,1778,1510,1514,1562,1800
5247,5.247000,1,-1,0,-0.247551,4.968584,-2.711728,1.751542,10.140998,-1.259614,1.070527,0.327802,reactive_fallback,detected,0.691898,0.116400,-0.004781,4.362008,357.417,181.530,0.028188,-0.040521,0.177181,0.778213,1778,1510,1514,1562,1800
5260,5.260000,0,-1,0,-0.250358,4.970639,-2.715183,1.771021,10.216669,-1.274306,1.071499,0.327915,reactive_fallback,detected,0.691898,0.116400,-0.004781,4.362008,357.417,181.530,0.028188,-0.041887,0.177181,0.778213,1778,1510,1515,1562,1800
5280,5.280000,1,-1,0,-0.251716,4.982559,-2.719917,1.781456,10.333313,-1.297032,1.072988,0.326880,reactive_fallback,detected,0.686604,0.108470,-0.006287,4.251858,354.847,182.012,0.026066,-0.041770,0.163846,0.777084,1777,1509,1515,1557,1800
5300,5.300000,0,-1,0,-0.250829,4.999857,-2.719072,1.779557,10.450225,-1.319900,1.074474,0.324483,reactive_fallback,detected,0.686604,0.108470,-0.006287,4.251858,354.847,182.012,0.026066,-0.041354,0.163846,0.777084,1777,1509,1514,1557,1800
5313,5.313000,1,-1,0,-0.253430,5.006982,-2.714249,1.796507,10.526348,-1.334840,1.075437,0.322879,reactive_fallback,detected,0.683453,0.096261,-0.001656,4.170188,350.899,180.530,0.023026,-0.039666,0.144737,0.780557,1781,1508,1514,1551,1800
5320,5.320000,0,-1,0,-0.254269,5.012527,-2.711556,1.801796,10.567383,-1.342909,1.075954,0.321763,reactive_fallback,detected,0.683453,0.096261,-0.001656,4.170188,350.899,180.530,0.023026,-0.040053,0.144737,0.780557,1781,1508,1514,1551,1800
5340,5.340000,0,-1,0,-0.254584,5.033854,-2.704356,1.800420,10.684805,-1.366056,1.077435,0.317673,reactive_fallback,detected,0.683453,0.096261,-0.001656,4.170188,350.899,180.530,0.023026,-0.040198,0.144737,0.780557,1781,1508,1514,1551,1800
5346,5.346000,1,-1,0,-0.254734,5.040484,-2.700692,1.801017,10.720082,-1.373024,1.077880,0.316316,reactive_fallback,detected,0.678173,0.081658,-0.000074,4.064012,346.189,180.024,0.019382,-0.038415,0.121832,0.781744,1782,1507,1513,1543,1800
5360,5.360000,0,-1,0,-0.255909,5.054969,-2.689502,1.808969,10.802485,-1.389324,1.078920,0.313093,reactive_fallback,detected,0.678173,0.081658,-0.000074,4.064012,346.189,180.024,0.019382,-0.038941,0.121832,0.781744,1782,1507,1514,1543,1800
5379,5.379000,1,-1,0,-0.257652,5.075446,-2.674550,1.818067,10.914521,-1.411536,1.080330,0.308481,reactive_fallback,detected,0.939666,-0.100506,0.003554,7.066047,287.729,178.863,-0.033055,-0.106468,-0.207772,0.784465,1784,1488,1537,1427,1800
5380,5.380000,0,-1,0,-0.257702,5.076613,-2.673759,1.818275,10.920425,-1.412708,1.080404,0.308228,reactive_fallback,detected,0.939666,-0.100506,0.003554,7.066047,287.729,178.863,-0.033055,-0.106530,-0.207772,0.784465,1784,1488,1537,1427,1800
5400,5.400000,0,-1,0,-0.260387,5.096734,-2.656389,1.833848,11.038627,-1.436201,1.081888,0.303491,reactive_fallback,detected,0.939666,-0.100506,0.003554,7.066047,287.729,178.863,-0.033055,-0.109892,-0.207772,0.784465,1784,1488,1538,1427,1800
5412,5.412000,1,-1,0,-0.263266,5.106347,-2.647230,1.850631,11.109682,-1.450347,1.082778,0.301159,reactive_fallback,detected,0.938793,-0.125369,0.007207,6.839109,279.670,177.694,-0.041193,-0.104271,-0.258930,0.787204,1787,1486,1536,1409,1800
5420,5.420000,0,-1,0,-0.264246,5.114081,-2.643360,1.855764,11.157112,-1.459797,1.083371,0.299720,reactive_fallback,detected,0.938793,-0.125369,0.007207,6.839109,279.670,177.694,-0.041193,-0.105446,-0.258930,0.787204,1787,1486,1537,1409,1800
5440,5.440000,0,-1,0,-0.265887,5.131728,-2.639167,1.865396,11.275904,-1.483482,1.084854,0.297248,reactive_fallback,detected,0.938793,-0.125369,0.007207,6.839109,279.670,177.694,-0.041193,-0.107412,-0.258930,0.787204,1787,1486,1538,1409,1800
5445,5.445000,1,-1,0,-0.266660,5.134649,-2.638889,1.871057,11.305651,-1.489416,1.085224,0.297017,reactive_fallback,detected,0.942140,-0.148373,0.013741,6.672784,272.169,175.603,-0.048926,-0.094878,-0.307534,0.792105,1792,1483,1533,1392,1800
5460,5.460000,0,-1,0,-0.269118,5.141223,-2.643716,1.888130,11.395016,-1.507243,1.086337,0.297250,reactive_fallback,detected,0.942140,-0.148373,0.013741,6.672784,272.169,175.603,-0.048926,-0.097659,-0.307534,0.792105,1792,1483,1534,1392,1800
5478,5.478000,1,-1,0,-0.270078,5.148571,-2.661801,1.895565,11.502516,-1.528685,1.087676,0.299182,reactive_fallback,detected,0.938118,-0.169806,0.017912,6.438835,265.134,174.267,-0.055754,-0.086919,-0.350456,0.795234,1795,1480,1530,1377,1800
5480,5.480000,0,-1,0,-0.270155,5.149081,-2.664250,1.896567,11.514478,-1.531069,1.087825,0.299530,reactive_fallback,detected,0.938118,-0.169806,0.017912,6.438835,265.134,174.267,-0.055754,-0.086999,-0.350456,0.795234,1795,1480,1530,1377,1800
5500,5.500000,0,-1,0,-0.272251,5.147759,-2.695508,1.915801,11.634305,-1.554939,1.089316,0.304762,reactive_fallback,detected,0.938118,-0.169806,0.017912,6.438835,265.134,174.267,-0.055754,-0.089191,-0.350456,0.795234,1795,1480,1531,1377,1800
5511,5.511000,1,-1,0,-0.273270,5.144385,-2.722135,1.920939,11.700373,-1.568078,1.090137,0.308831,reactive_fallback,detected,0.937331,-0.180136,0.023158,6.254962,261.725,172.588,-0.059096,-0.080455,-0.371464,0.799168,1799,1479,1528,1370,1800
5520,5.520000,0,-1,0,-0.273377,5.141314,-2.745584,1.922835,11.754515,-1.578827,1.090808,0.312691,reactive_fallback,detected,0.937331,-0.180136,0.023158,6.254962,261.725,172.588,-0.059096,-0.080561,-0.371464,0.799168,1799,1479,1528,1370,1800
5540,5.540000,0,-1,0,-0.273245,5.129049,-2.797121,1.941727,11.875114,-1.602695,1.092301,0.323228,reactive_fallback,detected,0.937331,-0.180136,0.023158,6.254962,261.725,172.588,-0.059096,-0.080430,-0.371464,0.799168,1799,1479,1528,1370,1800
5544,5.544000,1,-1,0,-0.273734,5.124669,-2.809525,1.947957,11.899281,-1.607466,1.092600,0.325731,reactive_fallback,detected,0.936702,-0.184681,0.025749,6.080770,260.221,171.758,-0.060547,-0.075004,-0.380581,0.801111,1801,1479,1526,1367,1800
5560,5.560000,0,-1,0,-0.275337,5.105390,-2.870755,1.961010,11.996116,-1.626547,1.093793,0.336654,reactive_fallback,detected,0.936702,-0.184681,0.025749,6.080770,260.221,171.758,-0.060547,-0.076528,-0.380581,0.801111,1801,1479,1527,1367,1800
5577,5.577000,1,-1,0,-0.274061,5.085899,-2.939280,1.962965,12.099300,-1.646781,1.095060,0.349318,reactive_fallback,detected,0.930225,-0.183957,0.031123,5.870267,260.461,170.037,-0.059893,-0.066654,-0.376467,0.805142,1805,1479,1523,1368,1800
5580,5.580000,0,-1,0,-0.273827,5.081874,-2.950857,1.965090,12.117540,-1.650345,1.095283,0.351702,reactive_fallback,detected,0.930225,-0.183957,0.031123,5.870267,260.461,170.037,-0.059893,-0.066444,-0.376467,0.805142,1805,1479,1523,1368,1800
5600,5.600000,0,-1,0,-0.274087,5.047826,-3.037235,1.983344,12.239375,-1.674063,1.096773,0.368870,reactive_fallback,detected,0.930225,-0.183957,0.031123,5.870267,260.461,170.037,-0.059893,-0.066678,-0.376467,0.805142,1805,1479,1523,1368,1800
5610,5.610000,1,-1,0,-0.273688,5.029950,-3.086421,1.983836,12.300452,-1.685887,1.097518,0.377926,reactive_fallback,detected,0.929718,-0.177570,0.032825,5.713170,262.573,169.492,-0.057781,-0.063029,-0.363197,0.806418,1806,1480,1522,1373,1800
5620,5.620000,0,-1,0,-0.272493,5.012215,-3.133448,1.984777,12.361633,-1.697677,1.098262,0.387161,reactive_fallback,detected,0.929718,-0.177570,0.032825,5.713170,262.573,169.492,-0.057781,-0.061980,-0.363197,0.806418,1806,1480,1522,1373,1800
5640,5.640000,0,-1,0,-0.272100,4.968695,-3.224093,2.008690,12.484304,-1.721152,1.099750,0.406723,reactive_fallback,detected,0.929718,-0.177570,0.032825,5.713170,262.573,169.492,-0.057781,-0.061634,-0.363197,0.806418,1806,1480,1522,1373,1800
5643,5.643000,1,-1,0,-0.272248,4.961440,-3.238978,2.011872,12.502741,-1.724661,1.099973,0.409761,reactive_fallback,detected,0.920207,-0.167024,0.034729,5.500112,266.050,168.882,-0.053794,-0.057366,-0.338133,0.807846,1808,1481,1520,1382,1800
5660,5.660000,0,-1,0,-0.271193,4.923013,-3.327713,2.012617,12.607397,-1.744482,1.101232,0.426847,reactive_fallback,detected,0.920207,-0.167024,0.034729,5.500112,266.050,168.882,-0.053794,-0.056481,-0.338133,0.807846,1808,1481,1520,1382,1800
5676,5.676000,1,-1,0,-0.269293,4.886701,-3.403390,2.019537,12.706171,-1.763012,1.102417,0.442902,reactive_fallback,detected,0.923139,-0.154997,0.037482,5.333333,270.000,168.000,-0.050079,-0.051434,-0.314784,0.809911,1810,1482,1518,1390,1800
5680,5.680000,0,-1,0,-0.269193,4.876639,-3.421427,2.024638,12.730905,-1.767624,1.102713,0.446983,reactive_fallback,detected,0.923139,-0.154997,0.037482,5.333333,270.000,168.000,-0.050079,-0.051352,-0.314784,0.809911,1810,1482,1518,1390,1800
5700,5.700000,0,-1,0,-0.268552,4.826505,-3.518936,2.035669,12.854822,-1.790563,1.104192,0.467269,reactive_fallback,detected,0.923139,-0.154997,0.037482,5.333333,270.000,168.000,-0.050079,-0.050826,-0.314784,0.809911,1810,1482,1518,1390,1800
5709,5.709000,1,-1,0,-0.266525,4.807318,-3.563384,2.028247,12.910721,-1.800812,1.104857,0.475978,reactive_fallback,detected,0.910573,-0.141241,0.042162,5.112426,274.500,166.500,-0.045014,-0.042980,-0.282942,0.813421,1813,1484,1515,1401,1800
5720,5.720000,0,-1,0,-0.264366,4.782668,-3.612787,2.026894,12.979148,-1.813268,1.105671,0.486561,reactive_fallback,detected,0.910573,-0.141241,0.042162,5.112426,274.500,166.500,-0.045014,-0.041301,-0.282942,0.813421,1813,1484,1514,1401,1800
5740,5.740000,0,-1,0,-0.264491,4.730182,-3.696487,2.051617,13.103854,-1.835716,1.107151,0.506131,reactive_fallback,detected,0.910573,-0.141241,0.042162,5.112426,274.500,166.500,-0.045014,-0.041398,-0.282942,0.813421,1813,1484,1514,1401,1800
5742,5.742000,1,-1,0,-0.264358,4.725371,-3.705235,2.052353,13.116346,-1.837947,1.107299,0.508023,reactive_fallback,detected,0.901666,-0.133625,0.040862,4.905853,276.984,166.917,-0.042170,-0.039958,-0.265068,0.812446,1812,1485,1514,1407,1800
5760,5.760000,0,-1,0,-0.260440,4.687952,-3.782357,2.043227,13.228955,-1.857897,1.108629,0.524167,reactive_fallback,detected,0.901666,-0.133625,0.040862,4.905853,276.984,166.917,-0.042170,-0.037082,-0.265068,0.812446,1812,1485,1513,1407,1800
5775,5.775000,1,-1,0,-0.258600,4.653843,-3.838217,2.051029,13.323018,-1.874349,1.109734,0.537349,reactive_fallback,detected,0.901666,-0.133625,0.040862,4.905853,276.984,166.917,-0.042170,-0.035732,-0.265068,0.812446,1812,1485,1513,1407,1800
5780,5.780000,0,-1,0,-0.258655,4.641370,-3.856309,2.056788,13.354415,-1.879798,1.110102,0.541760,reactive_fallback,detected,0.901666,-0.133625,0.040862,4.905853,276.984,166.917,-0.042170,-0.035772,-0.265068,0.812446,1812,1485,1513,1407,1800
5800,5.800000,0,-1,0,-0.257217,4.596825,-3.933236,2.056247,13.480223,-1.901414,1.111570,0.558518,reactive_fallback,detected,0.901666,-0.133625,0.040862,4.905853,276.984,166.917,-0.042170,-0.034716,-0.265068,0.812446,1812,1485,1512,1407,1800
5808,5.808000,1,-1,0,-0.255529,4.581718,-3.962839,2.048868,13.530640,-1.909974,1.112156,0.564771,reactive_fallback,detected,0.891158,-0.128842,0.038726,4.691965,278.541,167.602,-0.040186,-0.032726,-0.252600,0.810844,1811,1486,1511,1412,1800
5820,5.820000,0,-1,0,-0.253510,4.558005,-3.999950,2.051200,13.606354,-1.922713,1.113034,0.574048,reactive_fallback,detected,0.891158,-0.128842,0.038726,4.691965,278.541,167.602,-0.040186,-0.031342,-0.252600,0.810844,1811,1486,1511,1412,1800
5840,5.840000,0,-1,0,-0.251386,4.516498,-4.059948,2.061620,13.732775,-1.943690,1.114493,0.589270,reactive_fallback,detected,0.891158,-0.128842,0.038726,4.691965,278.541,167.602,-0.040186,-0.029886,-0.252600,0.810844,1811,1486,1510,1412,1800
5841,5.841000,1,-1,0,-0.251221,4.514565,-4.063437,2.060719,13.739103,-1.944731,1.114566,0.590004,reactive_fallback,detected,0.886784,-0.126676,0.039524,4.518558,279.245,167.346,-0.039317,-0.027628,-0.247135,0.811442,1811,1486,1510,1414,1800
5860,5.860000,0,-1,0,-0.248813,4.476715,-4.126607,2.045832,13.859468,-1.964350,1.115949,0.603794,reactive_fallback,detected,0.886784,-0.126676,0.039524,4.518558,279.245,167.346,-0.039317,-0.026067,-0.247135,0.811442,1811,1486,1509,1414,1800
5874,5.874000,1,-1,0,-0.248448,4.446735,-4.160318,2.062260,13.948293,-1.978603,1.116967,0.613942,reactive_fallback,detected,0.880522,-0.130454,0.037724,4.334864,278.016,167.922,-0.040204,-0.025104,-0.252709,0.810093,1810,1486,1509,1412,1800
5880,5.880000,0,-1,0,-0.248335,4.434054,-4.174527,2.070023,13.986398,-1.984660,1.117402,0.618235,reactive_fallback,detected,0.880522,-0.130454,0.037724,4.334864,278.016,167.922,-0.040204,-0.025036,-0.252709,0.810093,1810,1486,1509,1412,1800
5900,5.900000,0,-1,0,-0.246643,4.395374,-4.233238,2.063021,14.113579,-2.004624,1.118850,0.631994,reactive_fallback,detected,0.880522,-0.130454,0.037724,4.334864,278.016,167.922,-0.040204,-0.024016,-0.252709,0.810093,1810,1486,1508,1412,1800
5907,5.907000,1,-1,0,-0.245836,4.382436,-4.252269,2.060001,14.158148,-2.011526,1.119357,0.636665,reactive_fallback,detected,0.872957,-0.137404,0.037737,4.146284,275.752,167.919,-0.041982,-0.021625,-0.263885,0.810102,1810,1485,1508,1408,1800
5920,5.920000,0,-1,0,-0.244702,4.357833,-4.279902,2.070675,14.240989,-2.024220,1.120296,0.645302,reactive_fallback,detected,0.872957,-0.137404,0.037737,4.146284,275.752,167.919,-0.041982,-0.020997,-0.263885,0.810102,1810,1485,1507,1408,1800
5940,5.940000,1,-1,0,-0.241883,4.322485,-4.328359,2.069599,14.368617,-2.043451,1.121738,0.658085,reactive_fallback,detected,0.863032,-0.145723,0.036853,3.957347,273.036,168.202,-0.044017,-0.018143,-0.276680,0.809439,1809,1485,1506,1403,1800
5960,5.960000,0,-1,0,-0.239610,4.285565,-4.378424,2.059609,14.496444,-2.062319,1.123179,0.670726,reactive_fallback,detected,0.863032,-0.145723,0.036853,3.957347,273.036,168.202,-0.044017,-0.016996,-0.276680,0.809439,1809,1485,1506,1403,1800
5973,5.973000,1,-1,0,-0.239039,4.259440,-4.402703,2.073625,14.579622,-2.074379,1.124113,0.679107,reactive_fallback,detected,0.858403,-0.157496,0.034203,3.798073,269.180,169.051,-0.047318,-0.016568,-0.297429,0.807452,1807,1483,1506,1396,1800
5980,5.980000,0,-1,0,-0.238122,4.246507,-4.417974,2.074487,14.624440,-2.080808,1.124614,0.683494,reactive_fallback,detected,0.858403,-0.157496,0.034203,3.798073,269.180,169.051,-0.047318,-0.016142,-0.297429,0.807452,1807,1483,1506,1396,1800
6000,6.000000,0,-1,0,-0.234761,4.209487,-4.469624,2.053099,14.752601,-2.098927,1.126046,0.695929,reactive_fallback,detected,0.858403,-0.157496,0.034203,3.798073,269.180,169.051,-0.047318,-0.014586,-0.297429,0.807452,1807,1483,1505,1396,1800
6006,6.006000,1,-1,0,-0.234179,4.197030,-4.482735,2.052619,14.791074,-2.104288,1.126475,0.699788,reactive_fallback,detected,0.852970,-0.173835,0.031592,3.620223,263.805,169.887,-0.051897,-0.013969,-0.326208,0.805494,1805,1482,1505,1386,1800
6020,6.020000,0,-1,0,-0.233316,4.166296,-4.508630,2.065148,14.880883,-2.116658,1.127474,0.709001,reactive_fallback,detected,0.852970,-0.173835,0.031592,3.620223,263.805,169.887,-0.051897,-0.013609,-0.326208,0.805494,1805,1482,1505,1386,1800
6039,6.039000,1,-1,0,-0.231035,4.124926,-4.551887,2.063866,15.002862,-2.133148,1.128826,0.721570,reactive_fallback,detected,0.846061,-0.189667,0.028940,3.460868,258.568,170.737,-0.056165,-0.012397,-0.353034,0.803504,1804,1480,1504,1376,1800
6040,6.040000,0,-1,0,-0.230822,4.122851,-4.554525,2.062627,15.009285,-2.134006,1.128897,0.722223,reactive_fallback,detected,0.846061,-0.189667,0.028940,3.460868,258.568,170.737,-0.056165,-0.012316,-0.353034,0.803504,1804,1480,1504,1376,1800
6060,6.060000,0,-1,0,-0.226570,4.078702,-4.602693,2.047635,15.137788,-2.150972,1.130318,0.735589,reactive_fallback,detected,0.846061,-0.189667,0.028940,3.460868,258.568,170.737,-0.056165,-0.010721,-0.353034,0.803504,1804,1480,1504,1376,1800
6072,6.072000,1,-1,0,-0.224677,4.048306,-4.627380,2.054043,15.214923,-2.160968,1.131170,0.744105,reactive_fallback,detected,0.839813,-0.207085,0.022295,3.298830,252.769,172.864,-0.060869,-0.011156,-0.382608,0.798521,1799,1479,1504,1366,1800
6080,6.080000,0,-1,0,-0.223565,4.026696,-4.646296,2.055425,15.266361,-2.167559,1.131738,0.749980,reactive_fallback,detected,0.839813,-0.207085,0.022295,3.298830,252.769,172.864,-0.060869,-0.010783,-0.382608,0.798521,1799,1479,1504,1366,1800
6100,6.100000,0,-1,0,-0.220717,3.968786,-4.700891,2.044293,15.394995,-2.183784,1.133151,0.765290,reactive_fallback,detected,0.839813,-0.207085,0.022295,3.298830,252.769,172.864,-0.060869,-0.009829,-0.382608,0.798521,1799,1479,1503,1366,1800
6105,6.105000,1,-1,0,-0.219740,3.953854,-4.714043,2.042067,15.427160,-2.187782,1.133503,0.769215,reactive_fallback,detected,0.832266,-0.224946,0.016591,3.141306,246.778,174.690,-0.065525,-0.010104,-0.411874,0.794243,1794,1477,1504,1356,1800
6120,6.120000,0,-1,0,-0.217172,3.905644,-4.752413,2.042224,15.523660,-2.199635,1.134558,0.781478,reactive_fallback,detected,0.832266,-0.224946,0.016591,3.141306,246.778,174.690,-0.065525,-0.009343,-0.411874,0.794243,1794,1477,1503,1356,1800
6138,6.138000,1,-1,0,-0.214999,3.840964,-4.803992,2.037877,15.639467,-2.213580,1.135816,0.797229,reactive_fallback,detected,0.826226,-0.241719,0.011246,2.998177,241.107,176.401,-0.069900,-0.009137,-0.439373,0.790234,1790,1476,1503,1346,1800
6140,6.140000,0,-1,0,-0.214594,3.833790,-4.809920,2.036505,15.652334,-2.215111,1.135956,0.798997,reactive_fallback,detected,0.826226,-0.241719,0.011246,2.998177,241.107,176.401,-0.069900,-0.009030,-0.439373,0.790234,1790,1476,1503,1346,1800
6160,6.160000,0,-1,0,-0.209533,3.759515,-4.868360,2.023259,15.780991,-2.230197,1.137348,0.817092,reactive_fallback,detected,0.826226,-0.241719,0.011246,2.998177,241.107,176.401,-0.069900,-0.007697,-0.439373,0.790234,1790,1476,1503,1346,1800
6171,6.171000,1,-1,0,-0.207937,3.712591,-4.901602,2.020546,15.851732,-2.238328,1.138110,0.827867,reactive_fallback,detected,0.818469,-0.257779,0.003466,2.847827,235.634,178.891,-0.073844,-0.008165,-0.464165,0.784399,1784,1474,1503,1338,1800
6180,6.180000,0,-1,0,-0.206638,3.672576,-4.929727,2.017390,15.909597,-2.244891,1.138732,0.836981,reactive_fallback,detected,0.818469,-0.257779,0.003466,2.847827,235.634,178.891,-0.073844,-0.007865,-0.464165,0.784399,1784,1474,1503,1338,1800
6200,6.200000,0,-1,0,-0.201749,3.581817,-4.991721,2.006698,16.038129,-2.259177,1.140109,0.857671,reactive_fallback,detected,0.818469,-0.257779,0.003466,2.847827,235.634,178.891,-0.073844,-0.006738,-0.464165,0.784399,1784,1474,1502,1338,1800
6204,6.204000,1,-1,0,-0.200826,3.562523,-5.004092,2.005492,16.063824,-2.261985,1.140384,0.861971,reactive_fallback,detected,0.814639,-0.271438,-0.002941,2.719389,230.942,180.941,-0.077393,-0.007104,-0.486472,0.779594,1780,1473,1502,1330,1800
6220,6.220000,0,-1,0,-0.197320,3.481916,-5.056199,1.996292,16.166560,-2.273050,1.141480,0.879692,reactive_fallback,detected,0.814639,-0.271438,-0.002941,2.719389,230.942,180.941,-0.077393,-0.006386,-0.486472,0.779594,1780,1473,1502,1330,1800
6237,6.237000,1,-1,0,-0.193399,3.391250,-5.110517,1.989996,16.275632,-2.284509,1.142641,0.899309,reactive_fallback,detected,0.809563,-0.284962,-0.014235,2.586401,226.261,184.555,-0.080743,-0.006904,-0.507528,0.771123,1771,1472,1502,1322,1800
6240,6.240000,0,-1,0,-0.192637,3.374815,-5.119757,1.989935,16.294870,-2.286499,1.142846,0.902845,reactive_fallback,detected,0.809563,-0.284962,-0.014235,2.586401,226.261,184.555,-0.080743,-0.006768,-0.507528,0.771123,1771,1472,1502,1322,1800
6260,6.260000,0,-1,0,-0.186097,3.263085,-5.185861,1.973567,16.423041,-2.299520,1.144204,0.926734,reactive_fallback,detected,0.809563,-0.284962,-0.014235,2.586401,226.261,184.555,-0.080743,-0.005597,-0.507528,0.771123,1771,1472,1502,1322,1800
6270,6.270000,1,-1,0,-0.182884,3.203437,-5.218902,1.965022,16.487062,-2.305872,1.144878,0.939145,reactive_fallback,detected,0.806264,-0.296889,-0.027490,2.471878,222.102,188.799,-0.083780,-0.006524,-0.526617,0.761182,1761,1471,1502,1316,1800
6280,6.280000,0,-1,0,-0.180698,3.139609,-5.250545,1.963791,16.551033,-2.312117,1.145551,0.952123,reactive_fallback,detected,0.806264,-0.296889,-0.027490,2.471878,222.102,188.799,-0.083780,-0.006179,-0.526617,0.761182,1761,1471,1502,1316,1800
6300,6.300000,0,-1,0,-0.173657,3.010845,-5.314179,1.951036,16.678814,-2.324286,1.146883,0.978309,reactive_fallback,detected,0.806264,-0.296889,-0.027490,2.471878,222.102,188.799,-0.083780,-0.005067,-0.526617,0.761182,1761,1471,1502,1316,1800
6303,6.303000,1,-1,0,-0.172221,2.991420,-5.323852,1.947501,16.697961,-2.326074,1.147081,0.982242,reactive_fallback,detected,0.806264,-0.296889,-0.027490,2.471878,222.102,188.799,-0.083780,-0.004840,-0.526617,0.761182,1761,1471,1502,1316,1800
6320,6.320000,0,-1,0,-0.165340,2.874788,-5.378178,1.932056,16.806350,-2.336036,1.148207,1.005311,reactive_fallback,detected,0.806264,-0.296889,-0.027490,2.471878,222.102,188.799,-0.083780,-0.003753,-0.526617,0.761182,1761,1471,1501,1316,1800
6336,6.336000,1,-1,0,-0.161134,2.755953,-5.427620,1.927890,16.908190,-2.345143,1.149267,1.028268,reactive_fallback,detected,0.819410,-0.309310,-0.029639,2.422813,217.739,189.487,-0.088708,-0.003256,-0.557593,0.759570,1760,1469,1501,1305,1800
6340,6.340000,0,-1,0,-0.159704,2.726440,-5.440158,1.924979,16.933624,-2.347378,1.149533,1.033999,reactive_fallback,detected,0.819410,-0.309310,-0.029639,2.422813,217.739,189.487,-0.088708,-0.003042,-0.557593,0.759570,1760,1469,1501,1305,1800
6360,6.360000,0,-1,0,-0.151071,2.577561,-5.502624,1.903232,17.060640,-2.358308,1.150864,1.062755,reactive_fallback,detected,0.819410,-0.309310,-0.029639,2.422813,217.739,189.487,-0.088708,-0.001747,-0.557593,0.759570,1760,1469,1501,1305,1800
6369,6.369000,1,-1,0,-0.148804,2.505302,-5.529690,1.898432,17.117710,-2.363093,1.151464,1.076392,reactive_fallback,detected,0.834061,-0.320681,-0.028324,2.411335,213.714,189.066,-0.093614,-0.001194,-0.588429,0.760557,1761,1467,1500,1294,1800
6380,6.380000,0,-1,0,-0.146231,2.415415,-5.561809,1.893776,17.187389,-2.368824,1.152200,1.093350,reactive_fallback,detected,0.834061,-0.320681,-0.028324,2.411335,213.714,189.066,-0.093614,-0.000813,-0.588429,0.760557,1761,1467,1500,1294,1800
6400,6.400000,0,-1,0,-0.136749,2.255922,-5.619049,1.871853,17.313877,-2.378904,1.153543,1.123718,reactive_fallback,detected,0.834061,-0.320681,-0.028324,2.411335,213.714,189.066,-0.093614,0.000000,-0.588429,0.760557,1761,1467,1500,1294,1800
6402,6.402000,1,-1,0,-0.135635,2.239748,-5.624536,1.869648,17.326511,-2.379888,1.153678,1.126775,reactive_fallback,detected,0.848343,-0.330593,-0.027247,2.412115,210.180,188.721,-0.098160,0.000000,-0.617003,0.761364,1761,1466,1500,1284,1800
6420,6.420000,0,-1,0,-0.127571,2.085957,-5.673058,1.854125,17.440095,-2.388556,1.154894,1.155361,reactive_fallback,detected,0.848343,-0.330593,-0.027247,2.412115,210.180,188.721,-0.098160,0.000000,-0.617003,0.761364,1761,1466,1500,1284,1800
6435,6.435000,1,-1,0,-0.122031,1.950311,-5.712596,1.840700,17.534576,-2.395522,1.155912,1.180285,reactive_fallback,detected,0.864151,-0.339883,-0.028740,2.426108,206.846,189.199,-0.102799,0.000000,-0.646162,0.760244,1760,1464,1500,1274,1800
6440,6.440000,0,-1,0,-0.119500,1.905280,-5.724983,1.835925,17.566034,-2.397791,1.156252,1.188575,reactive_fallback,detected,0.864151,-0.339883,-0.028740,2.426108,206.846,189.199,-0.102799,0.000000,-0.646162,0.760244,1760,1464,1500,1274,1800
6460,6.460000,0,-1,0,-0.109681,1.717808,-5.771347,1.821081,17.691688,-2.406606,1.157615,1.222675,reactive_fallback,detected,0.864151,-0.339883,-0.028740,2.426108,206.846,189.199,-0.102799,0.000000,-0.646162,0.760244,1760,1464,1500,1274,1800
6468,6.468000,1,-1,0,-0.106975,1.637824,-5.789512,1.815105,17.741868,-2.410017,1.158161,1.237047,reactive_fallback,detected,0.893399,-0.346517,-0.033495,2.460395,204.452,190.722,-0.108352,0.000000,-0.681071,0.756678,1757,1462,1500,1262,1800
6480,6.480000,0,-1,0,-0.101414,1.517963,-5.816480,1.799182,17.817049,-2.415006,1.158982,1.258640,reactive_fallback,detected,0.893399,-0.346517,-0.033495,2.460395,204.452,190.722,-0.108352,0.000000,-0.681071,0.756678,1757,1462,1500,1262,1800
6500,6.500000,0,-1,0,-0.088098,1.315532,-5.853076,1.776952,17.942097,-2.422986,1.160348,1.294799,reactive_fallback,detected,0.893399,-0.346517,-0.033495,2.460395,204.452,190.722,-0.108352,0.000000,-0.681071,0.756678,1757,1462,1500,1262,1800
6501,6.501000,1,-1,0,-0.087580,1.304778,-5.854567,1.776689,17.948341,-2.423375,1.160417,1.296691,reactive_fallback,detected,0.923540,-0.352037,-0.041160,2.514751,202.452,193.179,-0.113792,0.000000,-0.715263,0.750930,1751,1460,1500,1250,1800
6520,6.520000,0,-1,0,-0.080422,1.091128,-5.882692,1.765253,18.066799,-2.430579,1.161708,1.334113,reactive_fallback,detected,0.923540,-0.352037,-0.041160,2.514751,202.452,193.179,-0.113792,0.000000,-0.715263,0.750930,1751,1460,1500,1250,1800
6534,6.534000,1,-1,0,-0.071272,0.934736,-5.900338,1.743177,18.153867,-2.435656,1.162644,1.361565,reactive_fallback,detected,0.918016,-0.378985,-0.059478,2.588312,192.565,199.055,-0.121770,0.000000,-0.765410,0.737191,1737,1457,1500,1232,1800
6540,6.540000,0,-1,0,-0.066807,0.866701,-5.905897,1.735494,18.191119,-2.437774,1.163046,1.373435,reactive_fallback,detected,0.918016,-0.378985,-0.059478,2.588312,192.565,199.055,-0.121770,0.000000,-0.765410,0.737191,1737,1457,1500,1232,1800
6560,6.560000,0,-1,0,-0.056782,0.623202,-5.916316,1.719475,18.315003,-2.444597,1.164368,1.415491,reactive_fallback,detected,0.918016,-0.378985,-0.059478,2.588312,192.565,199.055,-0.121770,0.000000,-0.765410,0.737191,1737,1457,1500,1232,1800
6567,6.567000,1,-1,0,-0.053263,0.535526,-5.918236,1.710503,18.358252,-2.446898,1.164825,1.430658,reactive_fallback,detected,0.874367,-0.361956,-0.080600,2.690756,198.836,205.848,-0.110769,0.000000,-0.696261,0.721349,1721,1461,1500,1256,1800
6580,6.580000,0,-1,0,-0.043805,0.373919,-5.919565,1.688702,18.438412,-2.451050,1.165675,1.458671,reactive_fallback,detected,0.874367,-0.361956,-0.080600,2.690756,198.836,205.848,-0.110769,0.000000,-0.696261,0.721349,1721,1461,1500,1256,1800
6600,6.600000,1,-1,0,-0.030540,0.113755,-5.909793,1.658400,18.561306,-2.457152,1.166973,1.503482,reactive_fallback,detected,0.847293,-0.340800,-0.103034,2.801570,206.516,213.088,-0.101065,0.000000,-0.635267,0.704524,1705,1465,1500,1278,1800
6620,6.620000,0,-1,0,-0.018644,-0.151692,-5.884401,1.636450,18.683639,-2.462923,1.168258,1.549490,reactive_fallback,detected,0.847293,-0.340800,-0.103034,2.801570,206.516,213.088,-0.101065,0.000000,-0.635267,0.704524,1705,1465,1500,1278,1800
6633,6.633000,1,-1,0,-0.008699,-0.319677,-5.861828,1.616842,18.762836,-2.466500,1.169081,1.578767,reactive_fallback,detected,0.847293,-0.340800,-0.103034,2.801570,206.516,213.088,-0.101065,0.000000,-0.635267,0.704524,1705,1465,1500,1278,1800
6640,6.640000,0,-1,0,-0.004641,-0.411316,-5.846757,1.608111,18.805371,-2.468375,1.169522,1.594759,reactive_fallback,detected,0.847293,-0.340800,-0.103034,2.801570,206.516,213.088,-0.101065,0.000000,-0.635267,0.704524,1705,1465,1500,1278,1800
6660,6.660000,0,-1,0,0.005725,-0.668309,-5.794168,1.590957,18.926472,-2.473532,1.170780,1.640142,reactive_fallback,detected,0.847293,-0.340800,-0.103034,2.801570,206.516,213.088,-0.101065,0.000000,-0.635267,0.704524,1705,1465,1500,1278,1800
6666,6.666000,1,-1,0,0.010393,-0.741115,-5.777246,1.584300,18.962681,-2.475021,1.171158,1.653170,reactive_fallback,detected,0.814829,-0.282143,-0.145710,3.029535,227.240,226.960,-0.080465,0.000000,-0.505777,0.672517,1673,1472,1500,1323,1800
6680,6.680000,0,-1,0,0.021429,-0.908773,-5.734897,1.565693,19.046949,-2.478403,1.172041,1.683244,reactive_fallback,detected,0.814829,-0.282143,-0.145710,3.029535,227.240,226.960,-0.080465,0.000000,-0.505777,0.672517,1673,1472,1500,1323,1800
6699,6.699000,1,-1,0,0.029391,-1.138921,-5.664899,1.541996,19.160792,-2.482807,1.173207,1.724933,reactive_fallback,detected,0.814829,-0.282143,-0.145710,3.029535,227.240,226.960,-0.080465,0.000000,-0.505777,0.672517,1673,1472,1500,1323,1800
6700,6.700000,0,-1,0,0.029822,-1.150602,-5.660986,1.540589,19.166766,-2.483032,1.173267,1.727083,reactive_fallback,detected,0.814829,-0.282143,-0.145710,3.029535,227.240,226.960,-0.080465,0.000000,-0.505777,0.672517,1673,1472,1500,1323,1800
6720,6.720000,0,-1,0,0.042892,-1.369464,-5.578982,1.516704,19.285862,-2.487422,1.174462,1.768003,reactive_fallback,detected,0.814829,-0.282143,-0.145710,3.029535,227.240,226.960,-0.080465,0.000000,-0.505777,0.672517,1673,1472,1500,1323,1800
6732,6.732000,1,-1,0,0.049383,-1.496483,-5.524954,1.508289,19.356967,-2.489953,1.175177,1.792028,reactive_fallback,detected,0.803237,-0.251166,-0.167004,3.162236,237.893,233.944,-0.070611,0.000000,-0.443841,0.656547,1657,1475,1500,1345,1800
6740,6.740000,0,-1,0,0.051900,-1.580925,-5.488180,1.499867,19.404226,-2.491602,1.175655,1.808148,reactive_fallback,detected,0.803237,-0.251166,-0.167004,3.162236,237.893,233.944,-0.070611,0.000000,-0.443841,0.656547,1657,1475,1500,1345,1800
6760,6.760000,0,-1,0,0.061823,-1.775667,-5.395427,1.473186,19.521868,-2.495581,1.176842,1.846380,reactive_fallback,detected,0.803237,-0.251166,-0.167004,3.162236,237.893,233.944,-0.070611,0.000000,-0.443841,0.656547,1657,1475,1500,1345,1800
6765,6.765000,1,-1,0,0.065201,-1.821064,-5.371101,1.469250,19.551163,-2.496546,1.177136,1.855473,reactive_fallback,detected,0.792238,-0.220785,-0.188287,3.309237,248.178,240.974,-0.061220,0.000000,-0.384811,0.640584,1641,1479,1500,1365,1800
6780,6.780000,0,-1,0,0.071505,-1.958614,-5.294406,1.459176,19.638768,-2.499380,1.178014,1.883115,reactive_fallback,detected,0.792238,-0.220785,-0.188287,3.309237,248.178,240.974,-0.061220,0.000000,-0.384811,0.640584,1641,1479,1500,1365,1800
6798,6.798000,1,-1,0,0.075920,-2.116805,-5.201238,1.436545,19.743338,-2.502659,1.179051,1.915840,reactive_fallback,detected,0.783520,-0.192208,-0.206573,3.445028,257.725,247.060,-0.052710,0.000000,-0.331317,0.626870,1627,1482,1500,1384,1800
6800,6.800000,0,-1,0,0.076965,-2.132815,-5.191107,1.433908,19.754919,-2.503014,1.179166,1.919263,reactive_fallback,detected,0.783520,-0.192208,-0.206573,3.445028,257.725,247.060,-0.052710,0.000000,-0.331317,0.626870,1627,1482,1500,1384,1800
6820,6.820000,0,-1,0,0.088618,-2.285259,-5.086117,1.418835,19.870303,-2.506480,1.180300,1.952352,reactive_fallback,detected,0.783520,-0.192208,-0.206573,3.445028,257.725,247.060,-0.052710,0.000000,-0.331317,0.626870,1627,1482,1500,1384,1800
6831,6.831000,1,-1,0,0.090756,-2.369936,-5.025802,1.407769,19.933434,-2.508330,1.180915,1.970836,reactive_fallback,detected,0.780287,-0.165821,-0.222655,3.573361,266.446,252.451,-0.045286,0.000000,-0.284653,0.614808,1615,1484,1500,1400,1800
6840,6.840000,0,-1,0,0.092328,-2.435981,-4.976921,1.396899,19.984911,-2.509814,1.181415,1.985619,reactive_fallback,detected,0.780287,-0.165821,-0.222655,3.573361,266.446,252.451,-0.045286,0.000000,-0.284653,0.614808,1615,1484,1500,1400,1800
6860,6.860000,0,-1,0,0.102589,-2.564142,-4.870255,1.382367,20.098735,-2.513008,1.182513,2.015774,reactive_fallback,detected,0.780287,-0.165821,-0.222655,3.573361,266.446,252.451,-0.045286,0.000000,-0.284653,0.614808,1615,1484,1500,1400,1800
6864,6.864000,1,-1,0,0.104139,-2.589211,-4.848808,1.378777,20.121406,-2.513634,1.182731,2.021715,reactive_fallback,detected,0.772605,-0.140150,-0.240692,3.735259,274.856,258.544,-0.037898,0.000000,-0.238217,0.601280,1601,1487,1500,1417,1800
6880,6.880000,0,-1,0,0.105374,-2.690845,-4.761424,1.359746,20.211775,-2.516096,1.183599,2.045839,reactive_fallback,detected,0.772605,-0.140150,-0.240692,3.735259,274.856,258.544,-0.037898,0.000000,-0.238217,0.601280,1601,1487,1500,1417,1800
6897,6.897000,1,-1,0,0.110817,-2.782991,-4.672334,1.342984,20.307238,-2.518628,1.184510,2.069331,reactive_fallback,detected,0.608912,-0.118539,-0.256454,3.914230,281.889,263.913,-0.025263,0.000000,-0.158795,0.589459,1589,1491,1500,1444,1800
6900,6.900000,0,-1,0,0.112356,-2.797680,-4.657028,1.340729,20.324025,-2.519066,1.184669,2.073230,reactive_fallback,detected,0.608912,-0.118539,-0.256454,3.914230,281.889,263.913,-0.025263,0.000000,-0.158795,0.589459,1589,1491,1500,1444,1800
6920,6.920000,0,-1,0,0.117213,-2.897057,-4.552769,1.322069,20.435481,-2.521938,1.185726,2.099378,reactive_fallback,detected,0.608912,-0.118539,-0.256454,3.914230,281.889,263.913,-0.025263,0.000000,-0.158795,0.589459,1589,1491,1500,1444,1800
6930,6.930000,1,-1,0,0.118207,-2.943802,-4.500233,1.314808,20.490910,-2.523343,1.186248,2.112076,reactive_fallback,detected,0.597576,-0.099594,-0.269190,4.076243,288.024,268.284,-0.020830,0.000000,-0.130933,0.579907,1580,1493,1500,1454,1800
6940,6.940000,0,-1,0,0.121922,-2.984061,-4.450574,1.310204,20.546141,-2.524722,1.186767,2.123775,reactive_fallback,detected,0.597576,-0.099594,-0.269190,4.076243,288.024,268.284,-0.020830,0.000000,-0.130933,0.579907,1580,1493,1500,1454,1800
6960,6.960000,0,-1,0,0.129634,-3.057737,-4.355811,1.295337,20.656018,-2.527427,1.187797,2.145782,reactive_fallback,detected,0.597576,-0.099594,-0.269190,4.076243,288.024,268.284,-0.020830,0.000000,-0.130933,0.579907,1580,1493,1500,1454,1800
6963,6.963000,1,-1,0,0.129808,-3.069266,-4.341231,1.292460,20.672433,-2.527829,1.187950,2.149125,reactive_fallback,detected,0.585679,-0.084282,-0.280533,4.221339,292.966,272.202,-0.017277,0.000000,-0.108597,0.571399,1571,1494,1500,1462,1800
6980,6.980000,0,-1,0,0.130871,-3.129701,-4.258215,1.286141,20.765122,-2.530087,1.188817,2.167350,reactive_fallback,detected,0.585679,-0.084282,-0.280533,4.221339,292.966,272.202,-0.017277,0.000000,-0.108597,0.571399,1571,1494,1500,1462,1800
6996,6.996000,1,-1,0,0.137889,-3.173336,-4.189798,1.278273,20.851862,-2.532173,1.189626,2.182353,reactive_fallback,detected,0.577480,-0.073098,-0.293022,4.426676,296.567,276.546,-0.014774,0.000000,-0.092868,0.562033,1562,1495,1500,1467,1800
7000,7.000000,0,-1,0,0.139271,-3.184201,-4.173845,1.272230,20.873472,-2.532692,1.189827,2.186032,reactive_fallback,detected,0.577480,-0.073098,-0.293022,4.426676,296.567,276.546,-0.014774,0.000000,-0.092868,0.562033,1562,1495,1500,1467,1800
7020,7.020000,0,-1,0,0.138268,-3.243744,-4.083204,1.258085,20.981080,-2.535283,1.190830,2.205084,reactive_fallback,detected,0.577480,-0.073098,-0.293022,4.426676,296.567,276.546,-0.014774,0.000000,-0.092868,0.562033,1562,1495,1500,1467,1800
7029,7.029000,1,-1,0,0.139850,-3.264845,-4.043102,1.263837,21.029262,-2.536439,1.191278,2.212838,reactive_fallback,detected,0.572788,-0.066243,-0.305333,4.665202,298.771,280.861,-0.013280,0.000000,-0.083474,0.552799,1553,1495,1500,1471,1800
7040,7.040000,0,-1,0,0.145012,-3.285359,-4.003197,1.256535,21.087958,-2.537838,1.191823,2.221398,reactive_fallback,detected,0.572788,-0.066243,-0.305333,4.665202,298.771,280.861,-0.013280,0.000000,-0.083474,0.552799,1553,1495,1500,1471,1800
7060,7.060000,0,-1,0,0.144702,-3.330990,-3.927029,1.224006,21.194126,-2.540379,1.192807,2.237799,reactive_fallback,detected,0.572788,-0.066243,-0.305333,4.665202,298.771,280.861,-0.013280,0.000000,-0.083474,0.552799,1553,1495,1500,1471,1800
7062,7.062000,1,-1,0,0.144344,-3.335499,-3.917986,1.225089,21.204703,-2.540633,1.192905,2.239433,reactive_fallback,detected,0.570730,-0.059305,-0.314232,4.853933,301.000,284.000,-0.011847,-0.000413,-0.074464,0.546125,1546,1496,1500,1474,1800
7080,7.080000,0,-1,0,0.149613,-3.362814,-3.845130,1.249274,21.299584,-2.542905,1.193786,2.252093,reactive_fallback,detected,0.570730,-0.059305,-0.314232,4.853933,301.000,284.000,-0.011847,0.000000,-0.074464,0.546125,1546,1496,1500,1474,1800
7095,7.095000,1,-1,0,0.153710,-3.384520,-3.801060,1.223285,21.378246,-2.544782,1.194513,2.262040,reactive_fallback,detected,0.572854,-0.057748,-0.324092,4.881356,301.500,287.500,-0.011578,-0.000670,-0.072779,0.538730,1539,1496,1500,1475,1800
7100,7.100000,0,-1,0,0.151910,-3.395023,-3.784125,1.210934,21.404384,-2.545409,1.194756,2.265768,reactive_fallback,detected,0.572854,-0.057748,-0.324092,4.881356,301.500,287.500,-0.011578,-0.001586,-0.072779,0.538730,1539,1496,1501,1475,1800
7120,7.120000,0,-1,0,0.149739,-3.424839,-3.704879,1.229648,21.508520,-2.547910,1.195724,2.279051,reactive_fallback,detected,0.572854,-0.057748,-0.324092,4.881356,301.500,287.500,-0.011578,-0.002691,-0.072779,0.538730,1539,1496,1501,1475,1800
7128,7.128000,1,-1,0,0.155223,-3.427870,-3.682376,1.238423,21.549997,-2.548892,1.196108,2.282945,reactive_fallback,detected,0.576026,-0.057748,-0.331096,4.881356,301.500,290.000,-0.011643,-0.003484,-0.073182,0.533477,1533,1496,1501,1474,1800
7140,7.140000,0,-1,0,0.157212,-3.440225,-3.657162,1.203690,21.612035,-2.550355,1.196683,2.289621,reactive_fallback,detected,0.576026,-0.057748,-0.331096,4.881356,301.500,290.000,-0.011643,-0.002466,-0.073182,0.533477,1533,1496,1501,1474,1800
7160,7.160000,0,-1,0,0.151083,-3.466478,-3.588490,1.197269,21.714927,-2.552796,1.197639,2.301566,reactive_fallback,detected,0.576026,-0.057748,-0.331096,4.881356,301.500,290.000,-0.011643,-0.005603,-0.073182,0.533477,1533,1496,1502,1474,1800
7161,7.161000,1,-1,0,0.151600,-3.466637,-3.584893,1.201108,21.720054,-2.552917,1.197687,2.301997,reactive_fallback,detected,0.577288,-0.059305,-0.335282,4.965517,301.000,291.500,-0.011983,-0.007664,-0.075320,0.530338,1530,1496,1503,1474,1800
7180,7.180000,0,-1,0,0.163460,-3.468352,-3.543233,1.209178,21.817220,-2.555185,1.198591,2.309453,reactive_fallback,detected,0.577288,-0.059305,-0.335282,4.965517,301.000,291.500,-0.011983,-0.001445,-0.075320,0.530338,1530,1496,1501,1474,1800
7194,7.194000,1,-1,0,0.155060,-3.489014,-3.510334,1.158399,21.888496,-2.556859,1.199259,2.317354,reactive_fallback,detected,0.577906,-0.064328,-0.344538,5.122542,299.387,294.832,-0.013011,-0.011120,-0.081786,0.523396,1523,1495,1504,1471,1800
7200,7.200000,0,-1,0,0.153113,-3.494529,-3.488946,1.166863,21.918953,-2.557577,1.199548,2.320352,reactive_fallback,detected,0.577906,-0.064328,-0.344538,5.122542,299.387,294.832,-0.013011,-0.012181,-0.081786,0.523396,1523,1495,1504,1471,1800
7220,7.220000,0,-1,0,0.168092,-3.487512,-3.439223,1.226541,22.020129,-2.559928,1.200510,2.326245,reactive_fallback,detected,0.577906,-0.064328,-0.344538,5.122542,299.387,294.832,-0.013011,-0.004021,-0.081786,0.523396,1523,1495,1501,1471,1800
7227,7.227000,1,-1,0,0.168329,-3.492203,-3.432738,1.198868,22.055432,-2.560744,1.200847,2.329047,reactive_fallback,detected,0.581975,-0.073710,-0.357072,5.258169,296.370,299.380,-0.015014,-0.011063,-0.094374,0.513995,1514,1495,1504,1467,1800
7240,7.240000,0,-1,0,0.157703,-3.511924,-3.406076,1.145454,22.120835,-2.562272,1.201478,2.335821,reactive_fallback,detected,0.581975,-0.073710,-0.357072,5.258169,296.370,299.380,-0.015014,-0.017037,-0.094374,0.513995,1514,1495,1506,1467,1800
7260,7.260000,1,-1,0,0.166310,-3.508044,-3.347967,1.221746,22.221030,-2.564601,1.202455,2.341645,reactive_fallback,detected,0.581975,-0.073710,-0.357072,5.258169,296.370,299.380,-0.015014,-0.012198,-0.094374,0.513995,1514,1495,1504,1467,1800
7280,7.280000,0,-1,0,0.167385,-3.517201,-3.333633,1.154134,22.320821,-2.566887,1.203433,2.348220,reactive_fallback,detected,0.581975,-0.073710,-0.357072,5.258169,296.370,299.380,-0.015014,-0.011593,-0.094374,0.513995,1514,1495,1504,1467,1800
7293,7.293000,1,-1,0,0.154572,-3.534603,-3.304353,1.111957,22.385445,-2.568393,1.204072,2.354319,reactive_fallback,detected,0.579973,-0.080543,-0.364390,5.396248,294.170,302.055,-0.016349,-0.023454,-0.102768,0.508507,1509,1494,1508,1464,1800
