tick,timestamp_s,frame_fresh,last_gate_passed,next_gate_index,body_forward_elevation_rad,mode,confidence,bearing_h_rad,bearing_v_rad,distance_m,pixel_x,pixel_y,roll_rate_rad_s,pitch_rate_rad_s,yaw_rate_rad_s,thrust_norm,rc_throttle,rc_roll,rc_pitch,rc_yaw,rc_arm
1600,1.600000,0,-1,0,0.000030,detected,0.863487,-0.016821,-0.201407,8.452605,314.617,245.336,-0.005084,-0.041068,-0.031955,0.630744,1631,1498,1514,1489,1800
1617,1.617000,1,-1,0,0.000213,detected,0.873836,-0.015624,-0.201899,8.470588,315.000,245.500,-0.004778,-0.042014,-0.030036,0.630375,1630,1498,1515,1489,1800
1620,1.620000,0,-1,0,0.000238,detected,0.873836,-0.015624,-0.201899,8.470588,315.000,245.500,-0.004778,-0.041982,-0.030036,0.630375,1630,1498,1515,1489,1800
1640,1.640000,0,-1,0,0.000266,detected,0.873836,-0.015624,-0.201899,8.470588,315.000,245.500,-0.004778,-0.041946,-0.030036,0.630375,1630,1498,1515,1489,1800
1650,1.650000,1,-1,0,0.000183,detected,0.867944,-0.015624,-0.204896,8.470588,315.000,246.500,-0.004746,-0.045604,-0.029833,0.628127,1628,1498,1516,1490,1800
1660,1.660000,0,-1,0,0.000060,detected,0.867944,-0.015624,-0.204896,8.470588,315.000,246.500,-0.004746,-0.045762,-0.029833,0.628127,1628,1498,1516,1490,1800
1680,1.680000,0,-1,0,-0.000221,detected,0.867944,-0.015624,-0.204896,8.470588,315.000,246.500,-0.004746,-0.046121,-0.029833,0.628127,1628,1498,1516,1490,1800
1683,1.683000,1,-1,0,-0.000309,detected,0.869826,-0.015624,-0.204896,8.470588,315.000,246.500,-0.004756,-0.046334,-0.029898,0.628127,1628,1498,1516,1490,1800
1700,1.700000,0,-1,0,-0.000614,detected,0.869826,-0.015624,-0.204896,8.470588,315.000,246.500,-0.004756,-0.046724,-0.029898,0.628127,1628,1498,1516,1490,1800
1716,1.716000,1,-1,0,-0.000616,detected,0.871399,-0.015624,-0.206394,8.470588,315.000,247.000,-0.004765,-0.048735,-0.029952,0.627004,1627,1498,1517,1490,1800
1720,1.720000,0,-1,0,-0.000618,detected,0.871399,-0.015624,-0.206394,8.470588,315.000,247.000,-0.004765,-0.048737,-0.029952,0.627004,1627,1498,1517,1490,1800
1740,1.740000,0,-1,0,-0.000830,detected,0.871399,-0.015624,-0.206394,8.470588,315.000,247.000,-0.004765,-0.049010,-0.029952,0.627004,1627,1498,1517,1490,1800
1749,1.749000,1,-1,0,-0.000838,detected,0.871399,-0.015624,-0.206394,8.470588,315.000,247.000,-0.004765,-0.049020,-0.029952,0.627004,1627,1498,1517,1490,1800
1760,1.760000,0,-1,0,-0.000930,detected,0.871399,-0.015624,-0.206394,8.470588,315.000,247.000,-0.004765,-0.049138,-0.029952,0.627004,1627,1498,1517,1490,1800
1780,1.780000,0,-1,0,-0.001330,detected,0.871399,-0.015624,-0.206394,8.470588,315.000,247.000,-0.004765,-0.049652,-0.029952,0.627004,1627,1498,1517,1490,1800
1782,1.782000,1,-1,0,-0.001383,detected,0.875050,-0.015624,-0.206394,8.470588,315.000,247.000,-0.004785,-0.049928,-0.030077,0.627004,1627,1498,1517,1489,1800
1800,1.800000,0,-1,0,-0.001485,detected,0.875050,-0.015624,-0.206394,8.470588,315.000,247.000,-0.004785,-0.050060,-0.030077,0.627004,1627,1498,1518,1489,1800
1815,1.815000,1,-1,0,-0.001593,detected,0.878512,-0.015624,-0.207890,8.470588,315.000,247.500,-0.004804,-0.052335,-0.030196,0.625882,1626,1498,1518,1489,1800
1820,1.820000,0,-1,0,-0.001631,detected,0.878512,-0.015624,-0.207890,8.470588,315.000,247.500,-0.004804,-0.052386,-0.030196,0.625882,1626,1498,1518,1489,1800
1840,1.840000,0,-1,0,-0.001573,detected,0.878512,-0.015624,-0.207890,8.470588,315.000,247.500,-0.004804,-0.052310,-0.030196,0.625882,1626,1498,1518,1489,1800
1848,1.848000,1,-1,0,-0.001722,detected,0.867521,-0.017316,-0.209868,8.446800,314.458,248.161,-0.005258,-0.054272,-0.033049,0.624398,1624,1498,1519,1488,1800
1860,1.860000,0,-1,0,-0.002157,detected,0.867521,-0.017316,-0.209868,8.446800,314.458,248.161,-0.005258,-0.054827,-0.033049,0.624398,1624,1498,1519,1488,1800
1880,1.880000,0,-1,0,-0.002793,detected,0.867521,-0.017316,-0.209868,8.446800,314.458,248.161,-0.005258,-0.055638,-0.033049,0.624398,1624,1498,1519,1488,1800
1881,1.881000,1,-1,0,-0.002785,detected,0.875430,-0.015624,-0.210880,8.470588,315.000,248.500,-0.004787,-0.057548,-0.030090,0.623639,1624,1498,1520,1489,1800
1900,1.900000,0,-1,0,-0.003190,detected,0.875430,-0.015624,-0.210880,8.470588,315.000,248.500,-0.004787,-0.058071,-0.030090,0.623639,1624,1498,1520,1489,1800
1914,1.914000,1,-1,0,-0.003714,detected,0.874469,-0.015624,-0.210880,8.470588,315.000,248.500,-0.004782,-0.058682,-0.030057,0.623639,1624,1498,1521,1489,1800
1920,1.920000,0,-1,0,-0.003893,detected,0.874469,-0.015624,-0.210880,8.470588,315.000,248.500,-0.004782,-0.058914,-0.030057,0.623639,1624,1498,1521,1489,1800
1940,1.940000,0,-1,0,-0.004777,detected,0.874469,-0.015624,-0.210880,8.470588,315.000,248.500,-0.004782,-0.060052,-0.030057,0.623639,1624,1498,1521,1489,1800
1947,1.947000,1,-1,0,-0.005200,detected,0.877911,-0.015624,-0.212373,8.470588,315.000,249.000,-0.004801,-0.062769,-0.030176,0.622519,1623,1498,1522,1489,1800
1960,1.960000,0,-1,0,-0.005670,detected,0.877911,-0.015624,-0.212373,8.470588,315.000,249.000,-0.004801,-0.063377,-0.030176,0.622519,1623,1498,1522,1489,1800
1980,1.980000,1,-1,0,-0.006132,detected,0.877604,-0.015624,-0.212373,8.470588,315.000,249.000,-0.004799,-0.063953,-0.030165,0.622519,1623,1498,1522,1489,1800
2000,2.000000,0,-1,0,-0.007361,detected,0.877604,-0.015624,-0.212373,8.470588,315.000,249.000,-0.004799,-0.065542,-0.030165,0.622519,1623,1498,1523,1489,1800
2013,2.013000,1,-1,0,-0.008113,detected,0.883849,-0.015624,-0.210880,8.470588,315.000,248.500,-0.004833,-0.065044,-0.030380,0.623639,1624,1498,1523,1489,1800
2020,2.020000,0,-1,0,-0.008429,detected,0.883849,-0.015624,-0.210880,8.470588,315.000,248.500,-0.004833,-0.065455,-0.030380,0.623639,1624,1498,1523,1489,1800
2040,2.040000,0,-1,0,-0.009309,detected,0.883849,-0.015624,-0.210880,8.470588,315.000,248.500,-0.004833,-0.066601,-0.030380,0.623639,1624,1498,1523,1489,1800
2046,2.046000,1,-1,0,-0.009372,detected,0.883643,-0.015624,-0.210880,8.470588,315.000,248.500,-0.004832,-0.066668,-0.030373,0.623639,1624,1498,1523,1489,1800
2060,2.060000,0,-1,0,-0.009785,detected,0.883643,-0.015624,-0.210880,8.470588,315.000,248.500,-0.004832,-0.067205,-0.030373,0.623639,1624,1498,1524,1489,1800
2079,2.079000,1,-1,0,-0.011351,detected,0.883643,-0.015624,-0.210880,8.470588,315.000,248.500,-0.004832,-0.069245,-0.030373,0.623639,1624,1498,1524,1489,1800
2080,2.080000,0,-1,0,-0.011451,detected,0.883643,-0.015624,-0.210880,8.470588,315.000,248.500,-0.004832,-0.069375,-0.030373,0.623639,1624,1498,1524,1489,1800
2100,2.100000,0,-1,0,-0.013498,detected,0.883643,-0.015624,-0.210880,8.470588,315.000,248.500,-0.004832,-0.072041,-0.030373,0.623639,1624,1498,1525,1489,1800
2112,2.112000,1,-1,0,-0.014497,detected,0.884211,-0.015624,-0.210880,8.470588,315.000,248.500,-0.004835,-0.073390,-0.030392,0.623639,1624,1498,1526,1489,1800
2120,2.120000,0,-1,0,-0.014697,detected,0.884211,-0.015624,-0.210880,8.470588,315.000,248.500,-0.004835,-0.073650,-0.030392,0.623639,1624,1498,1526,1489,1800
2140,2.140000,0,-1,0,-0.016834,detected,0.884211,-0.015624,-0.210880,8.470588,315.000,248.500,-0.004835,-0.076436,-0.030392,0.623639,1624,1498,1527,1489,1800
2145,2.145000,1,-1,0,-0.017662,detected,0.876708,-0.015903,-0.208469,8.389343,314.911,247.694,-0.004880,-0.073719,-0.030673,0.625447,1625,1498,1526,1489,1800
2160,2.160000,0,-1,0,-0.017901,detected,0.876708,-0.015903,-0.208469,8.389343,314.911,247.694,-0.004880,-0.074027,-0.030673,0.625447,1625,1498,1526,1489,1800
2178,2.178000,1,-1,0,-0.020303,detected,0.882824,-0.014062,-0.206394,8.388349,315.500,247.000,-0.004345,-0.075125,-0.027311,0.627004,1627,1498,1526,1490,1800
2180,2.180000,0,-1,0,-0.020891,detected,0.882824,-0.014062,-0.206394,8.388349,315.500,247.000,-0.004345,-0.075891,-0.027311,0.627004,1627,1498,1527,1490,1800
2200,2.200000,0,-1,0,-0.023081,detected,0.882824,-0.014062,-0.206394,8.388349,315.500,247.000,-0.004345,-0.078745,-0.027311,0.627004,1627,1498,1528,1490,1800
2211,2.211000,1,-1,0,-0.022197,detected,0.884786,-0.010937,-0.203398,8.388349,316.500,246.000,-0.003387,-0.074112,-0.021289,0.629251,1629,1499,1526,1493,1800
2220,2.220000,0,-1,0,-0.023627,detected,0.884786,-0.010937,-0.203398,8.388349,316.500,246.000,-0.003387,-0.075988,-0.021289,0.629251,1629,1499,1527,1493,1800
2240,2.240000,0,-1,0,-0.027710,detected,0.884786,-0.010937,-0.203398,8.388349,316.500,246.000,-0.003387,-0.081340,-0.021289,0.629251,1629,1499,1528,1493,1800
2244,2.244000,1,-1,0,-0.027467,detected,0.890957,-0.009375,-0.200399,8.470588,317.000,245.000,-0.002923,-0.077763,-0.018375,0.631500,1632,1499,1527,1494,1800
2260,2.260000,0,-1,0,-0.027173,detected,0.890957,-0.009375,-0.200399,8.470588,317.000,245.000,-0.002923,-0.077375,-0.018375,0.631500,1632,1499,1527,1494,1800
2277,2.277000,1,-1,0,-0.032175,detected,0.892574,-0.006250,-0.200399,8.470588,318.000,245.000,-0.001952,-0.084438,-0.012273,0.631500,1632,1499,1530,1496,1800
2280,2.280000,0,-1,0,-0.032699,detected,0.892574,-0.006250,-0.200399,8.470588,318.000,245.000,-0.001952,-0.085134,-0.012273,0.631500,1632,1499,1530,1496,1800
2300,2.300000,0,-1,0,-0.032131,detected,0.892574,-0.006250,-0.200399,8.470588,318.000,245.000,-0.001952,-0.084379,-0.012273,0.631500,1632,1499,1530,1496,1800
2310,2.310000,1,-1,0,-0.034458,detected,0.892574,-0.006250,-0.200399,8.470588,318.000,245.000,-0.001952,-0.087473,-0.012273,0.631500,1632,1499,1531,1496,1800
2320,2.320000,0,-1,0,-0.038556,detected,0.892574,-0.006250,-0.200399,8.470588,318.000,245.000,-0.001952,-0.092922,-0.012273,0.631500,1632,1499,1533,1496,1800
2340,2.340000,0,-1,0,-0.038664,detected,0.892574,-0.006250,-0.200399,8.470588,318.000,245.000,-0.001952,-0.093065,-0.012273,0.631500,1632,1499,1533,1496,1800
2343,2.343000,1,-1,0,-0.038408,detected,0.885974,-0.006199,-0.198146,8.389075,318.016,244.250,-0.001922,-0.089072,-0.012082,0.633190,1633,1499,1531,1496,1800
2360,2.360000,0,-1,0,-0.043494,detected,0.885974,-0.006199,-0.198146,8.389075,318.016,244.250,-0.001922,-0.095783,-0.012082,0.633190,1633,1499,1534,1496,1800
2376,2.376000,1,-1,0,-0.045021,detected,0.898490,-0.004975,-0.193287,8.453332,318.408,242.634,-0.001564,-0.092805,-0.009833,0.636834,1637,1499,1532,1497,1800
2380,2.380000,0,-1,0,-0.043889,detected,0.898490,-0.004975,-0.193287,8.453332,318.408,242.634,-0.001564,-0.091287,-0.009833,0.636834,1637,1499,1532,1497,1800
2400,2.400000,0,-1,0,-0.047792,detected,0.898490,-0.004975,-0.193287,8.453332,318.408,242.634,-0.001564,-0.096518,-0.009833,0.636834,1637,1499,1534,1497,1800
2409,2.409000,1,-1,0,-0.052966,detected,0.899800,0.000000,-0.189872,8.470588,320.000,241.500,0.000000,-0.099571,0.000000,0.639395,1639,1500,1535,1500,1800
2420,2.420000,0,-1,0,-0.052736,detected,0.899800,0.000000,-0.189872,8.470588,320.000,241.500,0.000000,-0.099261,0.000000,0.639395,1639,1500,1535,1500,1800
2440,2.440000,0,-1,0,-0.052101,detected,0.899800,0.000000,-0.189872,8.470588,320.000,241.500,0.000000,-0.098403,0.000000,0.639395,1639,1500,1534,1500,1800
2442,2.442000,1,-1,0,-0.053502,detected,0.899752,-0.001510,-0.181519,8.466835,319.517,238.733,-0.000475,-0.088865,-0.002989,0.645660,1646,1500,1531,1499,1800
2460,2.460000,0,-1,0,-0.061400,detected,0.899752,-0.001510,-0.181519,8.466835,319.517,238.733,-0.000475,-0.099507,-0.002989,0.645660,1646,1500,1535,1499,1800
2475,2.475000,1,-1,0,-0.054703,detected,0.904465,0.000000,-0.173246,8.470588,320.000,236.000,0.000000,-0.079886,0.000000,0.651865,1652,1500,1528,1500,1800
2480,2.480000,0,-1,0,-0.055483,detected,0.904465,0.000000,-0.173246,8.470588,320.000,236.000,0.000000,-0.080945,0.000000,0.651865,1652,1500,1528,1500,1800
2500,2.500000,0,-1,0,-0.069468,detected,0.904465,0.000000,-0.173246,8.470588,320.000,236.000,0.000000,-0.099918,0.000000,0.651865,1652,1500,1535,1500,1800
2508,2.508000,1,-1,0,-0.066771,detected,0.907289,0.000000,-0.173246,8.470588,320.000,236.000,0.000000,-0.096559,0.000000,0.651865,1652,1500,1534,1500,1800
2520,2.520000,0,-1,0,-0.061106,detected,0.907289,0.000000,-0.173246,8.470588,320.000,236.000,0.000000,-0.088849,0.000000,0.651865,1652,1500,1531,1500,1800
2540,2.540000,0,-1,0,-0.075596,detected,0.907289,0.000000,-0.173246,8.470588,320.000,236.000,0.000000,-0.108570,0.000000,0.651865,1652,1500,1538,1500,1800
2541,2.541000,1,-1,0,-0.076078,detected,0.909367,0.000000,-0.170212,8.470588,320.000,235.000,0.000000,-0.105338,0.000000,0.654140,1654,1500,1537,1500,1800
2560,2.560000,0,-1,0,-0.067775,detected,0.909367,0.000000,-0.170212,8.470588,320.000,235.000,0.000000,-0.094012,0.000000,0.654140,1654,1500,1533,1500,1800
2574,2.574000,1,-1,0,-0.072330,detected,0.904839,-0.001339,-0.170892,8.468137,319.572,235.224,-0.000424,-0.100500,-0.002665,0.653630,1654,1500,1535,1499,1800
2580,2.580000,0,-1,0,-0.078658,detected,0.904839,-0.001339,-0.170892,8.468137,319.572,235.224,-0.000424,-0.109075,-0.002665,0.653630,1654,1500,1538,1499,1800
2600,2.600000,0,-1,0,-0.076507,detected,0.904839,-0.001339,-0.170892,8.468137,319.572,235.224,-0.000424,-0.106161,-0.002665,0.653630,1654,1500,1537,1499,1800
2607,2.607000,1,-1,0,-0.072363,detected,0.904839,-0.001339,-0.170892,8.468137,319.572,235.224,-0.000424,-0.100544,-0.002665,0.653630,1654,1500,1535,1499,1800
2620,2.620000,0,-1,0,-0.080292,detected,0.904839,-0.001339,-0.170892,8.468137,319.572,235.224,-0.000424,-0.111290,-0.002665,0.653630,1654,1500,1539,1499,1800
2640,2.640000,1,-1,0,-0.085453,detected,0.906810,0.000000,-0.168694,8.470588,320.000,234.500,0.000000,-0.115729,0.000000,0.655279,1655,1500,1541,1500,1800
2660,2.660000,0,-1,0,-0.083038,detected,0.906810,0.000000,-0.168694,8.470588,320.000,234.500,0.000000,-0.112443,0.000000,0.655279,1655,1500,1539,1500,1800
2673,2.673000,1,-1,0,-0.097347,detected,0.912239,0.000000,-0.165655,8.470588,320.000,233.500,0.000000,-0.128538,0.000000,0.657558,1658,1500,1545,1500,1800
2680,2.680000,0,-1,0,-0.096461,detected,0.912239,0.000000,-0.165655,8.470588,320.000,233.500,0.000000,-0.127327,0.000000,0.657558,1658,1500,1545,1500,1800
2700,2.700000,0,-1,0,-0.086423,detected,0.912239,0.000000,-0.165655,8.470588,320.000,233.500,0.000000,-0.113591,0.000000,0.657558,1658,1500,1540,1500,1800
2706,2.706000,1,-1,0,-0.093023,detected,0.908392,-0.000000,-0.150418,8.470589,320.000,228.500,-0.000000,-0.101343,-0.000000,0.668986,1669,1500,1535,1500,1800
2720,2.720000,0,-1,0,-0.106201,detected,0.908392,-0.000000,-0.150418,8.470589,320.000,228.500,-0.000000,-0.119298,-0.000000,0.668986,1669,1500,1542,1500,1800
2739,2.739000,1,-1,0,-0.092785,detected,0.908866,0.000000,-0.138176,8.470588,320.000,224.500,0.000000,-0.084382,0.000000,0.678167,1678,1500,1530,1500,1800
2740,2.740000,0,-1,0,-0.092625,detected,0.908866,0.000000,-0.138176,8.470588,320.000,224.500,0.000000,-0.084164,0.000000,0.678167,1678,1500,1529,1500,1800
2760,2.760000,0,-1,0,-0.111782,detected,0.908866,0.000000,-0.138176,8.470588,320.000,224.500,0.000000,-0.110281,0.000000,0.678167,1678,1500,1539,1500,1800
2772,2.772000,1,-1,0,-0.109275,detected,0.915349,0.000000,-0.144302,8.470588,320.000,226.500,0.000000,-0.116036,0.000000,0.673573,1674,1500,1541,1500,1800
2780,2.780000,0,-1,0,-0.101507,detected,0.915349,0.000000,-0.144302,8.470588,320.000,226.500,0.000000,-0.105371,0.000000,0.673573,1674,1500,1537,1500,1800
2800,2.800000,0,-1,0,-0.114026,detected,0.915349,0.000000,-0.144302,8.470588,320.000,226.500,0.000000,-0.122560,0.000000,0.673573,1674,1500,1543,1500,1800
2805,2.805000,1,-1,0,-0.118606,detected,0.915311,0.000000,-0.145832,8.470588,320.000,227.000,0.000000,-0.130944,0.000000,0.672425,1672,1500,1546,1500,1800
2820,2.820000,0,-1,0,-0.110416,detected,0.915311,0.000000,-0.145832,8.470588,320.000,227.000,0.000000,-0.119698,0.000000,0.672425,1672,1500,1542,1500,1800
2838,2.838000,1,-1,0,-0.112938,detected,0.916771,0.000000,-0.139709,8.470588,320.000,225.000,0.000000,-0.114937,0.000000,0.677018,1677,1500,1540,1500,1800
2840,2.840000,0,-1,0,-0.115804,detected,0.916771,0.000000,-0.139709,8.470588,320.000,225.000,0.000000,-0.118878,0.000000,0.677018,1677,1500,1542,1500,1800
2860,2.860000,0,-1,0,-0.121911,detected,0.916771,0.000000,-0.139709,8.470588,320.000,225.000,0.000000,-0.127276,0.000000,0.677018,1677,1500,1545,1500,1800
2871,2.871000,1,-1,0,-0.112201,detected,0.919848,0.000000,-0.124355,8.470588,320.000,220.000,0.000000,-0.093121,0.000000,0.688533,1689,1500,1533,1500,1800
2880,2.880000,0,-1,0,-0.117454,detected,0.919848,0.000000,-0.124355,8.470588,320.000,220.000,0.000000,-0.100370,0.000000,0.688533,1689,1500,1535,1500,1800
2900,2.900000,0,-1,0,-0.134278,detected,0.919848,0.000000,-0.124355,8.470588,320.000,220.000,0.000000,-0.123582,0.000000,0.688533,1689,1500,1543,1500,1800
2904,2.904000,1,-1,0,-0.130606,detected,0.925428,0.000000,-0.112029,8.470588,320.000,216.000,0.000000,-0.102124,0.000000,0.697778,1698,1500,1536,1500,1800
2920,2.920000,0,-1,0,-0.120128,detected,0.925428,0.000000,-0.112029,8.470588,320.000,216.000,0.000000,-0.087579,0.000000,0.697778,1698,1500,1531,1500,1800
2937,2.937000,1,-1,0,-0.140753,detected,0.925222,-0.001562,-0.118196,8.388349,319.500,218.000,-0.000506,-0.124527,-0.003180,0.693152,1693,1500,1544,1499,1800
2940,2.940000,0,-1,0,-0.142317,detected,0.925222,-0.001562,-0.118196,8.388349,319.500,218.000,-0.000506,-0.126694,-0.003180,0.693152,1693,1500,1544,1499,1800
2960,2.960000,0,-1,0,-0.126792,detected,0.925222,-0.001562,-0.118196,8.388349,319.500,218.000,-0.000506,-0.105185,-0.003180,0.693152,1693,1500,1537,1499,1800
2970,2.970000,1,-1,0,-0.132006,detected,0.919692,-0.002943,-0.122076,8.383562,319.058,219.259,-0.000947,-0.116899,-0.005954,0.690242,1690,1500,1541,1498,1800
2980,2.980000,0,-1,0,-0.145936,detected,0.919692,-0.002943,-0.122076,8.383562,319.058,219.259,-0.000947,-0.136053,-0.005954,0.690242,1690,1500,1548,1498,1800
3000,3.000000,0,-1,0,-0.137915,detected,0.919692,-0.002943,-0.122076,8.383562,319.058,219.259,-0.000947,-0.125024,-0.005954,0.690242,1690,1500,1544,1498,1800
3003,3.003000,1,-1,0,-0.135523,detected,0.919692,-0.002943,-0.122076,8.383562,319.058,219.259,-0.000947,-0.121735,-0.005954,0.690242,1690,1500,1543,1498,1800
3020,3.020000,0,-1,0,-0.148556,detected,0.919692,-0.002943,-0.122076,8.383562,319.058,219.259,-0.000947,-0.139656,-0.005954,0.690242,1690,1500,1549,1498,1800
3036,3.036000,1,-1,0,-0.156238,detected,0.930320,-0.001563,-0.108942,8.388351,319.500,215.000,-0.000509,-0.133892,-0.003198,0.700093,1700,1500,1547,1499,1800
3040,3.040000,0,-1,0,-0.152244,detected,0.930320,-0.001563,-0.108942,8.388351,319.500,215.000,-0.000509,-0.128328,-0.003198,0.700093,1700,1500,1545,1499,1800
3060,3.060000,0,-1,0,-0.151941,detected,0.930320,-0.001563,-0.108942,8.388351,319.500,215.000,-0.000509,-0.127906,-0.003198,0.700093,1700,1500,1545,1499,1800
3069,3.069000,1,-1,0,-0.165390,detected,0.928972,-0.002887,-0.102317,8.383771,319.076,212.856,-0.000939,-0.137012,-0.005901,0.705062,1705,1500,1548,1498,1800
3080,3.080000,0,-1,0,-0.167176,detected,0.928972,-0.002887,-0.102317,8.383771,319.076,212.856,-0.000939,-0.139492,-0.005901,0.705062,1705,1500,1549,1498,1800
3100,3.100000,0,-1,0,-0.151623,detected,0.928972,-0.002887,-0.102317,8.383771,319.076,212.856,-0.000939,-0.117890,-0.005901,0.705062,1705,1500,1541,1498,1800
3102,3.102000,1,-1,0,-0.153259,detected,0.926943,-0.003125,-0.085727,8.307692,319.000,207.500,-0.001014,-0.096880,-0.006373,0.717504,1718,1500,1534,1498,1800
3120,3.120000,0,-1,0,-0.175021,detected,0.926943,-0.003125,-0.085727,8.307692,319.000,207.500,-0.001014,-0.127034,-0.006373,0.717504,1718,1500,1544,1498,1800
3135,3.135000,1,-1,0,-0.162708,detected,0.931564,-0.003125,-0.071752,8.307692,319.000,203.000,-0.001019,-0.091060,-0.006404,0.727986,1728,1500,1532,1498,1800
3140,3.140000,0,-1,0,-0.158746,detected,0.931564,-0.003125,-0.071752,8.307692,319.000,203.000,-0.001019,-0.085544,-0.006404,0.727986,1728,1500,1530,1498,1800
3160,3.160000,0,-1,0,-0.177719,detected,0.931564,-0.003125,-0.071752,8.307692,319.000,203.000,-0.001019,-0.111963,-0.006404,0.727986,1728,1500,1539,1498,1800
3168,3.168000,1,-1,0,-0.180805,detected,0.944417,-0.003125,-0.065531,8.307692,319.000,201.000,-0.001033,-0.109083,-0.006493,0.732651,1733,1500,1538,1498,1800
3180,3.180000,0,-1,0,-0.169233,detected,0.944417,-0.003125,-0.065531,8.307692,319.000,201.000,-0.001033,-0.092747,-0.006493,0.732651,1733,1500,1532,1498,1800
3200,3.200000,0,-1,0,-0.177251,detected,0.944417,-0.003125,-0.065531,8.307692,319.000,201.000,-0.001033,-0.104065,-0.006493,0.732651,1733,1500,1536,1498,1800
3201,3.201000,1,-1,0,-0.178557,detected,0.941895,-0.004687,-0.073306,8.228571,318.500,203.500,-0.001545,-0.116370,-0.009713,0.726820,1727,1499,1541,1497,1800
3220,3.220000,0,-1,0,-0.178508,detected,0.941895,-0.004687,-0.073306,8.228571,318.500,203.500,-0.001545,-0.116301,-0.009713,0.726820,1727,1499,1541,1497,1800
3234,3.234000,1,-1,0,-0.171138,detected,0.940236,-0.006250,-0.074860,8.150943,318.000,204.000,-0.002057,-0.107748,-0.012928,0.725655,1726,1499,1538,1495,1800
3240,3.240000,0,-1,0,-0.177371,detected,0.940236,-0.006250,-0.074860,8.150943,318.000,204.000,-0.002057,-0.116477,-0.012928,0.725655,1726,1499,1541,1495,1800
3260,3.260000,0,-1,0,-0.191592,detected,0.940236,-0.006250,-0.074860,8.150943,318.000,204.000,-0.002057,-0.136394,-0.012928,0.725655,1726,1499,1548,1495,1800
3267,3.267000,1,-1,0,-0.184626,detected,0.940236,-0.006250,-0.074860,8.150943,318.000,204.000,-0.002057,-0.126638,-0.012928,0.725655,1726,1499,1544,1495,1800
3280,3.280000,0,-1,0,-0.180862,detected,0.940236,-0.006250,-0.074860,8.150943,318.000,204.000,-0.002057,-0.121367,-0.012928,0.725655,1726,1499,1542,1495,1800
3300,3.300000,1,-1,0,-0.200294,detected,0.935589,-0.006850,-0.057069,8.087002,317.808,198.282,-0.002243,-0.122971,-0.014100,0.738998,1739,1499,1543,1495,1800
3320,3.320000,0,-1,0,-0.186970,detected,0.935589,-0.006850,-0.057069,8.087002,317.808,198.282,-0.002243,-0.104414,-0.014100,0.738998,1739,1499,1537,1495,1800
3333,3.333000,1,-1,0,-0.198471,detected,0.942093,-0.005971,-0.042127,8.077598,318.089,193.489,-0.001969,-0.100414,-0.012375,0.750204,1750,1499,1535,1496,1800
3340,3.340000,0,-1,0,-0.206178,detected,0.942093,-0.005971,-0.042127,8.077598,318.089,193.489,-0.001969,-0.111233,-0.012375,0.750204,1750,1499,1539,1496,1800
3360,3.360000,0,-1,0,-0.196757,detected,0.942093,-0.005971,-0.042127,8.077598,318.089,193.489,-0.001969,-0.098008,-0.012375,0.750204,1750,1499,1534,1496,1800
3366,3.366000,1,-1,0,-0.195630,detected,0.943110,-0.007481,-0.043561,7.995514,317.606,193.948,-0.002469,-0.098379,-0.015521,0.749129,1749,1499,1534,1495,1800
3380,3.380000,0,-1,0,-0.209777,detected,0.943110,-0.007481,-0.043561,7.995514,317.606,193.948,-0.002469,-0.118226,-0.015521,0.749129,1749,1499,1541,1495,1800
3399,3.399000,1,-1,0,-0.209372,detected,0.947198,-0.006562,-0.045602,7.933766,317.900,194.603,-0.002176,-0.121168,-0.013675,0.747598,1748,1499,1542,1495,1800
3400,3.400000,0,-1,0,-0.208503,detected,0.947198,-0.006562,-0.045602,7.933766,317.900,194.603,-0.002176,-0.119943,-0.013675,0.747598,1748,1499,1542,1495,1800
3420,3.420000,0,-1,0,-0.212306,detected,0.947198,-0.006562,-0.045602,7.933766,317.900,194.603,-0.002176,-0.125307,-0.013675,0.747598,1748,1499,1544,1495,1800
3432,3.432000,1,-1,0,-0.222379,detected,0.953193,-0.006296,-0.032848,7.918813,317.985,190.515,-0.002100,-0.122330,-0.013202,0.757163,1757,1499,1543,1495,1800
3440,3.440000,0,-1,0,-0.219853,detected,0.953193,-0.006296,-0.032848,7.918813,317.985,190.515,-0.002100,-0.118744,-0.013202,0.757163,1757,1499,1542,1495,1800
3460,3.460000,0,-1,0,-0.214848,detected,0.953193,-0.006296,-0.032848,7.918813,317.985,190.515,-0.002100,-0.111638,-0.013202,0.757163,1757,1499,1539,1495,1800
3465,3.465000,1,-1,0,-0.220074,detected,0.962477,-0.005711,-0.015786,7.912233,318.173,185.052,-0.001924,-0.095819,-0.012092,0.769960,1770,1499,1534,1496,1800
3480,3.480000,0,-1,0,-0.230464,detected,0.962477,-0.005711,-0.015786,7.912233,318.173,185.052,-0.001924,-0.110725,-0.012092,0.769960,1770,1499,1539,1496,1800
3498,3.498000,1,-1,0,-0.220974,detected,0.962624,-0.005952,-0.010497,7.781218,318.095,183.359,-0.002005,-0.089513,-0.012606,0.773927,1774,1499,1531,1496,1800
3500,3.500000,0,-1,0,-0.221021,detected,0.962624,-0.005952,-0.010497,7.781218,318.095,183.359,-0.002005,-0.089581,-0.012606,0.773927,1774,1499,1531,1496,1800
3520,3.520000,0,-1,0,-0.236146,detected,0.962624,-0.005952,-0.010497,7.781218,318.095,183.359,-0.002005,-0.111275,-0.012606,0.773927,1774,1499,1539,1496,1800
3531,3.531000,1,-1,0,-0.234049,detected,0.966778,-0.005765,-0.013455,7.708474,318.155,184.306,-0.001951,-0.113019,-0.012262,0.771708,1772,1499,1540,1496,1800
3540,3.540000,0,-1,0,-0.228897,detected,0.966778,-0.005765,-0.013455,7.708474,318.155,184.306,-0.001951,-0.105596,-0.012262,0.771708,1772,1499,1537,1496,1800
3560,3.560000,0,-1,0,-0.239678,detected,0.966778,-0.005765,-0.013455,7.708474,318.155,184.306,-0.001951,-0.121130,-0.012262,0.771708,1772,1499,1542,1496,1800
3564,3.564000,1,-1,0,-0.242063,detected,0.973219,-0.006409,-0.005979,7.628051,317.949,181.913,-0.002183,-0.114470,-0.013723,0.777316,1777,1499,1540,1495,1800
3580,3.580000,0,-1,0,-0.238210,detected,0.973219,-0.006409,-0.005979,7.628051,317.949,181.913,-0.002183,-0.108885,-0.013723,0.777316,1777,1499,1538,1495,1800
3597,3.597000,1,-1,0,-0.239229,detected,0.971265,-0.007273,0.007239,7.499754,317.673,177.684,-0.002472,-0.090933,-0.015541,0.787229,1787,1499,1532,1495,1800
3600,3.600000,0,-1,0,-0.241530,detected,0.971265,-0.007273,0.007239,7.499754,317.673,177.684,-0.002472,-0.094259,-0.015541,0.787229,1787,1499,1533,1495,1800
3620,3.620000,0,-1,0,-0.247800,detected,0.971265,-0.007273,0.007239,7.499754,317.673,177.684,-0.002472,-0.103319,-0.015541,0.787229,1787,1499,1536,1495,1800
3630,3.630000,1,-1,0,-0.244158,detected,0.971265,-0.007273,0.007239,7.499754,317.673,177.684,-0.002472,-0.098056,-0.015541,0.787229,1787,1499,1534,1495,1800
3640,3.640000,0,-1,0,-0.245311,detected,0.971265,-0.007273,0.007239,7.499754,317.673,177.684,-0.002472,-0.099723,-0.015541,0.787229,1787,1499,1535,1495,1800
3660,3.660000,0,-1,0,-0.254796,detected,0.971265,-0.007273,0.007239,7.499754,317.673,177.684,-0.002472,-0.113430,-0.015541,0.787229,1787,1499,1540,1495,1800
3663,3.663000,1,-1,0,-0.254792,detected,0.972101,-0.009969,0.018083,7.232043,316.810,174.213,-0.003392,-0.097542,-0.021319,0.795362,1795,1499,1534,1493,1800
3680,3.680000,0,-1,0,-0.252897,detected,0.972101,-0.009969,0.018083,7.232043,316.810,174.213,-0.003392,-0.094809,-0.021319,0.795362,1795,1499,1533,1493,1800
3696,3.696000,1,-1,0,-0.260243,detected,0.975874,-0.009337,0.026331,7.120667,317.012,171.572,-0.003189,-0.093937,-0.020047,0.801548,1802,1499,1533,1493,1800
3700,3.700000,0,-1,0,-0.262067,detected,0.975874,-0.009337,0.026331,7.120667,317.012,171.572,-0.003189,-0.096579,-0.020047,0.801548,1802,1499,1534,1493,1800
3720,3.720000,0,-1,0,-0.261553,detected,0.975874,-0.009337,0.026331,7.120667,317.012,171.572,-0.003189,-0.095836,-0.020047,0.801548,1802,1499,1534,1493,1800
3729,3.729000,1,-1,0,-0.262055,detected,0.975874,-0.009337,0.026331,7.120667,317.012,171.572,-0.003189,-0.096562,-0.020047,0.801548,1802,1499,1534,1493,1800
3740,3.740000,0,-1,0,-0.267374,detected,0.975874,-0.009337,0.026331,7.120667,317.012,171.572,-0.003189,-0.104267,-0.020047,0.801548,1802,1499,1536,1493,1800
3760,3.760000,0,-1,0,-0.271234,detected,0.975874,-0.009337,0.026331,7.120667,317.012,171.572,-0.003189,-0.109860,-0.020047,0.801548,1802,1499,1538,1493,1800
3762,3.762000,1,-1,0,-0.270787,detected,0.968145,-0.011308,0.051172,6.747071,316.381,163.611,-0.003832,-0.070471,-0.024085,0.820178,1820,1499,1525,1492,1800
3780,3.780000,0,-1,0,-0.271157,detected,0.968145,-0.011308,0.051172,6.747071,316.381,163.611,-0.003832,-0.070986,-0.024085,0.820178,1820,1499,1525,1492,1800
3795,3.795000,1,-1,0,-0.277020,detected,0.968145,-0.011308,0.051172,6.747071,316.381,163.611,-0.003832,-0.079160,-0.024085,0.820178,1820,1499,1528,1492,1800
3800,3.800000,0,-1,0,-0.277650,detected,0.968145,-0.011308,0.051172,6.747071,316.381,163.611,-0.003832,-0.080038,-0.024085,0.820178,1820,1499,1528,1492,1800
3820,3.820000,0,-1,0,-0.276053,detected,0.968145,-0.011308,0.051172,6.747071,316.381,163.611,-0.003832,-0.077812,-0.024085,0.820178,1820,1499,1527,1492,1800
3828,3.828000,1,-1,0,-0.277859,detected,0.972358,-0.012500,0.059398,6.582310,316.000,160.970,-0.004254,-0.066941,-0.026740,0.826348,1826,1499,1523,1491,1800
3840,3.840000,0,-1,0,-0.282408,detected,0.972358,-0.012500,0.059398,6.582310,316.000,160.970,-0.004254,-0.073106,-0.026740,0.826348,1826,1499,1526,1491,1800
3860,3.860000,0,-1,0,-0.282038,detected,0.972358,-0.012500,0.059398,6.582310,316.000,160.970,-0.004254,-0.072604,-0.026740,0.826348,1826,1499,1525,1491,1800
3861,3.861000,1,-1,0,-0.281900,detected,0.971024,-0.013012,0.064248,6.397861,315.836,159.412,-0.004422,-0.063377,-0.027797,0.829986,1830,1498,1522,1490,1800
3880,3.880000,0,-1,0,-0.284203,detected,0.971024,-0.013012,0.064248,6.397861,315.836,159.412,-0.004422,-0.066380,-0.027797,0.829986,1830,1498,1523,1490,1800
3894,3.894000,1,-1,0,-0.287586,detected,0.972058,-0.014227,0.069840,6.245008,315.447,157.615,-0.004840,-0.061538,-0.030426,0.834180,1834,1498,1522,1489,1800
3900,3.900000,0,-1,0,-0.287769,detected,0.972058,-0.014227,0.069840,6.245008,315.447,157.615,-0.004840,-0.061769,-0.030426,0.834180,1834,1498,1522,1489,1800
3920,3.920000,0,-1,0,-0.288650,detected,0.972058,-0.014227,0.069840,6.245008,315.447,157.615,-0.004840,-0.062883,-0.030426,0.834180,1834,1498,1522,1489,1800
3927,3.927000,1,-1,0,-0.290128,detected,0.974727,-0.013909,0.079876,6.077824,315.549,154.385,-0.004745,-0.050424,-0.029827,0.841707,1842,1498,1518,1490,1800
3940,3.940000,0,-1,0,-0.292604,detected,0.974727,-0.013909,0.079876,6.077824,315.549,154.385,-0.004745,-0.053455,-0.029827,0.841707,1842,1498,1519,1490,1800
3960,3.960000,1,-1,0,-0.293386,detected,0.978859,-0.014062,0.088828,5.958622,315.500,151.500,-0.004818,-0.042518,-0.030281,0.848421,1848,1498,1515,1489,1800
3980,3.980000,0,-1,0,-0.293991,detected,0.978859,-0.014062,0.088828,5.958622,315.500,151.500,-0.004818,-0.043243,-0.030281,0.848421,1848,1498,1515,1489,1800
3993,3.993000,1,-1,0,-0.295020,detected,0.979520,-0.016998,0.093641,5.748135,314.560,149.947,-0.005828,-0.036825,-0.036631,0.852030,1852,1498,1513,1487,1800
4000,4.000000,0,-1,0,-0.295721,detected,0.979520,-0.016998,0.093641,5.748135,314.560,149.947,-0.005828,-0.037625,-0.036631,0.852030,1852,1498,1513,1487,1800
4020,4.020000,0,-1,0,-0.297571,detected,0.979520,-0.016998,0.093641,5.748135,314.560,149.947,-0.005828,-0.039732,-0.036631,0.852030,1852,1498,1514,1487,1800
4026,4.026000,1,-1,0,-0.298055,detected,0.980110,-0.018761,0.101040,5.558879,313.996,147.557,-0.006436,-0.030423,-0.040453,0.857580,1858,1498,1511,1486,1800
4040,4.040000,0,-1,0,-0.299103,detected,0.980110,-0.018761,0.101040,5.558879,313.996,147.557,-0.006436,-0.031563,-0.040453,0.857580,1858,1498,1511,1486,1800
4059,4.059000,1,-1,0,-0.299513,detected,0.974624,-0.020329,0.108881,5.364731,313.494,145.020,-0.006935,-0.022215,-0.043590,0.863460,1863,1498,1508,1485,1800
4060,4.060000,0,-1,0,-0.299572,detected,0.974624,-0.020329,0.108881,5.364731,313.494,145.020,-0.006935,-0.022275,-0.043590,0.863460,1863,1498,1508,1485,1800
4080,4.080000,0,-1,0,-0.301188,detected,0.974624,-0.020329,0.108881,5.364731,313.494,145.020,-0.006935,-0.023940,-0.043590,0.863460,1863,1498,1508,1485,1800
4092,4.092000,1,-1,0,-0.300616,detected,0.978079,-0.022110,0.116416,5.165910,312.924,142.578,-0.007569,-0.014829,-0.047575,0.869112,1869,1497,1505,1483,1800
4100,4.100000,0,-1,0,-0.300275,detected,0.978079,-0.022110,0.116416,5.165910,312.924,142.578,-0.007569,-0.014495,-0.047575,0.869112,1869,1497,1505,1483,1800
4120,4.120000,0,-1,0,-0.302068,detected,0.978079,-0.022110,0.116416,5.165910,312.924,142.578,-0.007569,-0.016252,-0.047575,0.869112,1869,1497,1506,1483,1800
4125,4.125000,1,-1,0,-0.302427,detected,0.971272,-0.027344,0.121688,4.925743,311.248,140.866,-0.009296,-0.010570,-0.058429,0.873066,1873,1497,1504,1480,1800
4140,4.140000,0,-1,0,-0.302032,detected,0.971272,-0.027344,0.121688,4.925743,311.248,140.866,-0.009296,-0.010213,-0.058429,0.873066,1873,1497,1504,1480,1800
4158,4.158000,1,-1,0,-0.301787,detected,0.971272,-0.027344,0.121688,4.925743,311.248,140.866,-0.009296,-0.009991,-0.058429,0.873066,1873,1497,1503,1480,1800
4160,4.160000,0,-1,0,-0.302031,detected,0.971272,-0.027344,0.121688,4.925743,311.248,140.866,-0.009296,-0.010212,-0.058429,0.873066,1873,1497,1504,1480,1800
4180,4.180000,0,-1,0,-0.304415,detected,0.971272,-0.027344,0.121688,4.925743,311.248,140.866,-0.009296,-0.012371,-0.058429,0.873066,1873,1497,1504,1480,1800
4191,4.191000,1,-1,0,-0.303218,detected,0.976498,-0.028221,0.131468,4.683042,310.967,137.686,-0.009645,-0.002274,-0.060626,0.880400,1880,1497,1501,1479,1800
4200,4.200000,0,-1,0,-0.301675,detected,0.976498,-0.028221,0.131468,4.683042,310.967,137.686,-0.009645,-0.000967,-0.060626,0.880400,1880,1497,1500,1479,1800
4220,4.220000,0,-1,0,-0.302596,detected,0.976498,-0.028221,0.131468,4.683042,310.967,137.686,-0.009645,-0.001746,-0.060626,0.880400,1880,1497,1501,1479,1800
4224,4.224000,1,-1,0,-0.303089,detected,0.975865,-0.028575,0.140698,4.471452,310.853,134.677,-0.009760,0.000000,-0.061349,0.887323,1887,1497,1500,1479,1800
4240,4.240000,0,-1,0,-0.302378,detected,0.975865,-0.028575,0.140698,4.471452,310.853,134.677,-0.009760,0.000000,-0.061349,0.887323,1887,1497,1500,1479,1800
4257,4.257000,1,-1,0,-0.301345,detected,0.970770,-0.031215,0.149182,4.253282,310.008,131.904,-0.010606,0.000000,-0.066666,0.893686,1894,1496,1500,1477,1800
4260,4.260000,0,-1,0,-0.301634,detected,0.970770,-0.031215,0.149182,4.253282,310.008,131.904,-0.010606,0.000000,-0.066666,0.893686,1894,1496,1500,1477,1800
4280,4.280000,0,-1,0,-0.303033,detected,0.970770,-0.031215,0.149182,4.253282,310.008,131.904,-0.010606,0.000000,-0.066666,0.893686,1894,1496,1500,1477,1800
4290,4.290000,1,-1,0,-0.301772,detected,0.970521,-0.035754,0.156501,4.031774,308.554,129.507,-0.012145,0.000000,-0.076339,0.899175,1899,1496,1500,1473,1800
4300,4.300000,0,-1,0,-0.300670,detected,0.970521,-0.035754,0.156501,4.031774,308.554,129.507,-0.012145,0.000000,-0.076339,0.899175,1899,1496,1500,1473,1800
4320,4.320000,0,-1,0,-0.302367,detected,0.970521,-0.035754,0.156501,4.031774,308.554,129.507,-0.012145,0.000000,-0.076339,0.899175,1899,1496,1500,1473,1800
4323,4.323000,1,-1,0,-0.302516,detected,0.968667,-0.036489,0.168135,3.786471,308.318,125.684,-0.012371,0.000000,-0.077760,0.907901,1908,1496,1500,1473,1800
4340,4.340000,0,-1,0,-0.301579,detected,0.968667,-0.036489,0.168135,3.786471,308.318,125.684,-0.012371,0.000000,-0.077760,0.907901,1908,1496,1500,1473,1800
4356,4.356000,1,-1,0,-0.301725,detected,0.971083,-0.035922,0.182327,3.526531,308.500,121.000,-0.012209,0.000000,-0.076743,0.918545,1919,1496,1500,1473,1800
4360,4.360000,0,-1,0,-0.302200,detected,0.971083,-0.035922,0.182327,3.526531,308.500,121.000,-0.012209,0.000000,-0.076743,0.918545,1919,1496,1500,1473,1800
4380,4.380000,0,-1,0,-0.303095,detected,0.971083,-0.035922,0.182327,3.526531,308.500,121.000,-0.012209,0.000000,-0.076743,0.918545,1919,1496,1500,1473,1800
4389,4.389000,1,-1,0,-0.302009,detected,0.980296,-0.039043,0.177790,3.310345,307.500,122.500,-0.013396,0.000000,-0.084201,0.915142,1915,1495,1500,1471,1800
4400,4.400000,0,-1,0,-0.301741,detected,0.980296,-0.039043,0.177790,3.310345,307.500,122.500,-0.013396,0.000000,-0.084201,0.915142,1915,1495,1500,1471,1800
4420,4.420000,0,-1,0,-0.303548,detected,0.980296,-0.039043,0.177790,3.310345,307.500,122.500,-0.013396,0.000000,-0.084201,0.915142,1915,1495,1500,1471,1800
4422,4.422000,1,-1,0,-0.303521,detected,0.977101,-0.040603,0.171729,3.085714,307.000,124.500,-0.013886,0.000000,-0.087280,0.910596,1911,1495,1500,1469,1800
4440,4.440000,0,-1,0,-0.301817,detected,0.977101,-0.040603,0.171729,3.085714,307.000,124.500,-0.013886,0.000000,-0.087280,0.910596,1911,1495,1500,1469,1800
4455,4.455000,1,-1,0,-0.302740,detected,0.980564,-0.043722,0.164135,2.880000,306.000,127.000,-0.015005,0.000000,-0.094319,0.904901,1905,1495,1500,1467,1800
4460,4.460000,0,-1,0,-0.303318,detected,0.980564,-0.043722,0.164135,2.880000,306.000,127.000,-0.015005,0.000000,-0.094319,0.904901,1905,1495,1500,1467,1800
4480,4.480000,0,-1,0,-0.302630,detected,0.980564,-0.043722,0.164135,2.880000,306.000,127.000,-0.015005,0.000000,-0.094319,0.904901,1905,1495,1500,1467,1800
4488,4.488000,1,-1,0,-0.301478,detected,0.977237,-0.046841,0.156522,2.650307,305.000,129.500,-0.016021,0.000000,-0.100704,0.899191,1899,1494,1500,1465,1800
4500,4.500000,0,-1,0,-0.301417,detected,0.977237,-0.046841,0.156522,2.650307,305.000,129.500,-0.016021,0.000000,-0.100704,0.899191,1899,1494,1500,1465,1800
4520,4.520000,0,-1,0,-0.303217,detected,0.977237,-0.046841,0.156522,2.650307,305.000,129.500,-0.016021,0.000000,-0.100704,0.899191,1899,1494,1500,1465,1800
4521,4.521000,1,-1,0,-0.303210,detected,0.981130,-0.048400,0.148890,2.433803,304.500,132.000,-0.016620,0.000000,-0.104470,0.893467,1893,1494,1500,1463,1800
4540,4.540000,0,-1,0,-0.302294,detected,0.981130,-0.048400,0.148890,2.433803,304.500,132.000,-0.016620,0.000000,-0.104470,0.893467,1893,1494,1500,1463,1800
4554,4.554000,1,-1,0,-0.302415,detected,0.981130,-0.048400,0.148890,2.433803,304.500,132.000,-0.016620,0.000000,-0.104470,0.893467,1893,1494,1500,1463,1800
4560,4.560000,0,-1,0,-0.302167,detected,0.981130,-0.048400,0.148890,2.433803,304.500,132.000,-0.016620,0.000000,-0.104470,0.893467,1893,1494,1500,1463,1800
4580,4.580000,0,-1,0,-0.301534,detected,0.981130,-0.048400,0.148890,2.433803,304.500,132.000,-0.016620,0.000000,-0.104470,0.893467,1893,1494,1500,1463,1800
4587,4.587000,1,-1,0,-0.301730,commit,0.705082,-0.053075,0.135109,2.181818,303.000,136.500,-0.003274,0.000000,-0.020582,0.883131,1883,1499,1500,1493,1800
4600,4.600000,0,-1,0,-0.302433,commit,0.705082,-0.053075,0.135109,2.181818,303.000,136.500,-0.003274,0.000000,-0.020582,0.883131,1883,1499,1500,1493,1800
4620,4.620000,1,-1,0,-0.302545,commit,0.714273,-0.056191,0.118196,1.963636,302.000,142.000,-0.003512,-0.001809,-0.022075,0.870447,1870,1499,1501,1492,1800
4640,4.640000,0,-1,0,-0.301343,commit,0.714273,-0.056191,0.118196,1.963636,302.000,142.000,-0.003512,-0.001667,-0.022075,0.870447,1870,1499,1501,1492,1800
4653,4.653000,1,-1,0,-0.301929,commit,0.723867,-0.057748,0.101215,1.759674,301.500,147.500,-0.003658,-0.002418,-0.022991,0.857711,1858,1499,1501,1492,1800
4660,4.660000,0,-1,0,-0.301993,commit,0.723867,-0.057748,0.101215,1.759674,301.500,147.500,-0.003658,-0.002423,-0.022991,0.857711,1858,1499,1501,1492,1800
4680,4.680000,0,-1,0,-0.300693,commit,0.723867,-0.057748,0.101215,1.759674,301.500,147.500,-0.003658,-0.002324,-0.022991,0.857711,1858,1499,1501,1492,1800
4686,4.686000,1,-1,0,-0.300496,commit,0.737533,-0.062419,0.068642,1.489655,300.000,158.000,-0.004028,-0.001212,-0.025320,0.833281,1833,1499,1500,1491,1800
4700,4.700000,0,-1,0,-0.300792,commit,0.737533,-0.062419,0.068642,1.489655,300.000,158.000,-0.004028,-0.001218,-0.025320,0.833281,1833,1499,1500,1491,1800
4719,4.719000,1,-1,0,-0.301266,commit,0.744223,-0.001563,0.028118,1.352113,319.500,171.000,-0.000102,0.000000,-0.000640,0.802888,1803,1500,1500,1500,1800
4720,4.720000,0,-1,0,-0.301240,commit,0.744223,-0.001563,0.028118,1.352113,319.500,171.000,-0.000102,0.000000,-0.000640,0.802888,1803,1500,1500,1500,1800
4740,4.740000,0,-1,0,-0.300520,commit,0.744223,-0.001563,0.028118,1.352113,319.500,171.000,-0.000102,0.000000,-0.000640,0.802888,1803,1500,1500,1500,1800
4752,4.752000,1,-1,0,-0.300667,commit,0.750069,-0.001562,0.001562,1.352113,319.500,179.500,-0.000103,0.000000,-0.000645,0.782971,1783,1500,1500,1500,1800
4760,4.760000,0,-1,0,-0.300886,commit,0.750069,-0.001562,0.001562,1.352113,319.500,179.500,-0.000103,0.000000,-0.000645,0.782971,1783,1500,1500,1500,1800
4780,4.780000,0,-1,0,-0.299481,commit,0.750069,-0.001562,0.001562,1.352113,319.500,179.500,-0.000103,0.000000,-0.000645,0.782971,1783,1500,1500,1500,1800
4785,4.785000,1,-1,0,-0.299356,commit,0.692244,-0.001562,0.001562,1.352113,319.500,179.500,-0.000095,0.000000,-0.000595,0.782971,1783,1500,1500,1500,1800
4800,4.800000,0,-1,0,-0.300392,commit,0.692244,-0.001562,0.001562,1.352113,319.500,179.500,-0.000095,0.000000,-0.000595,0.782971,1783,1500,1500,1500,1800
4818,4.818000,1,-1,0,-0.300224,commit,0.636181,-0.001562,0.001562,1.352113,319.500,179.500,-0.000087,0.000000,-0.000547,0.782971,1783,1500,1500,1500,1800
4820,4.820000,0,-1,0,-0.300065,commit,0.636181,-0.001562,0.001562,1.352113,319.500,179.500,-0.000087,0.000000,-0.000547,0.782971,1783,1500,1500,1500,1800
4840,4.840000,0,-1,0,-0.299351,commit,0.636181,-0.001562,0.001562,1.352113,319.500,179.500,-0.000087,0.000000,-0.000547,0.782971,1783,1500,1500,1500,1800
4851,4.851000,1,-1,0,-0.299430,commit,0.615662,-0.001562,0.001562,1.352113,319.500,179.500,-0.000084,0.000000,-0.000529,0.782971,1783,1500,1500,1500,1800
4860,4.860000,0,-1,0,-0.299678,commit,0.615662,-0.001562,0.001562,1.352113,319.500,179.500,-0.000084,0.000000,-0.000529,0.782971,1783,1500,1500,1500,1800
4880,4.880000,0,-1,0,-0.299792,commit,0.615662,-0.001562,0.001562,1.352113,319.500,179.500,-0.000084,0.000000,-0.000529,0.782971,1783,1500,1500,1500,1800
4884,4.884000,1,-1,0,-0.299911,commit,0.950312,-0.001562,-0.095025,1.352113,319.500,210.500,-0.000130,0.000000,-0.000817,0.710530,1711,1500,1500,1500,1800
4900,4.900000,0,-1,0,-0.300053,commit,0.950312,-0.001562,-0.095025,1.352113,319.500,210.500,-0.000130,0.000000,-0.000817,0.710530,1711,1500,1500,1500,1800
4917,4.917000,1,-1,0,-0.298775,commit,1.000000,-0.001562,0.001562,1.352113,319.500,179.500,-0.000137,0.000000,-0.000859,0.782971,1783,1500,1500,1500,1800
4920,4.920000,0,-1,0,-0.298616,commit,1.000000,-0.001562,0.001562,1.352113,319.500,179.500,-0.000137,0.000000,-0.000859,0.782971,1783,1500,1500,1500,1800
4940,4.940000,0,-1,0,-0.299390,commit,1.000000,-0.001562,0.001562,1.352113,319.500,179.500,-0.000137,0.000000,-0.000859,0.782971,1783,1500,1500,1500,1800
4950,4.950000,1,-1,0,-0.299764,detected,0.751107,-0.020932,0.032316,4.717196,313.301,169.655,-0.005503,-0.065298,-0.034589,0.806036,1806,1498,1523,1488,1800
4960,4.960000,0,0,1,-0.299625,detected,0.751107,-0.020932,0.032316,4.717196,313.301,169.655,-0.005503,-0.065205,-0.034589,0.806036,1806,1498,1523,1488,1800
4980,4.980000,0,0,1,-0.300831,detected,0.751107,-0.020932,0.032316,4.717196,313.301,169.655,-0.005503,-0.066006,-0.034589,0.806036,1806,1498,1523,1488,1800
4983,4.983000,1,0,1,-0.301106,detected,0.747968,-0.025270,0.035902,4.588326,311.912,168.506,-0.006615,-0.060772,-0.041582,0.808726,1809,1498,1521,1485,1800
5000,5.000000,0,0,1,-0.301819,detected,0.747968,-0.025270,0.035902,4.588326,311.912,168.506,-0.006615,-0.061223,-0.041582,0.808726,1809,1498,1521,1485,1800
5016,5.016000,1,0,1,-0.302053,detected,0.747968,-0.025270,0.035902,4.588326,311.912,168.506,-0.006615,-0.061370,-0.041582,0.808726,1809,1498,1521,1485,1800
5020,5.020000,0,0,1,-0.302287,detected,0.747968,-0.025270,0.035902,4.588326,311.912,168.506,-0.006615,-0.061518,-0.041582,0.808726,1809,1498,1522,1485,1800
5040,5.040000,0,0,1,-0.303169,detected,0.747968,-0.025270,0.035902,4.588326,311.912,168.506,-0.006615,-0.062076,-0.041582,0.808726,1809,1498,1522,1485,1800
5049,5.049000,1,0,1,-0.303156,detected,0.747118,-0.033133,0.041039,4.464797,309.393,166.860,-0.008664,-0.055969,-0.054460,0.812579,1813,1497,1520,1481,1800
5060,5.060000,0,0,1,-0.304254,detected,0.747118,-0.033133,0.041039,4.464797,309.393,166.860,-0.008664,-0.056629,-0.054460,0.812579,1813,1497,1520,1481,1800
5080,5.080000,0,0,1,-0.306991,detected,0.747118,-0.033133,0.041039,4.464797,309.393,166.860,-0.008664,-0.058276,-0.054460,0.812579,1813,1497,1520,1481,1800
5082,5.082000,1,0,1,-0.307052,detected,0.748563,-0.037878,0.045350,4.343299,307.873,165.478,-0.009924,-0.053321,-0.062378,0.815812,1816,1497,1519,1478,1800
5100,5.100000,0,0,1,-0.307366,detected,0.748563,-0.037878,0.045350,4.343299,307.873,165.478,-0.009924,-0.053502,-0.062378,0.815812,1816,1497,1519,1478,1800
5115,5.115000,1,0,1,-0.309526,detected,0.745673,-0.042005,0.051040,4.240301,306.550,163.653,-0.010963,-0.049240,-0.068909,0.820079,1820,1496,1517,1476,1800
5120,5.120000,0,0,1,-0.310153,detected,0.745673,-0.042005,0.051040,4.240301,306.550,163.653,-0.010963,-0.049585,-0.068909,0.820079,1820,1496,1517,1476,1800
5140,5.140000,0,0,1,-0.310883,detected,0.745673,-0.042005,0.051040,4.240301,306.550,163.653,-0.010963,-0.049987,-0.068909,0.820079,1820,1496,1517,1476,1800
5148,5.148000,1,0,1,-0.310737,detected,0.741225,-0.045277,0.058186,4.110438,305.502,161.359,-0.011746,-0.043442,-0.073832,0.825439,1825,1496,1515,1474,1800
5160,5.160000,0,0,1,-0.311425,detected,0.741225,-0.045277,0.058186,4.110438,305.502,161.359,-0.011746,-0.043800,-0.073832,0.825439,1825,1496,1515,1474,1800
5180,5.180000,0,0,1,-0.313987,detected,0.741225,-0.045277,0.058186,4.110438,305.502,161.359,-0.011746,-0.045133,-0.073832,0.825439,1825,1496,1516,1474,1800
5181,5.181000,1,0,1,-0.314086,detected,0.741635,-0.049838,0.062183,4.009728,304.039,160.076,-0.012937,-0.041304,-0.081315,0.828437,1828,1495,1514,1472,1800
5200,5.200000,0,0,1,-0.315468,detected,0.741635,-0.049838,0.062183,4.009728,304.039,160.076,-0.012937,-0.041993,-0.081315,0.828437,1828,1495,1515,1472,1800
5214,5.214000,1,0,1,-0.316429,detected,0.739324,-0.054238,0.071462,3.843308,302.627,157.093,-0.014035,-0.035139,-0.088218,0.835396,1835,1495,1512,1469,1800
5220,5.220000,0,0,1,-0.317250,detected,0.739324,-0.054238,0.071462,3.843308,302.627,157.093,-0.014035,-0.035520,-0.088218,0.835396,1835,1495,1512,1469,1800
5240,5.240000,0,0,1,-0.318383,detected,0.739324,-0.054238,0.071462,3.843308,302.627,157.093,-0.014035,-0.036044,-0.088218,0.835396,1835,1495,1513,1469,1800
5247,5.247000,1,0,1,-0.317865,detected,0.739324,-0.054238,0.071462,3.843308,302.627,157.093,-0.014035,-0.035804,-0.088218,0.835396,1835,1495,1513,1469,1800
5260,5.260000,0,0,1,-0.317768,detected,0.739324,-0.054238,0.071462,3.843308,302.627,157.093,-0.014035,-0.035760,-0.088218,0.835396,1835,1495,1513,1469,1800
5280,5.280000,1,0,1,-0.320758,detected,0.737707,-0.058096,0.077996,3.732224,301.388,154.990,-0.015000,-0.032348,-0.094287,0.840297,1840,1495,1511,1467,1800
5300,5.300000,0,0,1,-0.320368,detected,0.737707,-0.058096,0.077996,3.732224,301.388,154.990,-0.015000,-0.032177,-0.094287,0.840297,1840,1495,1511,1467,1800
5313,5.313000,1,0,1,-0.319919,detected,0.737090,-0.062335,0.084679,3.619495,300.027,152.838,-0.016081,-0.027480,-0.101082,0.845308,1845,1494,1510,1465,1800
5320,5.320000,0,0,1,-0.320824,detected,0.737090,-0.062335,0.084679,3.619495,300.027,152.838,-0.016081,-0.027856,-0.101082,0.845308,1845,1494,1510,1465,1800
5340,5.340000,0,0,1,-0.322486,detected,0.737090,-0.062335,0.084679,3.619495,300.027,152.838,-0.016081,-0.028546,-0.101082,0.845308,1845,1494,1510,1465,1800
5346,5.346000,1,0,1,-0.321614,detected,0.733942,-0.065111,0.088242,3.501337,299.135,151.689,-0.016726,-0.025092,-0.105132,0.847981,1848,1494,1509,1463,1800
5360,5.360000,0,0,1,-0.319962,detected,0.733942,-0.065111,0.088242,3.501337,299.135,151.689,-0.016726,-0.024447,-0.105132,0.847981,1848,1494,1509,1463,1800
5379,5.379000,1,0,1,-0.322254,detected,0.733006,-0.068668,0.095387,3.378277,297.992,149.383,-0.017617,-0.021115,-0.110735,0.853340,1853,1494,1507,1461,1800
5380,5.380000,0,0,1,-0.322336,detected,0.733006,-0.068668,0.095387,3.378277,297.992,149.383,-0.017617,-0.021145,-0.110735,0.853340,1853,1494,1507,1461,1800
5400,5.400000,0,0,1,-0.322217,detected,0.733006,-0.068668,0.095387,3.378277,297.992,149.383,-0.017617,-0.021101,-0.110735,0.853340,1853,1494,1507,1461,1800
5412,5.412000,1,0,1,-0.322789,detected,0.730777,-0.072884,0.101802,3.265525,296.636,147.310,-0.018642,-0.017741,-0.117176,0.858151,1858,1493,1506,1459,1800
5420,5.420000,0,0,1,-0.323365,detected,0.730777,-0.072884,0.101802,3.265525,296.636,147.310,-0.018642,-0.017938,-0.117176,0.858151,1858,1493,1506,1459,1800
5440,5.440000,0,0,1,-0.323671,detected,0.730777,-0.072884,0.101802,3.265525,296.636,147.310,-0.018642,-0.018042,-0.117176,0.858151,1858,1493,1506,1459,1800
5445,5.445000,1,0,1,-0.323420,detected,0.730110,-0.077694,0.109328,3.150469,295.088,144.875,-0.019854,-0.014339,-0.124795,0.863796,1864,1493,1505,1456,1800
5460,5.460000,0,0,1,-0.323344,detected,0.730110,-0.077694,0.109328,3.150469,295.088,144.875,-0.019854,-0.014315,-0.124795,0.863796,1864,1493,1505,1456,1800
5478,5.478000,1,0,1,-0.323833,detected,0.727460,-0.081528,0.115386,3.030625,293.853,142.912,-0.020758,-0.011586,-0.130479,0.868339,1868,1493,1504,1454,1800
5480,5.480000,0,0,1,-0.323720,detected,0.727460,-0.081528,0.115386,3.030625,293.853,142.912,-0.020758,-0.011553,-0.130479,0.868339,1868,1493,1504,1454,1800
5500,5.500000,0,0,1,-0.322368,detected,0.727460,-0.081528,0.115386,3.030625,293.853,142.912,-0.020758,-0.011155,-0.130479,0.868339,1868,1493,1504,1454,1800
5511,5.511000,1,0,1,-0.322881,detected,0.724207,-0.086167,0.122711,2.913349,292.358,140.534,-0.021841,-0.008407,-0.137286,0.873832,1874,1492,1503,1452,1800
5520,5.520000,0,0,1,-0.323373,detected,0.724207,-0.086167,0.122711,2.913349,292.358,140.534,-0.021841,-0.008540,-0.137286,0.873832,1874,1492,1503,1452,1800
5540,5.540000,0,0,1,-0.322547,detected,0.724207,-0.086167,0.122711,2.913349,292.358,140.534,-0.021841,-0.008317,-0.137286,0.873832,1874,1492,1503,1452,1800
5544,5.544000,1,0,1,-0.322503,detected,0.722788,-0.090673,0.130907,2.803418,290.905,137.869,-0.022938,-0.005605,-0.144182,0.879979,1880,1492,1502,1450,1800
5560,5.560000,0,0,1,-0.323231,detected,0.722788,-0.090673,0.130907,2.803418,290.905,137.869,-0.022938,-0.005786,-0.144182,0.879979,1880,1492,1502,1450,1800
5577,5.577000,1,0,1,-0.323411,detected,0.720850,-0.099039,0.139418,2.683201,288.204,135.095,-0.024987,-0.003351,-0.157062,0.886363,1886,1491,1501,1445,1800
5580,5.580000,0,0,1,-0.323228,detected,0.720850,-0.099039,0.139418,2.683201,288.204,135.095,-0.024987,-0.003310,-0.157062,0.886363,1886,1491,1501,1445,1800
5600,5.600000,0,0,1,-0.322371,detected,0.720850,-0.099039,0.139418,2.683201,288.204,135.095,-0.024987,-0.003118,-0.157062,0.886363,1886,1491,1501,1445,1800
5610,5.610000,1,0,1,-0.322566,detected,0.717764,-0.106025,0.149398,2.562117,285.944,131.834,-0.026635,-0.000823,-0.167422,0.893848,1894,1491,1500,1441,1800
5620,5.620000,0,0,1,-0.322761,detected,0.717764,-0.106025,0.149398,2.562117,285.944,131.834,-0.026635,-0.000863,-0.167422,0.893848,1894,1491,1500,1441,1800
5640,5.640000,0,0,1,-0.322683,detected,0.717764,-0.106025,0.149398,2.562117,285.944,131.834,-0.026635,-0.000847,-0.167422,0.893848,1894,1491,1500,1441,1800
5643,5.643000,1,0,1,-0.322757,detected,0.705478,-0.113998,0.161586,2.443120,283.362,127.838,-0.028148,0.000000,-0.176931,0.902989,1903,1490,1500,1438,1800
5660,5.660000,0,0,1,-0.323114,detected,0.705478,-0.113998,0.161586,2.443120,283.362,127.838,-0.028148,0.000000,-0.176931,0.902989,1903,1490,1500,1438,1800
5676,5.676000,1,0,1,-0.322497,detected,0.695514,-0.127205,0.161311,2.324437,279.074,127.928,-0.030965,0.000000,-0.194640,0.902783,1903,1489,1500,1432,1800
5680,5.680000,0,0,1,-0.322505,detected,0.695514,-0.127205,0.161311,2.324437,279.074,127.928,-0.030965,0.000000,-0.194640,0.902783,1903,1489,1500,1432,1800
5700,5.700000,0,0,1,-0.323392,detected,0.695514,-0.127205,0.161311,2.324437,279.074,127.928,-0.030965,0.000000,-0.194640,0.902783,1903,1489,1500,1432,1800
5709,5.709000,1,0,1,-0.322596,detected,0.696112,-0.143996,0.151029,2.200001,273.600,131.300,-0.035083,-0.000319,-0.220523,0.895071,1895,1488,1500,1423,1800
5720,5.720000,0,0,1,-0.321288,detected,0.696112,-0.143996,0.151029,2.200001,273.600,131.300,-0.035083,-0.000152,-0.220523,0.895071,1895,1488,1500,1423,1800
5740,5.740000,0,0,1,-0.321751,detected,0.696112,-0.143996,0.151029,2.200001,273.600,131.300,-0.035083,-0.000211,-0.220523,0.895071,1895,1488,1500,1423,1800
5742,5.742000,1,0,1,-0.321843,commit,0.695186,-0.159238,0.139635,2.078182,268.609,135.024,-0.009686,-0.001599,-0.060885,0.886525,1887,1497,1501,1479,1800
5760,5.760000,0,0,1,-0.320849,commit,0.695186,-0.159238,0.139635,2.078182,268.609,135.024,-0.009686,-0.001479,-0.060885,0.886525,1887,1497,1501,1479,1800
5775,5.775000,1,0,1,-0.319867,commit,0.694473,-0.182579,0.122737,1.941579,260.917,140.526,-0.011095,-0.002639,-0.069738,0.873852,1874,1496,1501,1476,1800
5780,5.780000,0,0,1,-0.320172,commit,0.694473,-0.182579,0.122737,1.941579,260.917,140.526,-0.011095,-0.002668,-0.069738,0.873852,1874,1496,1501,1476,1800
5800,5.800000,0,0,1,-0.320951,commit,0.694473,-0.182579,0.122737,1.941579,260.917,140.526,-0.011095,-0.002741,-0.069738,0.873852,1874,1496,1501,1476,1800
5808,5.808000,1,0,1,-0.320278,commit,0.694473,-0.182579,0.122737,1.941579,260.917,140.526,-0.011095,-0.002678,-0.069738,0.873852,1874,1496,1501,1476,1800
5820,5.820000,0,0,1,-0.319247,commit,0.694473,-0.182579,0.122737,1.941579,260.917,140.526,-0.011095,-0.002581,-0.069738,0.873852,1874,1496,1501,1476,1800
5840,5.840000,0,0,1,-0.318756,commit,0.694473,-0.182579,0.122737,1.941579,260.917,140.526,-0.011095,-0.002534,-0.069738,0.873852,1874,1496,1501,1476,1800
5841,5.841000,1,0,1,-0.318711,commit,0.499168,-0.233180,0.054633,1.770492,244.000,162.500,-0.010185,-0.004083,-0.064018,0.822774,1823,1496,1501,1478,1800
5860,5.860000,0,0,1,-0.318518,commit,0.499168,-0.233180,0.054633,1.770492,244.000,162.500,-0.010185,-0.004075,-0.064018,0.822774,1823,1496,1501,1478,1800
5874,5.874000,1,0,1,-0.319499,commit,0.501970,-0.222801,0.023433,1.745455,247.500,172.500,-0.009786,-0.005197,-0.061512,0.799374,1799,1497,1502,1478,1800
5880,5.880000,0,0,1,-0.319898,commit,0.501970,-0.222801,0.023433,1.745455,247.500,172.500,-0.009786,-0.005214,-0.061512,0.799374,1799,1497,1502,1478,1800
5900,5.900000,0,0,1,-0.319934,commit,0.501970,-0.222801,0.023433,1.745455,247.500,172.500,-0.009786,-0.005215,-0.061512,0.799374,1799,1497,1502,1478,1800
5907,5.907000,1,0,1,-0.319910,commit,0.505621,-0.212374,0.001563,1.721116,251.000,179.500,-0.009396,-0.005808,-0.059059,0.782971,1783,1497,1502,1479,1800
5920,5.920000,0,0,1,-0.320106,commit,0.505621,-0.212374,0.001563,1.721116,251.000,179.500,-0.009396,-0.005816,-0.059059,0.782971,1783,1497,1502,1479,1800
5940,5.940000,1,0,1,-0.319477,commit,0.524371,-0.203398,0.001562,1.700787,254.000,179.500,-0.009332,-0.005699,-0.058661,0.782971,1783,1497,1502,1479,1800
5960,5.960000,0,0,1,-0.319042,commit,0.524371,-0.203398,0.001562,1.700787,254.000,179.500,-0.009332,-0.005682,-0.058661,0.782971,1783,1497,1502,1479,1800
5973,5.973000,1,0,1,-0.319378,commit,0.552817,-0.194389,0.001563,1.680934,257.000,179.500,-0.009403,-0.005681,-0.059104,0.782971,1783,1497,1502,1479,1800
5980,5.980000,0,0,1,-0.319297,commit,0.552817,-0.194389,0.001563,1.680934,257.000,179.500,-0.009403,-0.005677,-0.059104,0.782971,1783,1497,1502,1479,1800
6000,6.000000,0,0,1,-0.319117,commit,0.552817,-0.194389,0.001563,1.680934,257.000,179.500,-0.009403,-0.005671,-0.059104,0.782971,1783,1497,1502,1479,1800
6006,6.006000,1,0,1,-0.319160,commit,0.598289,-0.185348,0.001562,1.661538,260.000,179.500,-0.009703,-0.005788,-0.060990,0.782971,1783,1497,1502,1479,1800
6020,6.020000,0,0,1,-0.319296,commit,0.598289,-0.185348,0.001562,1.661538,260.000,179.500,-0.009703,-0.005794,-0.060990,0.782971,1783,1497,1502,1479,1800
6039,6.039000,1,0,1,-0.319892,commit,0.717532,-0.174762,0.001563,1.639469,263.500,179.500,-0.010972,-0.006482,-0.068968,0.782971,1783,1496,1502,1476,1800
6040,6.040000,0,0,1,-0.319866,commit,0.717532,-0.174762,0.001563,1.639469,263.500,179.500,-0.010972,-0.006481,-0.068968,0.782971,1783,1496,1502,1476,1800
6060,6.060000,0,0,1,-0.317961,commit,0.717532,-0.174762,0.001563,1.639469,263.500,179.500,-0.010972,-0.006398,-0.068968,0.782971,1783,1496,1502,1476,1800
6072,6.072000,1,0,1,-0.317487,detected,0.933866,-0.424153,0.001562,2.406685,175.500,179.500,-0.138636,-0.019908,-0.871423,0.782971,1783,1451,1507,1195,1800
6080,6.080000,0,0,1,-0.318030,detected,0.933866,-0.424153,0.001562,2.406685,175.500,179.500,-0.138636,-0.019982,-0.871423,0.782971,1783,1451,1507,1195,1800
6100,6.100000,0,0,1,-0.318729,detected,0.933866,-0.424153,0.001562,2.406685,175.500,179.500,-0.138636,-0.020077,-0.871423,0.782971,1783,1451,1507,1195,1800
6105,6.105000,1,0,1,-0.318253,detected,0.925952,-0.472359,0.001562,2.406685,156.500,179.500,-0.153084,-0.017832,-0.962241,0.782971,1783,1446,1506,1163,1800
6120,6.120000,0,0,1,-0.317453,detected,0.925952,-0.472359,0.001562,2.406685,156.500,179.500,-0.153084,-0.017736,-0.962241,0.782971,1783,1446,1506,1163,1800
6138,6.138000,1,0,1,-0.318193,detected,0.743883,0.373577,0.053337,4.188516,445.435,162.916,0.097264,-0.031697,0.611375,0.821802,1822,1534,1511,1714,1800
6140,6.140000,0,0,1,-0.318092,detected,0.743883,0.373577,0.053337,4.188516,445.435,162.916,0.097264,-0.031664,0.611375,0.821802,1822,1534,1511,1714,1800
6160,6.160000,0,0,1,-0.315198,detected,0.743883,0.373577,0.053337,4.188516,445.435,162.916,0.097264,-0.030706,0.611375,0.821802,1822,1534,1511,1714,1800
6171,6.171000,1,0,1,-0.314740,detected,0.743883,0.373577,0.053337,4.188516,445.435,162.916,0.097264,-0.030554,0.611375,0.821802,1822,1534,1511,1714,1800
6180,6.180000,0,0,1,-0.314736,detected,0.743883,0.373577,0.053337,4.188516,445.435,162.916,0.097264,-0.030553,0.611375,0.821802,1822,1534,1511,1714,1800
6200,6.200000,0,0,1,-0.312859,detected,0.743883,0.373577,0.053337,4.188516,445.435,162.916,0.097264,-0.029932,0.611375,0.821802,1822,1534,1510,1714,1800
6204,6.204000,1,0,1,-0.312482,detected,0.735867,0.446358,0.060088,3.850896,473.143,160.749,0.114961,-0.020659,0.722613,0.826865,1827,1540,1507,1753,1800
6220,6.220000,0,0,1,-0.312192,detected,0.735867,0.446358,0.060088,3.850896,473.143,160.749,0.114961,-0.020587,0.722613,0.826865,1827,1540,1507,1753,1800
6237,6.237000,1,0,1,-0.313458,detected,0.723587,0.510092,0.071196,3.530391,499.034,157.179,0.129184,-0.013332,0.812012,0.835196,1835,1545,1505,1784,1800
6240,6.240000,0,0,1,-0.313620,detected,0.723587,0.510092,0.071196,3.530391,499.034,157.179,0.129184,-0.013361,0.812012,0.835196,1835,1545,1505,1784,1800
6260,6.260000,0,0,1,-0.313092,detected,0.723587,0.510092,0.071196,3.530391,499.034,157.179,0.129184,-0.013265,0.812012,0.835196,1835,1545,1505,1784,1800
6270,6.270000,1,0,1,-0.313694,detected,0.717002,0.535835,0.084681,3.347375,510.010,152.837,0.134468,-0.009237,0.845228,0.845310,1845,1547,1503,1796,1800
6280,6.280000,0,0,1,-0.315729,detected,0.717002,0.535835,0.084681,3.347375,510.010,152.837,0.134468,-0.009550,0.845228,0.845310,1845,1547,1503,1796,1800
6300,6.300000,0,0,1,-0.317900,detected,0.717002,0.535835,0.084681,3.347375,510.010,152.837,0.134468,-0.009885,0.845228,0.845310,1845,1547,1503,1796,1800
6303,6.303000,1,0,1,-0.317942,detected,0.717125,0.519069,0.083029,3.299360,502.825,153.369,0.130283,-0.010353,0.818922,0.844071,1844,1546,1504,1787,1800
6320,6.320000,0,0,1,-0.319818,detected,0.717125,0.519069,0.083029,3.299360,502.825,153.369,0.130283,-0.010648,0.818922,0.844071,1844,1546,1504,1787,1800
6336,6.336000,1,0,1,-0.323084,detected,0.727727,0.459678,0.076189,3.417804,478.415,155.572,0.117082,-0.015249,0.735944,0.838941,1839,1541,1505,1758,1800
6340,6.340000,0,0,1,-0.323602,detected,0.727727,0.459678,0.076189,3.417804,478.415,155.572,0.117082,-0.015351,0.735944,0.838941,1839,1541,1505,1758,1800
6360,6.360000,0,0,1,-0.325504,detected,0.727727,0.459678,0.076189,3.417804,478.415,155.572,0.117082,-0.015723,0.735944,0.838941,1839,1541,1506,1758,1800
6369,6.369000,1,0,1,-0.327381,detected,0.735850,0.374672,0.074461,3.549823,445.839,156.128,0.096496,-0.021117,0.606545,0.837645,1838,1534,1507,1712,1800
6380,6.380000,0,0,1,-0.329131,detected,0.735850,0.374672,0.074461,3.549823,445.839,156.128,0.096496,-0.021558,0.606545,0.837645,1838,1534,1508,1712,1800
6400,6.400000,0,0,1,-0.329465,detected,0.735850,0.374672,0.074461,3.549823,445.839,156.128,0.096496,-0.021642,0.606545,0.837645,1838,1534,1508,1712,1800
6402,6.402000,1,0,1,-0.329418,detected,0.744618,0.285612,0.073800,3.653985,413.965,156.341,0.074435,-0.027045,0.467877,0.837149,1837,1526,1509,1664,1800
6420,6.420000,0,0,1,-0.328936,detected,0.744618,0.285612,0.073800,3.653985,413.965,156.341,0.074435,-0.026895,0.467877,0.837149,1837,1526,1509,1664,1800
6435,6.435000,1,0,1,-0.328643,detected,0.753220,0.195532,0.070695,3.694001,383.380,157.340,0.051548,-0.032785,0.324013,0.834820,1835,1518,1511,1613,1800
6440,6.440000,0,0,1,-0.328484,detected,0.753220,0.195532,0.070695,3.694001,383.380,157.340,0.051548,-0.032727,0.324013,0.834820,1835,1518,1511,1613,1800
6460,6.460000,0,0,1,-0.327845,detected,0.753220,0.195532,0.070695,3.694001,383.380,157.340,0.051548,-0.032491,0.324013,0.834820,1835,1518,1511,1613,1800
6468,6.468000,1,0,1,-0.327454,detected,0.749758,0.118133,0.073218,3.661634,357.979,156.528,0.031000,-0.034218,0.194856,0.836713,1837,1511,1512,1568,1800
6480,6.480000,0,0,1,-0.326254,detected,0.749758,0.118133,0.073218,3.661634,357.979,156.528,0.031000,-0.033735,0.194856,0.836713,1837,1511,1512,1568,1800
6500,6.500000,0,0,1,-0.324921,detected,0.749758,0.118133,0.073218,3.661634,357.979,156.528,0.031000,-0.033200,0.194856,0.836713,1837,1511,1512,1568,1800
6501,6.501000,1,0,1,-0.324916,detected,0.736593,0.058499,0.074104,3.593141,338.741,156.243,0.015081,-0.033675,0.094798,0.837378,1837,1505,1512,1533,1800
6520,6.520000,0,0,1,-0.324472,detected,0.736593,0.058499,0.074104,3.593141,338.741,156.243,0.015081,-0.033491,0.094798,0.837378,1837,1505,1512,1533,1800
6534,6.534000,1,0,1,-0.322646,detected,0.724638,0.011735,0.077592,3.491669,323.755,155.120,0.002976,-0.031002,0.018708,0.839994,1840,1501,1511,1507,1800
6540,6.540000,0,0,1,-0.322182,detected,0.724638,0.011735,0.077592,3.491669,323.755,155.120,0.002976,-0.030812,0.018708,0.839994,1840,1501,1511,1507,1800
6560,6.560000,0,0,1,-0.322320,detected,0.724638,0.011735,0.077592,3.491669,323.755,155.120,0.002976,-0.030869,0.018708,0.839994,1840,1501,1511,1507,1800
6567,6.567000,1,0,1,-0.321889,detected,0.715197,-0.024209,0.082181,3.378958,312.252,153.643,-0.006060,-0.026535,-0.038091,0.843435,1843,1498,1509,1487,1800
6580,6.580000,0,0,1,-0.320176,detected,0.715197,-0.024209,0.082181,3.378958,312.252,153.643,-0.006060,-0.025891,-0.038091,0.843435,1843,1498,1509,1487,1800
6600,6.600000,1,0,1,-0.318628,detected,0.715197,-0.024209,0.082181,3.378958,312.252,153.643,-0.006060,-0.025310,-0.038091,0.843435,1843,1498,1509,1487,1800
6620,6.620000,0,0,1,-0.317411,detected,0.715197,-0.024209,0.082181,3.378958,312.252,153.643,-0.006060,-0.024853,-0.038091,0.843435,1843,1498,1509,1487,1800
6633,6.633000,1,0,1,-0.316707,detected,0.696657,-0.068839,0.090032,3.130309,297.937,151.112,-0.016785,-0.017491,-0.105506,0.849323,1849,1494,1506,1463,1800
6640,6.640000,0,0,1,-0.316704,detected,0.696657,-0.068839,0.090032,3.130309,297.937,151.112,-0.016785,-0.017490,-0.105506,0.849323,1849,1494,1506,1463,1800
6660,6.660000,0,0,1,-0.316148,detected,0.696657,-0.068839,0.090032,3.130309,297.937,151.112,-0.016785,-0.017321,-0.105506,0.849323,1849,1494,1506,1463,1800
6666,6.666000,1,0,1,-0.315527,detected,0.686159,-0.081899,0.097114,3.007883,293.734,148.826,-0.019669,-0.013497,-0.123631,0.854635,1855,1493,1505,1457,1800
6680,6.680000,0,0,1,-0.313910,detected,0.686159,-0.081899,0.097114,3.007883,293.734,148.826,-0.019669,-0.013055,-0.123631,0.854635,1855,1493,1505,1457,1800
6699,6.699000,1,0,1,-0.313428,detected,0.686159,-0.081899,0.097114,3.007883,293.734,148.826,-0.019669,-0.012923,-0.123631,0.854635,1855,1493,1505,1457,1800
6700,6.700000,0,0,1,-0.313429,detected,0.686159,-0.081899,0.097114,3.007883,293.734,148.826,-0.019669,-0.012923,-0.123631,0.854635,1855,1493,1505,1457,1800
6720,6.720000,0,0,1,-0.312774,detected,0.686159,-0.081899,0.097114,3.007883,293.734,148.826,-0.019669,-0.012744,-0.123631,0.854635,1855,1493,1504,1457,1800
6732,6.732000,1,0,1,-0.312171,detected,0.678477,-0.088266,0.101312,2.890674,291.681,147.469,-0.020960,-0.010397,-0.131750,0.857784,1858,1493,1504,1454,1800
6740,6.740000,0,0,1,-0.311859,detected,0.678477,-0.088266,0.101312,2.890674,291.681,147.469,-0.020960,-0.010320,-0.131750,0.857784,1858,1493,1504,1454,1800
6760,6.760000,0,0,1,-0.311490,detected,0.678477,-0.088266,0.101312,2.890674,291.681,147.469,-0.020960,-0.010228,-0.131750,0.857784,1858,1493,1504,1454,1800
6765,6.765000,1,0,1,-0.311330,detected,0.670011,-0.090380,0.107132,2.775636,290.999,145.586,-0.021195,-0.007944,-0.133223,0.862149,1862,1493,1503,1453,1800
6780,6.780000,0,0,1,-0.311317,detected,0.670011,-0.090380,0.107132,2.775636,290.999,145.586,-0.021195,-0.007941,-0.133223,0.862149,1862,1493,1503,1453,1800
6798,6.798000,1,0,1,-0.312009,detected,0.659125,-0.086617,0.113430,2.622709,292.213,143.546,-0.019982,-0.005863,-0.125600,0.866872,1867,1493,1502,1456,1800
6800,6.800000,0,0,1,-0.312034,detected,0.659125,-0.086617,0.113430,2.622709,292.213,143.546,-0.019982,-0.005868,-0.125600,0.866872,1867,1493,1502,1456,1800
6820,6.820000,0,0,1,-0.311069,detected,0.659125,-0.086617,0.113430,2.622709,292.213,143.546,-0.019982,-0.005676,-0.125600,0.866872,1867,1493,1502,1456,1800
6831,6.831000,1,0,1,-0.310393,detected,0.650175,-0.078260,0.122374,2.506641,294.906,140.644,-0.017809,-0.003396,-0.111941,0.873580,1874,1494,1501,1461,1800
6840,6.840000,0,0,1,-0.310305,detected,0.650175,-0.078260,0.122374,2.506641,294.906,140.644,-0.017809,-0.003380,-0.111941,0.873580,1874,1494,1501,1461,1800
6860,6.860000,0,0,1,-0.310718,detected,0.650175,-0.078260,0.122374,2.506641,294.906,140.644,-0.017809,-0.003454,-0.111941,0.873580,1874,1494,1501,1461,1800
6864,6.864000,1,0,1,-0.310711,detected,0.641079,-0.064982,0.128437,2.391930,299.176,138.673,-0.014581,-0.002125,-0.091649,0.878127,1878,1495,1501,1468,1800
6880,6.880000,0,0,1,-0.310484,detected,0.641079,-0.064982,0.128437,2.391930,299.176,138.673,-0.014581,-0.002089,-0.091649,0.878127,1878,1495,1501,1468,1800
6897,6.897000,1,0,1,-0.311149,detected,0.651975,-0.045695,0.122324,2.278343,305.368,140.660,-0.010427,-0.002929,-0.065542,0.873543,1874,1496,1501,1477,1800
6900,6.900000,0,0,1,-0.311284,detected,0.651975,-0.045695,0.122324,2.278343,305.368,140.660,-0.010427,-0.002949,-0.065542,0.873543,1874,1496,1501,1477,1800
6920,6.920000,0,0,1,-0.310269,detected,0.651975,-0.045695,0.122324,2.278343,305.368,140.660,-0.010427,-0.002799,-0.065542,0.873543,1874,1496,1501,1477,1800
6930,6.930000,1,0,1,-0.309436,commit,0.662101,-0.020630,0.109801,2.166471,313.398,144.722,-0.001195,-0.004754,-0.007512,0.864150,1864,1500,1502,1497,1800
6940,6.940000,0,0,1,-0.309613,commit,0.662101,-0.020630,0.109801,2.166471,313.398,144.722,-0.001195,-0.004782,-0.007512,0.864150,1864,1500,1502,1497,1800
6960,6.960000,0,0,1,-0.309355,commit,0.662101,-0.020630,0.109801,2.166471,313.398,144.722,-0.001195,-0.004741,-0.007512,0.864150,1864,1500,1502,1497,1800
6963,6.963000,1,0,1,-0.308980,detected,0.919161,0.252258,0.098711,2.837843,402.480,148.309,0.081153,-0.010688,0.510105,0.855833,1856,1528,1504,1679,1800
6980,6.980000,0,0,1,-0.307520,detected,0.919161,0.252258,0.098711,2.837843,402.480,148.309,0.081153,-0.010310,0.510105,0.855833,1856,1528,1504,1679,1800
6996,6.996000,1,0,1,-0.308475,detected,0.913446,0.299333,0.077579,2.711636,418.754,155.125,0.095698,-0.013484,0.601533,0.839983,1840,1533,1505,1711,1800
7000,7.000000,0,0,1,-0.308732,detected,0.913446,0.299333,0.077579,2.711636,418.754,155.125,0.095698,-0.013540,0.601533,0.839983,1840,1533,1505,1711,1800
7020,7.020000,0,0,1,-0.307078,detected,0.913446,0.299333,0.077579,2.711636,418.754,155.125,0.095698,-0.013179,0.601533,0.839983,1840,1533,1505,1711,1800
7029,7.029000,1,0,1,-0.305792,detected,0.903840,0.342112,0.054674,2.589654,433.957,162.487,0.108225,-0.014915,0.680272,0.822805,1823,1538,1505,1738,1800
7040,7.040000,0,0,1,-0.305311,detected,0.903840,0.342112,0.054674,2.589654,433.957,162.487,0.108225,-0.014828,0.680272,0.822805,1823,1538,1505,1738,1800
7060,7.060000,0,0,1,-0.303059,detected,0.903840,0.342112,0.054674,2.589654,433.957,162.487,0.108225,-0.014419,0.680272,0.822805,1823,1538,1505,1738,1800
7062,7.062000,1,0,1,-0.302541,detected,0.892485,0.370760,0.017288,2.437597,444.396,174.467,0.115814,-0.017256,0.727975,0.794765,1795,1541,1506,1755,1800
7080,7.080000,0,0,1,-0.298350,detected,0.892485,0.370760,0.017288,2.437597,444.396,174.467,0.115814,-0.016633,0.727975,0.794765,1795,1541,1506,1755,1800
7095,7.095000,1,0,1,-0.295551,detected,0.919245,0.374672,0.003745,2.402543,445.839,178.802,0.120545,-0.018007,0.757714,0.784608,1785,1542,1506,1765,1800
7100,7.100000,0,0,1,-0.294441,detected,0.919245,0.374672,0.003745,2.402543,445.839,178.802,0.120545,-0.017844,0.757714,0.784608,1785,1542,1506,1765,1800
7120,7.120000,0,0,1,-0.288775,detected,0.919245,0.374672,0.003745,2.402543,445.839,178.802,0.120545,-0.017013,0.757714,0.784608,1785,1542,1506,1765,1800
7128,7.128000,1,0,1,-0.286228,detected,0.919245,0.374672,0.003745,2.402543,445.839,178.802,0.120545,-0.016639,0.757714,0.784608,1785,1542,1506,1765,1800
7140,7.140000,0,0,1,-0.282318,detected,0.919245,0.374672,0.003745,2.402543,445.839,178.802,0.120545,-0.016066,0.757714,0.784608,1785,1542,1506,1765,1800
7160,7.160000,0,0,1,-0.274010,detected,0.919245,0.374672,0.003745,2.402543,445.839,178.802,0.120545,-0.014847,0.757714,0.784608,1785,1542,1505,1765,1800
7161,7.161000,1,0,1,-0.273608,detected,0.722766,0.365602,0.001562,2.406685,442.500,179.500,0.092486,-0.012134,0.581339,0.782971,1783,1532,1504,1703,1800
7180,7.180000,0,0,1,-0.265756,detected,0.722766,0.365602,0.001562,2.406685,442.500,179.500,0.092486,-0.011209,0.581339,0.782971,1783,1532,1504,1703,1800
7194,7.194000,1,0,1,-0.258175,detected,0.737875,0.348565,0.001575,2.365619,436.289,179.496,0.090019,-0.010422,0.565835,0.782980,1783,1532,1504,1698,1800
7200,7.200000,0,0,1,-0.255173,detected,0.737875,0.348565,0.001575,2.365619,436.289,179.496,0.090019,-0.010064,0.565835,0.782980,1783,1532,1504,1698,1800
7220,7.220000,0,0,1,-0.246842,detected,0.737875,0.348565,0.001575,2.365619,436.289,179.496,0.090019,-0.009073,0.565835,0.782980,1783,1532,1503,1698,1800
7227,7.227000,1,0,1,-0.243730,detected,0.755720,0.328536,0.001551,2.313700,429.085,179.504,0.086898,-0.008743,0.546218,0.782963,1783,1530,1503,1691,1800
7240,7.240000,0,0,1,-0.237127,detected,0.755720,0.328536,0.001551,2.313700,429.085,179.504,0.086898,-0.007953,0.546218,0.782963,1783,1530,1503,1691,1800
7260,7.260000,1,0,1,-0.228796,detected,0.786540,0.326130,0.001514,2.263530,428.226,179.515,0.089780,-0.006876,0.564332,0.782935,1783,1531,1502,1698,1800
7280,7.280000,0,0,1,-0.219560,detected,0.786540,0.326130,0.001514,2.263530,428.226,179.515,0.089780,-0.005785,0.564332,0.782935,1783,1531,1502,1698,1800
7293,7.293000,1,0,1,-0.214314,detected,0.922768,0.351780,0.001575,2.228676,437.455,179.496,0.113614,-0.005548,0.714145,0.782981,1783,1540,1502,1750,1800
7300,7.300000,0,0,1,-0.212076,detected,0.922768,0.351780,0.001575,2.228676,437.455,179.496,0.113614,-0.005264,0.714145,0.782981,1783,1540,1502,1750,1800
7320,7.320000,0,0,1,-0.202516,detected,0.922768,0.351780,0.001575,2.228676,437.455,179.496,0.113614,-0.004049,0.714145,0.782981,1783,1540,1501,1750,1800
7326,7.326000,1,0,1,-0.199429,detected,0.924078,0.416263,0.001573,2.219326,461.471,179.497,0.134631,-0.003195,0.846250,0.782979,1783,1547,1501,1796,1800
7340,7.340000,0,0,1,-0.193284,detected,0.924078,0.416263,0.001573,2.219326,461.471,179.497,0.134631,-0.002513,0.846250,0.782979,1783,1547,1501,1796,1800
7359,7.359000,1,0,1,-0.184162,detected,0.907159,0.551829,0.001563,2.406686,517.000,179.500,0.175209,-0.001304,1.101314,0.782971,1783,1561,1500,1885,1800
7360,7.360000,0,0,1,-0.183576,detected,0.907159,0.551829,0.001563,2.406686,517.000,179.500,0.175209,-0.001248,1.101314,0.782971,1783,1561,1500,1885,1800
7380,7.380000,0,0,1,-0.170317,detected,0.907159,0.551829,0.001563,2.406686,517.000,179.500,0.175209,0.000000,1.101314,0.782971,1783,1561,1500,1885,1800
7392,7.392000,1,0,1,-0.162754,detected,0.743721,0.683257,0.001562,2.406685,580.500,179.500,0.177853,0.000000,1.117935,0.782971,1783,1562,1500,1891,1800
7400,7.400000,0,0,1,-0.157574,detected,0.743721,0.683257,0.001562,2.406685,580.500,179.500,0.177853,0.000000,1.117935,0.782971,1783,1562,1500,1891,1800
7420,7.420000,0,0,1,-0.141756,detected,0.743721,0.683257,0.001562,2.406685,580.500,179.500,0.177853,0.000000,1.117935,0.782971,1783,1562,1500,1891,1800
7425,7.425000,1,0,1,-0.137521,detected,0.757264,0.670918,0.001562,2.406685,574.000,179.500,0.177822,0.000000,1.117737,0.782971,1783,1562,1500,1891,1800
7440,7.440000,0,0,1,-0.125063,detected,0.757264,0.670918,0.001562,2.406685,574.000,179.500,0.177822,0.000000,1.117737,0.782971,1783,1562,1500,1891,1800
7458,7.458000,1,0,1,-0.110958,detected,0.642692,0.661144,0.000021,2.296504,568.941,179.993,0.148719,0.000000,0.934807,0.781815,1782,1552,1500,1827,1800
7460,7.460000,0,0,1,-0.109308,detected,0.642692,0.661144,0.000021,2.296504,568.941,179.993,0.148719,0.000000,0.934807,0.781815,1782,1552,1500,1827,1800
7480,7.480000,0,0,1,-0.090933,detected,0.642692,0.661144,0.000021,2.296504,568.941,179.993,0.148719,0.000000,0.934807,0.781815,1782,1552,1500,1827,1800
7491,7.491000,1,0,1,-0.081015,detected,0.592710,0.628288,0.002718,2.221071,552.479,179.130,0.130337,0.000000,0.819264,0.783838,1784,1546,1500,1787,1800
7500,7.500000,0,0,1,-0.073410,detected,0.592710,0.628288,0.002718,2.221071,552.479,179.130,0.130337,0.000000,0.819264,0.783838,1784,1546,1500,1787,1800
7520,7.520000,0,0,1,-0.055491,detected,0.592710,0.628288,0.002718,2.221071,552.479,179.130,0.130337,0.000000,0.819264,0.783838,1784,1546,1500,1787,1800
7524,7.524000,1,0,1,-0.051592,commit,0.529578,0.589905,0.010434,2.140014,534.214,176.661,0.027335,0.000000,0.171820,0.789625,1790,1510,1500,1560,1800
7540,7.540000,0,0,1,-0.037171,commit,0.529578,0.589905,0.010434,2.140014,534.214,176.661,0.027335,0.000000,0.171820,0.789625,1790,1510,1500,1560,1800
7557,7.557000,1,0,1,-0.023283,commit,0.489780,0.558572,0.018899,2.067996,519.988,173.952,0.023938,0.000000,0.150467,0.795974,1796,1508,1500,1553,1800
7560,7.560000,0,0,1,-0.020738,commit,0.489780,0.558572,0.018899,2.067996,519.988,173.952,0.023938,0.000000,0.150467,0.795974,1796,1508,1500,1553,1800
7580,7.580000,0,0,1,-0.005243,commit,0.489780,0.558572,0.018899,2.067996,519.988,173.952,0.023938,0.000000,0.150467,0.795974,1796,1508,1500,1553,1800
7590,7.590000,1,0,1,0.001491,commit,0.467787,0.540844,0.022558,2.018772,512.185,172.780,0.022137,0.000000,0.139150,0.798718,1799,1508,1500,1549,1800
7600,7.600000,0,0,1,0.008262,commit,0.467787,0.540844,0.022558,2.018772,512.185,172.780,0.022137,0.000000,0.139150,0.798718,1799,1508,1500,1549,1800
7620,7.620000,0,0,1,0.020105,commit,0.467787,0.540844,0.022558,2.018772,512.185,172.780,0.022137,0.000000,0.139150,0.798718,1799,1508,1500,1549,1800
7623,7.623000,1,0,1,0.021613,commit,0.449964,0.533884,0.014700,2.018031,509.167,175.296,0.021020,0.000000,0.132126,0.792825,1793,1507,1500,1546,1800
7640,7.640000,0,0,1,0.030104,commit,0.449964,0.533884,0.014700,2.018031,509.167,175.296,0.021020,0.000000,0.132126,0.792825,1793,1507,1500,1546,1800
7656,7.656000,1,0,1,0.038630,commit,0.443665,0.522594,-0.019481,2.110254,504.324,186.235,0.020287,0.000000,0.127521,0.767188,1767,1507,1500,1545,1800
7660,7.660000,0,0,1,0.040681,commit,0.443665,0.522594,-0.019481,2.110254,504.324,186.235,0.020287,0.000000,0.127521,0.767188,1767,1507,1500,1545,1800
7680,7.680000,0,0,1,0.048071,commit,0.443665,0.522594,-0.019481,2.110254,504.324,186.235,0.020287,0.000000,0.127521,0.767188,1767,1507,1500,1545,1800
7689,7.689000,1,0,1,0.051505,detected,0.439860,0.515292,-0.051449,2.203819,501.225,196.478,0.079330,0.000000,0.498643,0.743213,1743,1528,1500,1675,1800
7700,7.700000,0,0,1,0.057192,detected,0.439860,0.515292,-0.051449,2.203819,501.225,196.478,0.079330,0.000000,0.498643,0.743213,1743,1528,1500,1675,1800
7720,7.720000,0,0,1,0.066408,detected,0.439860,0.515292,-0.051449,2.203819,501.225,196.478,0.079330,0.000000,0.498643,0.743213,1743,1528,1500,1675,1800
7722,7.722000,1,0,1,0.067161,detected,0.439860,0.515292,-0.051449,2.203819,501.225,196.478,0.079330,0.000000,0.498643,0.743213,1743,1528,1500,1675,1800
7740,7.740000,0,0,1,0.073747,detected,0.439860,0.515292,-0.051449,2.203819,501.225,196.478,0.079330,0.000000,0.498643,0.743213,1743,1528,1500,1675,1800
7755,7.755000,1,0,1,0.081692,detected,0.437364,0.509495,-0.081122,2.299747,498.783,206.016,0.077992,0.000000,0.490237,0.720958,1721,1527,1500,1672,1800
7760,7.760000,0,0,1,0.084620,detected,0.437364,0.509495,-0.081122,2.299747,498.783,206.016,0.077992,0.000000,0.490237,0.720958,1721,1527,1500,1672,1800
7780,7.780000,0,0,1,0.092625,detected,0.437364,0.509495,-0.081122,2.299747,498.783,206.016,0.077992,0.000000,0.490237,0.720958,1721,1527,1500,1672,1800
7788,7.788000,1,0,1,0.095617,detected,0.433580,0.500289,-0.112787,2.390108,494.937,216.246,0.075920,0.000000,0.477213,0.697209,1697,1527,1500,1667,1800
7800,7.800000,0,0,1,0.102198,detected,0.433580,0.500289,-0.112787,2.390108,494.937,216.246,0.075920,0.000000,0.477213,0.697209,1697,1527,1500,1667,1800
7820,7.820000,0,0,1,0.111633,detected,0.433580,0.500289,-0.112787,2.390108,494.937,216.246,0.075920,0.000000,0.477213,0.697209,1697,1527,1500,1667,1800
7821,7.821000,1,0,1,0.111929,detected,0.455908,0.517125,-0.191379,3.153285,502.000,242.000,0.082516,0.000000,0.518675,0.638265,1638,1529,1500,1682,1800
7840,7.840000,0,0,1,0.118587,detected,0.455908,0.517125,-0.191379,3.153285,502.000,242.000,0.082516,0.000000,0.518675,0.638265,1638,1529,1500,1682,1800
7854,7.854000,1,0,1,0.127098,detected,0.514979,0.500441,-0.219827,3.000000,495.000,251.500,0.090201,0.000000,0.566976,0.616929,1617,1532,1500,1698,1800
7860,7.860000,0,0,1,0.129878,detected,0.514979,0.500441,-0.219827,3.000000,495.000,251.500,0.090201,0.000000,0.566976,0.616929,1617,1532,1500,1698,1800
7880,7.880000,0,0,1,0.134561,detected,0.514979,0.500441,-0.219827,3.000000,495.000,251.500,0.090201,0.000000,0.566976,0.616929,1617,1532,1500,1698,1800
7887,7.887000,1,0,1,0.138096,detected,0.573946,0.482221,-0.247918,2.851485,487.500,261.000,0.096869,0.000000,0.608892,0.595861,1596,1534,1500,1713,1800
7900,7.900000,0,0,1,0.146106,detected,0.573946,0.482221,-0.247918,2.851485,487.500,261.000,0.096869,0.000000,0.608892,0.595861,1596,1534,1500,1713,1800
7920,7.920000,1,0,1,0.151999,detected,0.617934,0.463647,-0.275615,2.716982,480.000,270.500,0.100276,0.000000,0.630307,0.575088,1575,1535,1500,1721,1800
7940,7.940000,0,0,1,0.160542,detected,0.617934,0.463647,-0.275615,2.716982,480.000,270.500,0.100276,0.000000,0.630307,0.575088,1575,1535,1500,1721,1800
7953,7.953000,1,0,1,0.165640,detected,0.630547,0.377810,-0.301461,3.000000,447.000,279.500,0.083379,0.000000,0.524098,0.555704,1556,1529,1500,1683,1800
7960,7.960000,0,0,1,0.167437,detected,0.630547,0.377810,-0.301461,3.000000,447.000,279.500,0.083379,0.000000,0.524098,0.555704,1556,1529,1500,1683,1800
7980,7.980000,0,0,1,0.176200,detected,0.630547,0.377810,-0.301461,3.000000,447.000,279.500,0.083379,0.000000,0.524098,0.555704,1556,1529,1500,1683,1800
7986,7.986000,1,0,1,0.178437,detected,0.630547,0.377810,-0.301461,3.000000,447.000,279.500,0.083379,0.000000,0.524098,0.555704,1556,1529,1500,1683,1800
8000,8.000000,0,0,1,0.181457,detected,0.630547,0.377810,-0.301461,3.000000,447.000,279.500,0.083379,0.000000,0.524098,0.555704,1556,1529,1500,1683,1800
8019,8.019000,1,0,1,0.188075,detected,0.606494,0.211898,-0.330663,3.504531,388.841,289.845,0.044980,0.000000,0.282733,0.533802,1534,1516,1500,1599,1800
8020,8.020000,0,0,1,0.188506,detected,0.606494,0.211898,-0.330663,3.504531,388.841,289.845,0.044980,0.000000,0.282733,0.533802,1534,1516,1500,1599,1800
8040,8.040000,0,0,1,0.193479,detected,0.606494,0.211898,-0.330663,3.504531,388.841,289.845,0.044980,0.000000,0.282733,0.533802,1534,1516,1500,1599,1800
8052,8.052000,1,0,1,0.196136,detected,0.606494,0.211898,-0.330663,3.504531,388.841,289.845,0.044980,0.000000,0.282733,0.533802,1534,1516,1500,1599,1800
8060,8.060000,0,0,1,0.199381,detected,0.606494,0.211898,-0.330663,3.504531,388.841,289.845,0.044980,0.000000,0.282733,0.533802,1534,1516,1500,1599,1800
8080,8.080000,0,0,1,0.202405,detected,0.606494,0.211898,-0.330663,3.504531,388.841,289.845,0.044980,0.000000,0.282733,0.533802,1534,1516,1500,1599,1800
8085,8.085000,1,0,1,0.202309,detected,0.589113,0.133572,-0.342291,3.717281,362.999,294.021,0.027541,0.000000,0.173116,0.525081,1525,1510,1500,1561,1800
8100,8.100000,0,0,1,0.206688,detected,0.589113,0.133572,-0.342291,3.717281,362.999,294.021,0.027541,0.000000,0.173116,0.525081,1525,1510,1500,1561,1800
8118,8.118000,1,0,1,0.209682,detected,0.577031,0.066466,-0.352151,3.908882,341.301,297.590,0.013424,0.000000,0.084377,0.517686,1518,1505,1500,1530,1800
8120,8.120000,0,0,1,0.209269,detected,0.577031,0.066466,-0.352151,3.908882,341.301,297.590,0.013424,0.000000,0.084377,0.517686,1518,1505,1500,1530,1800
8140,8.140000,0,0,1,0.210003,detected,0.577031,0.066466,-0.352151,3.908882,341.301,297.590,0.013424,0.000000,0.084377,0.517686,1518,1505,1500,1530,1800
8151,8.151000,1,0,1,0.214623,detected,0.567856,0.009145,-0.361387,4.063918,322.926,300.956,0.001818,0.000000,0.011425,0.510759,1511,1501,1500,1504,1800
8160,8.160000,0,0,1,0.214247,detected,0.567856,0.009145,-0.361387,4.063918,322.926,300.956,0.001818,0.000000,0.011425,0.510759,1511,1501,1500,1504,1800
8180,8.180000,0,0,1,0.212104,detected,0.567856,0.009145,-0.361387,4.063918,322.926,300.956,0.001818,0.000000,0.011425,0.510759,1511,1501,1500,1504,1800
8184,8.184000,1,0,1,0.214076,detected,0.562420,-0.037732,-0.370088,4.205269,307.920,304.148,-0.007427,0.000000,-0.046686,0.504234,1504,1497,1500,1484,1800
8200,8.200000,0,0,1,0.218745,detected,0.562420,-0.037732,-0.370088,4.205269,307.920,304.148,-0.007427,0.000000,-0.046686,0.504234,1504,1497,1500,1484,1800
8217,8.217000,1,0,1,0.214261,detected,0.560279,-0.075010,-0.377361,4.335986,295.952,306.834,-0.014709,0.000000,-0.092459,0.498778,1499,1495,1500,1468,1800
8220,8.220000,0,0,1,0.214785,detected,0.560279,-0.075010,-0.377361,4.335986,295.952,306.834,-0.014709,0.000000,-0.092459,0.498778,1499,1495,1500,1468,1800
8240,8.240000,0,0,1,0.220702,detected,0.560279,-0.075010,-0.377361,4.335986,295.952,306.834,-0.014709,0.000000,-0.092459,0.498778,1499,1495,1500,1468,1800
8250,8.250000,1,0,1,0.216422,detected,0.555572,-0.106238,-0.383270,4.452883,285.875,309.027,-0.020658,0.000000,-0.129850,0.494347,1494,1493,1500,1455,1800
8260,8.260000,0,0,1,0.214797,detected,0.555572,-0.106238,-0.383270,4.452883,285.875,309.027,-0.020658,0.000000,-0.129850,0.494347,1494,1493,1500,1455,1800
8280,8.280000,0,0,1,0.223909,detected,0.555572,-0.106238,-0.383270,4.452883,285.875,309.027,-0.020658,0.000000,-0.129850,0.494347,1494,1493,1500,1455,1800
8283,8.283000,1,0,1,0.222984,detected,0.430115,0.017186,-0.362874,2.889632,325.500,301.500,0.002587,0.000000,0.016262,0.509644,1510,1501,1500,1506,1800
8300,8.300000,0,0,1,0.213905,detected,0.430115,0.017186,-0.362874,2.889632,325.500,301.500,0.002587,0.000000,0.016262,0.509644,1510,1501,1500,1506,1800
8316,8.316000,1,0,1,0.224477,detected,0.432974,-0.010937,-0.365602,2.969072,316.500,302.500,-0.001657,0.000000,-0.010418,0.507598,1508,1499,1500,1496,1800
8320,8.320000,0,0,1,0.225879,detected,0.432974,-0.010937,-0.365602,2.969072,316.500,302.500,-0.001657,0.000000,-0.010418,0.507598,1508,1499,1500,1496,1800
8340,8.340000,0,0,1,0.212493,detected,0.432974,-0.010937,-0.365602,2.969072,316.500,302.500,-0.001657,0.000000,-0.010418,0.507598,1508,1499,1500,1496,1800
8349,8.349000,1,0,1,0.214427,detected,0.434937,-0.029679,-0.371042,3.053004,310.500,304.500,-0.004518,0.000000,-0.028398,0.503518,1504,1498,1500,1490,1800
8360,8.360000,0,0,1,0.224757,detected,0.434937,-0.029679,-0.371042,3.053004,310.500,304.500,-0.004518,0.000000,-0.028398,0.503518,1504,1498,1500,1490,1800
8380,8.380000,0,0,1,0.215075,detected,0.434937,-0.029679,-0.371042,3.053004,310.500,304.500,-0.004518,0.000000,-0.028398,0.503518,1504,1498,1500,1490,1800
8382,8.382000,1,0,1,0.213608,detected,0.436187,-0.048400,-0.379159,3.141818,304.500,307.500,-0.007389,0.000000,-0.046445,0.497430,1497,1497,1500,1484,1800
8400,8.400000,0,0,1,0.222474,detected,0.436187,-0.048400,-0.379159,3.141818,304.500,307.500,-0.007389,0.000000,-0.046445,0.497430,1497,1497,1500,1484,1800
8415,8.415000,1,0,1,0.223920,detected,0.436140,-0.067087,-0.381853,3.211896,298.500,308.500,-0.010241,0.000000,-0.064370,0.495410,1495,1496,1500,1477,1800
8420,8.420000,0,0,1,0.218305,detected,0.436140,-0.067087,-0.381853,3.211896,298.500,308.500,-0.010241,0.000000,-0.064370,0.495410,1495,1496,1500,1477,1800
8440,8.440000,0,0,1,0.217842,detected,0.436140,-0.067087,-0.381853,3.211896,298.500,308.500,-0.010241,0.000000,-0.064370,0.495410,1495,1496,1500,1477,1800
8448,8.448000,1,0,1,0.226854,detected,0.432533,-0.082624,-0.379159,3.260377,293.500,307.500,-0.012508,0.000000,-0.078623,0.497430,1497,1496,1500,1472,1800
8460,8.460000,0,0,1,0.223979,detected,0.432533,-0.082624,-0.379159,3.260377,293.500,307.500,-0.012508,0.000000,-0.078623,0.497430,1497,1496,1500,1472,1800
8480,8.480000,0,0,1,0.210425,detected,0.432533,-0.082624,-0.379159,3.260377,293.500,307.500,-0.012508,0.000000,-0.078623,0.497430,1497,1496,1500,1472,1800
8481,8.481000,1,0,1,0.211254,detected,0.436291,-0.090378,-0.381853,3.323077,291.000,308.500,-0.013801,-0.000316,-0.086749,0.495410,1495,1495,1500,1470,1800
8500,8.500000,0,0,1,0.227714,detected,0.436291,-0.090378,-0.381853,3.323077,291.000,308.500,-0.013801,0.000000,-0.086749,0.495410,1495,1495,1500,1470,1800
8514,8.514000,1,0,1,0.213234,detected,0.441308,-0.099669,-0.392570,3.428571,288.000,312.500,-0.015395,-0.002230,-0.096766,0.487372,1487,1495,1501,1466,1800
8520,8.520000,0,0,1,0.208620,detected,0.441308,-0.099669,-0.392570,3.428571,288.000,312.500,-0.015395,-0.003232,-0.096766,0.487372,1487,1495,1501,1466,1800
8540,8.540000,0,0,1,0.224792,detected,0.441308,-0.099669,-0.392570,3.428571,288.000,312.500,-0.015395,0.000000,-0.096766,0.487372,1487,1495,1500,1466,1800
8547,8.547000,1,0,1,0.226163,detected,0.437692,-0.107398,-0.395235,3.497976,285.500,313.500,-0.016452,-0.000001,-0.103416,0.485373,1485,1494,1500,1464,1800
8560,8.560000,0,0,1,0.212320,detected,0.437692,-0.107398,-0.395235,3.497976,285.500,313.500,-0.016452,-0.003054,-0.103416,0.485373,1485,1494,1501,1464,1800
8580,8.580000,1,0,1,0.216138,detected,0.436281,-0.112029,-0.389899,3.540984,284.000,311.500,-0.017107,-0.001047,-0.107528,0.489375,1489,1494,1500,1462,1800
8600,8.600000,0,0,1,0.218711,detected,0.436281,-0.112029,-0.389899,3.540984,284.000,311.500,-0.017107,-0.000473,-0.107528,0.489375,1489,1494,1500,1462,1800
8613,8.613000,1,0,1,0.208318,detected,0.436281,-0.112029,-0.389899,3.540984,284.000,311.500,-0.017107,-0.002791,-0.107528,0.489375,1489,1494,1501,1462,1800
8620,8.620000,0,0,1,0.212059,detected,0.436281,-0.112029,-0.389899,3.540984,284.000,311.500,-0.017107,-0.001957,-0.107528,0.489375,1489,1494,1501,1462,1800
8640,8.640000,0,0,1,0.225959,detected,0.436281,-0.112029,-0.389899,3.540984,284.000,311.500,-0.017107,0.000000,-0.107528,0.489375,1489,1494,1500,1462,1800
8646,8.646000,1,0,1,0.220403,detected,0.440925,-0.112029,-0.393903,3.630252,284.000,313.000,-0.017289,-0.001041,-0.108672,0.486372,1486,1494,1500,1462,1800
8660,8.660000,0,0,1,0.209318,detected,0.440925,-0.112029,-0.393903,3.630252,284.000,313.000,-0.017289,-0.003644,-0.108672,0.486372,1486,1494,1501,1462,1800
8679,8.679000,1,0,1,0.227187,detected,0.441303,-0.112029,-0.403193,3.724138,284.000,316.500,-0.017304,-0.001700,-0.108765,0.479404,1479,1494,1501,1462,1800
8680,8.680000,0,0,1,0.227749,detected,0.441303,-0.112029,-0.403193,3.724138,284.000,316.500,-0.017304,-0.001562,-0.108765,0.479404,1479,1494,1501,1462,1800
8700,8.700000,0,0,1,0.213419,detected,0.441303,-0.112029,-0.403193,3.724138,284.000,316.500,-0.017304,-0.005072,-0.108765,0.479404,1479,1494,1502,1462,1800
8712,8.712000,1,0,1,0.214269,detected,0.439146,-0.112029,-0.408469,3.823009,284.000,318.500,-0.017219,-0.006386,-0.108233,0.475447,1475,1494,1502,1462,1800
8720,8.720000,0,0,1,0.224188,detected,0.439146,-0.112029,-0.408469,3.823009,284.000,318.500,-0.017219,-0.003866,-0.108233,0.475447,1475,1494,1501,1462,1800
8740,8.740000,0,0,1,0.222675,detected,0.439146,-0.112029,-0.408469,3.823009,284.000,318.500,-0.017219,-0.004250,-0.108233,0.475447,1475,1494,1501,1462,1800
8745,8.745000,1,0,1,0.216934,detected,0.440137,-0.110486,-0.405834,3.874439,284.500,317.500,-0.017020,-0.005168,-0.106984,0.477424,1477,1494,1502,1463,1800
8760,8.760000,0,0,1,0.217564,detected,0.440137,-0.110486,-0.405834,3.874439,284.500,317.500,-0.017020,-0.005004,-0.106984,0.477424,1477,1494,1502,1463,1800
8778,8.778000,1,0,1,0.229798,detected,0.437111,-0.105853,-0.408469,3.963303,286.000,318.500,-0.016194,-0.002590,-0.101793,0.475448,1475,1494,1501,1464,1800
8780,8.780000,0,0,1,0.228595,detected,0.437111,-0.105853,-0.408469,3.963303,286.000,318.500,-0.016194,-0.002914,-0.101793,0.475448,1475,1494,1501,1464,1800
8800,8.800000,0,0,1,0.212671,detected,0.437111,-0.105853,-0.408469,3.963303,286.000,318.500,-0.016194,-0.007208,-0.101793,0.475448,1475,1494,1503,1464,1800
8811,8.811000,1,0,1,0.222598,detected,0.445552,-0.099669,-0.411098,4.037384,288.000,319.500,-0.015543,-0.005538,-0.097697,0.473476,1473,1495,1502,1466,1800
8820,8.820000,0,0,1,0.230270,detected,0.445552,-0.099669,-0.411098,4.037384,288.000,319.500,-0.015543,-0.003352,-0.097697,0.473476,1473,1495,1501,1466,1800
8840,8.840000,0,0,1,0.213985,detected,0.445552,-0.099669,-0.411098,4.037384,288.000,319.500,-0.015543,-0.007993,-0.097697,0.473476,1473,1495,1503,1466,1800
8844,8.844000,1,0,1,0.211886,detected,0.445568,-0.093477,-0.418949,4.153846,290.000,322.500,-0.014578,-0.011395,-0.091631,0.467588,1468,1495,1504,1468,1800
8860,8.860000,0,0,1,0.224052,detected,0.445568,-0.093477,-0.418949,4.153846,290.000,322.500,-0.014578,-0.007746,-0.091631,0.467588,1468,1495,1503,1468,1800
8877,8.877000,1,0,1,0.222756,detected,0.445320,-0.088828,-0.422854,4.256158,291.500,324.000,-0.013845,-0.009702,-0.087025,0.464659,1465,1495,1503,1470,1800
8880,8.880000,0,0,1,0.218890,detected,0.445320,-0.088828,-0.422854,4.256158,291.500,324.000,-0.013845,-0.010911,-0.087025,0.464659,1465,1495,1504,1470,1800
8900,8.900000,0,0,1,0.211470,detected,0.445320,-0.088828,-0.422854,4.256158,291.500,324.000,-0.013845,-0.013231,-0.087025,0.464659,1465,1495,1505,1470,1800
8910,8.910000,1,0,1,0.221483,detected,0.437885,-0.084176,-0.417644,4.277228,293.000,322.000,-0.012901,-0.008440,-0.081090,0.468566,1469,1495,1503,1472,1800
8920,8.920000,0,0,1,0.221462,detected,0.437885,-0.084176,-0.417644,4.277228,293.000,322.000,-0.012901,-0.008446,-0.081090,0.468566,1469,1495,1503,1472,1800
8940,8.940000,0,0,1,0.204578,detected,0.437885,-0.084176,-0.417644,4.277228,293.000,322.000,-0.012901,-0.013705,-0.081090,0.468566,1469,1495,1505,1472,1800
8943,8.943000,1,0,1,0.205787,detected,0.437885,-0.084176,-0.417644,4.277228,293.000,322.000,-0.012901,-0.013328,-0.081090,0.468566,1469,1495,1505,1472,1800
8960,8.960000,0,0,1,0.221349,detected,0.437885,-0.084176,-0.417644,4.277228,293.000,322.000,-0.012901,-0.008481,-0.081090,0.468566,1469,1495,1503,1472,1800
8976,8.976000,1,0,1,0.209426,commit,1.000000,-0.001562,0.001562,1.352113,319.500,179.500,-0.000137,0.000000,-0.000859,0.782971,1783,1500,1500,1500,1800
8980,8.980000,0,0,1,0.205252,commit,1.000000,-0.001562,0.001562,1.352113,319.500,179.500,-0.000137,0.000000,-0.000859,0.782971,1783,1500,1500,1500,1800
9000,9.000000,0,0,1,0.213994,commit,1.000000,-0.001562,0.001562,1.352113,319.500,179.500,-0.000137,0.000000,-0.000859,0.782971,1783,1500,1500,1500,1800
9009,9.009000,1,0,1,0.218619,commit,1.000000,-0.001562,0.001562,1.352113,319.500,179.500,-0.000137,0.000000,-0.000859,0.782971,1783,1500,1500,1500,1800
9020,9.020000,0,0,1,0.210337,commit,1.000000,-0.001562,0.001562,1.352113,319.500,179.500,-0.000137,0.000000,-0.000859,0.782971,1783,1500,1500,1500,1800
9040,9.040000,0,0,1,0.207532,commit,1.000000,-0.001562,0.001562,1.352113,319.500,179.500,-0.000137,0.000000,-0.000859,0.782971,1783,1500,1500,1500,1800
9042,9.042000,1,0,1,0.209542,commit,0.954689,-0.001562,0.001563,1.352113,319.500,179.500,-0.000131,0.000000,-0.000820,0.782971,1783,1500,1500,1500,1800
9060,9.060000,0,0,1,0.214768,commit,0.954689,-0.001562,0.001563,1.352113,319.500,179.500,-0.000131,0.000000,-0.000820,0.782971,1783,1500,1500,1500,1800
9075,9.075000,1,0,1,0.203109,commit,0.757395,0.093477,0.001562,1.494810,350.000,179.500,0.006195,0.000000,0.038939,0.782971,1783,1502,1500,1514,1800
9080,9.080000,0,0,1,0.203925,commit,0.757395,0.093477,0.001562,1.494810,350.000,179.500,0.006195,0.000000,0.038939,0.782971,1783,1502,1500,1514,1800
9100,9.100000,0,0,1,0.217153,commit,0.757395,0.093477,0.001562,1.494810,350.000,179.500,0.006195,0.000000,0.038939,0.782971,1783,1502,1500,1514,1800
9108,9.108000,1,0,1,0.212739,commit,0.676256,0.219827,0.001562,1.745455,391.500,179.500,0.013008,0.000000,0.081762,0.782971,1783,1505,1500,1529,1800
9120,9.120000,0,0,1,0.204763,commit,0.676256,0.219827,0.001562,1.745455,391.500,179.500,0.013008,0.000000,0.081762,0.782971,1783,1505,1500,1529,1800
9140,9.140000,0,0,1,0.216050,commit,0.676256,0.219827,0.001562,1.745455,391.500,179.500,0.013008,0.000000,0.081762,0.782971,1783,1505,1500,1529,1800
9141,9.141000,1,0,1,0.216457,commit,0.647276,0.287151,0.001563,1.924276,414.500,179.500,0.016263,0.000000,0.102226,0.782971,1783,1506,1500,1536,1800
9160,9.160000,0,0,1,0.209079,commit,0.647276,0.287151,0.001563,1.924276,414.500,179.500,0.016263,0.000000,0.102226,0.782971,1783,1506,1500,1536,1800
9174,9.174000,1,0,1,0.208894,commit,0.647276,0.287151,0.001563,1.924276,414.500,179.500,0.016263,0.000000,0.102226,0.782971,1783,1506,1500,1536,1800
9180,9.180000,0,0,1,0.212854,commit,0.647276,0.287151,0.001563,1.924276,414.500,179.500,0.016263,0.000000,0.102226,0.782971,1783,1506,1500,1536,1800
9200,9.200000,0,0,1,0.213892,commit,0.647276,0.287151,0.001563,1.924276,414.500,179.500,0.016263,0.000000,0.102226,0.782971,1783,1506,1500,1536,1800
9207,9.207000,1,0,1,0.209734,commit,0.565120,0.325496,0.001562,2.047393,428.000,179.500,0.016095,0.000000,0.101169,0.782971,1783,1506,1500,1535,1800
9220,9.220000,0,0,1,0.210599,commit,0.565120,0.325496,0.001562,2.047393,428.000,179.500,0.016095,0.000000,0.101169,0.782971,1783,1506,1500,1535,1800
9240,9.240000,1,0,1,0.217483,commit,0.513685,0.335168,-0.073524,1.828117,431.459,203.570,0.015065,0.000000,0.094694,0.726657,1727,1505,1500,1533,1800
9260,9.260000,0,0,1,0.210937,commit,0.513685,0.335168,-0.073524,1.828117,431.459,203.570,0.015065,0.000000,0.094694,0.726657,1727,1505,1500,1533,1800
9273,9.273000,1,0,1,0.217848,commit,0.500707,0.336189,-0.104677,1.844733,431.825,213.620,0.014729,0.000000,0.092583,0.703291,1703,1505,1500,1532,1800
9280,9.280000,0,0,1,0.220149,commit,0.500707,0.336189,-0.104677,1.844733,431.825,213.620,0.014729,0.000000,0.092583,0.703291,1703,1505,1500,1532,1800
9300,9.300000,0,0,1,0.212815,commit,0.500707,0.336189,-0.104677,1.844733,431.825,213.620,0.014729,0.000000,0.092583,0.703291,1703,1505,1500,1532,1800
9306,9.306000,1,0,1,0.213501,commit,0.500766,0.336968,-0.134810,1.864077,432.105,223.403,0.014765,0.000000,0.092808,0.680692,1681,1505,1500,1532,1800
9320,9.320000,0,0,1,0.220899,commit,0.500766,0.336968,-0.134810,1.864077,432.105,223.403,0.014765,0.000000,0.092808,0.680692,1681,1505,1500,1532,1800
9339,9.339000,1,0,1,0.215646,commit,0.500766,0.336968,-0.134810,1.864077,432.105,223.403,0.014765,0.000000,0.092808,0.680692,1681,1505,1500,1532,1800
9340,9.340000,0,0,1,0.215171,commit,0.500766,0.336968,-0.134810,1.864077,432.105,223.403,0.014765,0.000000,0.092808,0.680692,1681,1505,1500,1532,1800
9360,9.360000,0,0,1,0.219823,commit,0.500766,0.336968,-0.134810,1.864077,432.105,223.403,0.014765,0.000000,0.092808,0.680692,1681,1505,1500,1532,1800
9372,9.372000,1,0,1,0.221734,commit,0.514425,0.332341,-0.164543,1.898891,430.445,233.134,0.014959,0.000000,0.094030,0.658392,1658,1505,1500,1533,1800
9380,9.380000,0,0,1,0.217631,commit,0.514425,0.332341,-0.164543,1.898891,430.445,233.134,0.014959,0.000000,0.094030,0.658392,1658,1505,1500,1533,1800
9400,9.400000,0,0,1,0.217792,commit,0.514425,0.332341,-0.164543,1.898891,430.445,233.134,0.014959,0.000000,0.094030,0.658392,1658,1505,1500,1533,1800
9405,9.405000,1,0,1,0.221123,commit,0.497327,0.331096,-0.177790,2.066986,430.000,237.500,0.014408,0.000000,0.090565,0.648457,1648,1505,1500,1532,1800
9420,9.420000,0,0,1,0.221227,commit,0.497327,0.331096,-0.177790,2.066986,430.000,237.500,0.014408,0.000000,0.090565,0.648457,1648,1505,1500,1532,1800
9438,9.438000,1,0,1,0.214962,commit,0.497327,0.331096,-0.177790,2.066986,430.000,237.500,0.014408,0.000000,0.090565,0.648457,1648,1505,1500,1532,1800
9440,9.440000,0,0,1,0.215862,commit,0.497327,0.331096,-0.177790,2.066986,430.000,237.500,0.014408,0.000000,0.090565,0.648457,1648,1505,1500,1532,1800
9460,9.460000,0,0,1,0.224681,commit,0.497327,0.331096,-0.177790,2.066986,430.000,237.500,0.014408,0.000000,0.090565,0.648457,1648,1505,1500,1532,1800
9471,9.471000,1,0,1,0.217804,commit,0.503901,0.331096,-0.197395,2.066986,430.000,244.000,0.014598,0.000000,0.091762,0.633753,1634,1505,1500,1532,1800
9480,9.480000,0,0,1,0.215517,commit,0.503901,0.331096,-0.197395,2.066986,430.000,244.000,0.014598,0.000000,0.091762,0.633753,1634,1505,1500,1532,1800
9500,9.500000,0,0,1,0.227010,commit,0.503901,0.331096,-0.197395,2.066986,430.000,244.000,0.014598,0.000000,0.091762,0.633753,1634,1505,1500,1532,1800
9504,9.504000,1,0,1,0.225822,commit,0.501021,0.331096,-0.215358,2.066986,430.000,250.000,0.014515,0.000000,0.091237,0.620281,1620,1505,1500,1532,1800
9520,9.520000,0,0,1,0.214849,commit,0.501021,0.331096,-0.215358,2.066986,430.000,250.000,0.014515,0.000000,0.091237,0.620281,1620,1505,1500,1532,1800
9537,9.537000,1,0,1,0.226284,commit,0.496165,0.331096,-0.236136,2.066986,430.000,257.000,0.014374,0.000000,0.090353,0.604698,1605,1505,1500,1532,1800
9540,9.540000,0,0,1,0.227921,commit,0.496165,0.331096,-0.236136,2.066986,430.000,257.000,0.014374,0.000000,0.090353,0.604698,1605,1505,1500,1532,1800
9560,9.560000,0,0,1,0.214884,commit,0.496165,0.331096,-0.236136,2.066986,430.000,257.000,0.014374,0.000000,0.090353,0.604698,1605,1505,1500,1532,1800
9570,9.570000,1,0,1,0.216821,commit,0.482645,0.332493,-0.253783,2.071942,430.500,263.000,0.014042,0.000000,0.088262,0.591462,1591,1505,1500,1531,1800
9580,9.580000,0,0,1,0.227501,commit,0.482645,0.332493,-0.253783,2.071942,430.500,263.000,0.014042,0.000000,0.088262,0.591462,1591,1505,1500,1531,1800
9600,9.600000,0,0,1,0.217334,commit,0.482645,0.332493,-0.253783,2.071942,430.500,263.000,0.014042,0.000000,0.088262,0.591462,1591,1505,1500,1531,1800
9603,9.603000,1,0,1,0.214768,commit,0.463427,0.331096,-0.268366,2.076923,430.000,268.000,0.013426,0.000000,0.084391,0.580525,1581,1505,1500,1530,1800
9620,9.620000,0,0,1,0.225460,commit,0.463427,0.331096,-0.268366,2.076923,430.000,268.000,0.013426,0.000000,0.084391,0.580525,1581,1505,1500,1530,1800
9636,9.636000,1,0,1,0.228889,commit,0.463156,0.298609,-0.279950,2.198473,418.500,272.000,0.012101,0.000000,0.076066,0.571837,1572,1504,1500,1527,1800
9640,9.640000,0,0,1,0.223749,commit,0.463156,0.298609,-0.279950,2.198473,418.500,272.000,0.012101,0.000000,0.076066,0.571837,1572,1504,1500,1527,1800
9660,9.660000,0,0,1,0.219798,commit,0.463156,0.298609,-0.279950,2.198473,418.500,272.000,0.012101,0.000000,0.076066,0.571837,1572,1504,1500,1527,1800
9669,9.669000,1,0,1,0.232293,detected,0.463571,0.269818,-0.292890,2.316354,408.500,276.500,0.043778,0.000000,0.275176,0.562132,1562,1515,1500,1596,1800
9680,9.680000,0,0,1,0.233653,detected,0.463571,0.269818,-0.292890,2.316354,408.500,276.500,0.043778,0.000000,0.275176,0.562132,1562,1515,1500,1596,1800
9700,9.700000,0,0,1,0.214860,detected,0.463571,0.269818,-0.292890,2.316354,408.500,276.500,0.043778,0.000000,0.275176,0.562132,1562,1515,1500,1596,1800
9702,9.702000,1,0,1,0.216017,detected,0.460767,0.246449,-0.300035,2.420168,400.500,279.000,0.039744,0.000000,0.249822,0.556773,1557,1514,1500,1587,1800
9720,9.720000,0,0,1,0.235834,detected,0.460767,0.246449,-0.300035,2.420168,400.500,279.000,0.039744,0.000000,0.249822,0.556773,1557,1514,1500,1587,1800
9735,9.735000,1,0,1,0.222863,detected,0.460767,0.246449,-0.300035,2.420168,400.500,279.000,0.039744,0.000000,0.249822,0.556773,1557,1514,1500,1587,1800
9740,9.740000,0,0,1,0.218223,detected,0.460767,0.246449,-0.300035,2.420168,400.500,279.000,0.039744,0.000000,0.249822,0.556773,1557,1514,1500,1587,1800
9760,9.760000,0,0,1,0.234753,detected,0.460767,0.246449,-0.300035,2.420168,400.500,279.000,0.039744,0.000000,0.249822,0.556773,1557,1514,1500,1587,1800
9768,9.768000,1,0,1,0.237906,detected,0.464506,0.222801,-0.314232,2.533724,392.500,284.000,0.036222,0.000000,0.227684,0.546125,1546,1513,1500,1580,1800
9780,9.780000,0,0,1,0.223939,detected,0.464506,0.222801,-0.314232,2.533724,392.500,284.000,0.036222,0.000000,0.227684,0.546125,1546,1513,1500,1580,1800
9800,9.800000,0,0,1,0.226398,detected,0.464506,0.222801,-0.314232,2.533724,392.500,284.000,0.036222,0.000000,0.227684,0.546125,1546,1513,1500,1580,1800
9801,9.801000,1,0,1,0.227822,detected,0.468252,0.197396,-0.328299,2.650307,384.000,289.000,0.032351,0.000000,0.203348,0.535575,1536,1511,1500,1571,1800
9820,9.820000,0,0,1,0.231113,detected,0.468252,0.197396,-0.328299,2.650307,384.000,289.000,0.032351,0.000000,0.203348,0.535575,1536,1511,1500,1571,1800
9834,9.834000,1,0,1,0.215642,detected,0.465462,0.168694,-0.332493,2.742857,374.500,290.500,0.027482,0.000000,0.172745,0.532430,1532,1510,1500,1560,1800
9840,9.840000,0,0,1,0.218282,detected,0.465462,0.168694,-0.332493,2.742857,374.500,290.500,0.027482,0.000000,0.172745,0.532430,1532,1510,1500,1560,1800
9860,9.860000,0,0,1,0.237792,detected,0.465462,0.168694,-0.332493,2.742857,374.500,290.500,0.027482,0.000000,0.172745,0.532430,1532,1510,1500,1560,1800
9867,9.867000,1,0,1,0.230669,detected,0.465240,0.136643,-0.336675,2.842105,364.000,292.000,0.022250,0.000000,0.139858,0.529293,1529,1508,1500,1549,1800
9880,9.880000,0,0,1,0.216131,detected,0.465240,0.136643,-0.336675,2.842105,364.000,292.000,0.022250,0.000000,0.139858,0.529293,1529,1508,1500,1549,1800
9900,9.900000,1,0,1,0.236774,detected,0.465408,0.107398,-0.343618,2.948806,354.500,294.500,0.017494,0.000000,0.109964,0.524086,1524,1506,1500,1538,1800
9920,9.920000,0,0,1,0.222256,detected,0.465408,0.107398,-0.343618,2.948806,354.500,294.500,0.017494,0.000000,0.109964,0.524086,1524,1506,1500,1538,1800
9933,9.933000,1,0,1,0.220784,detected,0.468830,0.081072,-0.357400,3.063830,346.000,299.500,0.013303,0.000000,0.083620,0.513749,1514,1505,1500,1529,1800
9940,9.940000,0,0,1,0.230443,detected,0.468830,0.081072,-0.357400,3.063830,346.000,299.500,0.013303,0.000000,0.083620,0.513749,1514,1505,1500,1529,1800
9960,9.960000,0,0,1,0.230452,detected,0.468830,0.081072,-0.357400,3.063830,346.000,299.500,0.013303,0.000000,0.083620,0.513749,1514,1505,1500,1529,1800
9966,9.966000,1,0,1,0.221889,detected,0.470979,0.059305,-0.364239,3.153285,339.000,302.000,0.009776,0.000000,0.061449,0.508620,1509,1503,1500,1522,1800
9980,9.980000,0,0,1,0.222258,detected,0.470979,0.059305,-0.364239,3.153285,339.000,302.000,0.009776,0.000000,0.061449,0.508620,1509,1503,1500,1522,1800
9999,9.999000,1,0,1,0.239098,detected,0.472331,0.034361,-0.369684,3.272727,331.000,304.000,0.005680,0.000000,0.035706,0.504536,1505,1502,1500,1512,1800
10000,10.000000,0,0,1,0.238346,detected,0.472331,0.034361,-0.369684,3.272727,331.000,304.000,0.005680,0.000000,0.035706,0.504536,1505,1502,1500,1512,1800
10020,10.020000,0,0,1,0.216543,detected,0.472331,0.034361,-0.369684,3.272727,331.000,304.000,0.005680,0.000000,0.035706,0.504536,1505,1502,1500,1512,1800
10032,10.032000,1,0,1,0.229901,detected,0.468277,0.017186,-0.368325,3.335907,325.500,303.500,0.002817,0.000000,0.017705,0.505556,1506,1501,1500,1506,1800
10040,10.040000,0,0,1,0.238259,detected,0.468277,0.017186,-0.368325,3.335907,325.500,303.500,0.002817,0.000000,0.017705,0.505556,1506,1501,1500,1506,1800
10060,10.060000,0,0,1,0.218785,detected,0.468277,0.017186,-0.368325,3.335907,325.500,303.500,0.002817,0.000000,0.017705,0.505556,1506,1501,1500,1506,1800
10065,10.065000,1,0,1,0.216613,detected,0.466974,0.003125,-0.373753,3.428571,321.000,305.500,0.000511,0.000000,0.003210,0.501484,1501,1500,1500,1501,1800
10080,10.080000,0,0,1,0.234333,detected,0.466974,0.003125,-0.373753,3.428571,321.000,305.500,0.000511,0.000000,0.003210,0.501484,1501,1500,1500,1501,1800
10098,10.098000,1,0,1,0.229326,detected,0.466974,0.003125,-0.373753,3.428571,321.000,305.500,0.000511,0.000000,0.003210,0.501484,1501,1500,1500,1501,1800
10100,10.100000,0,0,1,0.226021,detected,0.466974,0.003125,-0.373753,3.428571,321.000,305.500,0.000511,0.000000,0.003210,0.501484,1501,1500,1500,1501,1800
10120,10.120000,0,0,1,0.221845,detected,0.466974,0.003125,-0.373753,3.428571,321.000,305.500,0.000511,0.000000,0.003210,0.501484,1501,1500,1500,1501,1800
10131,10.131000,1,0,1,0.235289,detected,0.468668,-0.010937,-0.380506,3.526531,316.500,308.000,-0.001794,0.000000,-0.011277,0.496420,1496,1499,1500,1496,1800
10140,10.140000,0,0,1,0.232099,detected,0.468668,-0.010937,-0.380506,3.526531,316.500,308.000,-0.001794,0.000000,-0.011277,0.496420,1496,1499,1500,1496,1800
10160,10.160000,0,0,1,0.214983,detected,0.468668,-0.010937,-0.380506,3.526531,316.500,308.000,-0.001794,0.000000,-0.011277,0.496420,1496,1499,1500,1496,1800
10164,10.164000,1,0,1,0.219492,detected,0.469709,-0.020310,-0.389899,3.645570,313.500,311.500,-0.003339,-0.000377,-0.020987,0.489375,1489,1499,1500,1493,1800
10180,10.180000,0,0,1,0.238646,detected,0.469709,-0.020310,-0.389899,3.645570,313.500,311.500,-0.003339,0.000000,-0.020987,0.489375,1489,1499,1500,1493,1800
10197,10.197000,1,0,1,0.220632,detected,0.467767,-0.028118,-0.395235,3.724138,311.000,313.500,-0.004603,-0.001590,-0.028935,0.485373,1485,1498,1501,1490,1800
10200,10.200000,0,0,1,0.218141,detected,0.467767,-0.028118,-0.395235,3.724138,311.000,313.500,-0.004603,-0.002306,-0.028935,0.485373,1485,1498,1501,1490,1800
10220,10.220000,0,0,1,0.237111,detected,0.467767,-0.028118,-0.395235,3.724138,311.000,313.500,-0.004603,0.000000,-0.028935,0.485373,1485,1498,1500,1490,1800
10230,10.230000,1,0,1,0.239005,detected,0.467412,-0.032801,-0.391236,3.772926,309.500,312.000,-0.005366,0.000000,-0.033729,0.488373,1488,1498,1500,1488,1800
10240,10.240000,0,0,1,0.224918,detected,0.467412,-0.032801,-0.391236,3.772926,309.500,312.000,-0.005366,0.000000,-0.033729,0.488373,1488,1498,1500,1488,1800
10260,10.260000,0,0,1,0.227858,detected,0.467412,-0.032801,-0.391236,3.772926,309.500,312.000,-0.005366,0.000000,-0.033729,0.488373,1488,1498,1500,1488,1800
10263,10.263000,1,0,1,0.232339,detected,0.471751,-0.037482,-0.396565,3.857143,308.000,314.000,-0.006189,0.000000,-0.038901,0.484376,1484,1498,1500,1486,1800
10280,10.280000,0,0,1,0.233177,detected,0.471751,-0.037482,-0.396565,3.857143,308.000,314.000,-0.006189,0.000000,-0.038901,0.484376,1484,1498,1500,1486,1800
10296,10.296000,1,0,1,0.215070,detected,0.470967,-0.043722,-0.405834,4.000000,306.000,317.500,-0.007207,-0.006894,-0.045302,0.477424,1477,1497,1502,1484,1800
10300,10.300000,0,0,1,0.216918,detected,0.470967,-0.043722,-0.405834,4.000000,306.000,317.500,-0.007207,-0.006307,-0.045302,0.477424,1477,1497,1502,1484,1800
10320,10.320000,0,0,1,0.237058,detected,0.470967,-0.043722,-0.405834,4.000000,306.000,317.500,-0.007207,0.000000,-0.045302,0.477424,1477,1497,1500,1484,1800
10329,10.329000,1,0,1,0.227913,detected,0.470967,-0.043722,-0.405834,4.000000,306.000,317.500,-0.007207,-0.002814,-0.045302,0.477424,1477,1497,1501,1484,1800
10340,10.340000,0,0,1,0.215705,detected,0.470967,-0.043722,-0.405834,4.000000,306.000,317.500,-0.007207,-0.006693,-0.045302,0.477424,1477,1497,1502,1484,1800
10360,10.360000,0,0,1,0.234729,detected,0.470967,-0.043722,-0.405834,4.000000,306.000,317.500,-0.007207,-0.000648,-0.045302,0.477424,1477,1497,1500,1484,1800
10362,10.362000,1,0,1,0.236084,detected,0.471117,-0.048400,-0.407152,4.133972,304.500,318.000,-0.007981,-0.000666,-0.050164,0.476435,1476,1497,1500,1482,1800
10380,10.380000,0,0,1,0.219000,detected,0.471117,-0.048400,-0.407152,4.133972,304.500,318.000,-0.007981,-0.006344,-0.050164,0.476435,1476,1497,1502,1482,1800
10395,10.395000,1,0,1,0.217594,detected,0.468657,-0.051517,-0.404515,4.173913,303.500,317.000,-0.008450,-0.005968,-0.053116,0.478413,1478,1497,1502,1481,1800
10400,10.400000,0,0,1,0.225059,detected,0.468657,-0.051517,-0.404515,4.173913,303.500,317.000,-0.008450,-0.003473,-0.053116,0.478413,1478,1497,1501,1481,1800
10420,10.420000,0,0,1,0.228419,detected,0.468657,-0.051517,-0.404515,4.173913,303.500,317.000,-0.008450,-0.002350,-0.053116,0.478413,1478,1497,1501,1481,1800
10428,10.428000,1,0,1,0.216398,detected,0.468657,-0.051517,-0.404515,4.173913,303.500,317.000,-0.008450,-0.006368,-0.053116,0.478413,1478,1497,1502,1481,1800
10440,10.440000,0,0,1,0.214924,detected,0.468657,-0.051517,-0.404515,4.173913,303.500,317.000,-0.008450,-0.006860,-0.053116,0.478413,1478,1497,1502,1481,1800
10460,10.460000,0,0,1,0.234206,detected,0.468657,-0.051517,-0.404515,4.173913,303.500,317.000,-0.008450,-0.000416,-0.053116,0.478413,1478,1497,1500,1481,1800
10461,10.461000,1,0,1,0.233538,detected,0.469231,-0.054633,-0.421554,4.430769,302.500,323.500,-0.008972,-0.006904,-0.056398,0.465634,1466,1497,1502,1480,1800
10480,10.480000,0,0,1,0.209283,detected,0.469231,-0.054633,-0.421554,4.430769,302.500,323.500,-0.008972,-0.015740,-0.056398,0.465634,1466,1497,1506,1480,1800
10494,10.494000,1,0,1,0.222505,detected,0.469231,-0.054633,-0.421554,4.430769,302.500,323.500,-0.008972,-0.010923,-0.056398,0.465634,1466,1497,1504,1480,1800
10500,10.500000,0,0,1,0.230241,detected,0.469231,-0.054633,-0.421554,4.430769,302.500,323.500,-0.008972,-0.008105,-0.056398,0.465634,1466,1497,1503,1480,1800
10520,10.520000,0,0,1,0.215136,detected,0.469231,-0.054633,-0.421554,4.430769,302.500,323.500,-0.008972,-0.013608,-0.056398,0.465634,1466,1497,1505,1480,1800
10527,10.527000,1,0,1,0.209455,detected,0.476152,-0.054633,-0.418949,4.476684,302.500,322.500,-0.009105,-0.015172,-0.057230,0.467588,1468,1497,1505,1480,1800
10540,10.540000,0,0,1,0.221491,detected,0.476152,-0.054633,-0.418949,4.476684,302.500,322.500,-0.009105,-0.010655,-0.057230,0.467588,1468,1497,1504,1480,1800
10560,10.560000,1,0,1,0.223651,detected,0.471726,-0.056191,-0.413721,4.500000,302.000,320.500,-0.009277,-0.007854,-0.058315,0.471509,1472,1497,1503,1480,1800
10580,10.580000,0,0,1,0.215779,detected,0.471726,-0.056191,-0.413721,4.500000,302.000,320.500,-0.009277,-0.010798,-0.058315,0.471509,1472,1497,1504,1480,1800
10593,10.593000,1,0,1,0.231712,detected,0.479287,-0.057748,-0.421554,4.620321,301.500,323.500,-0.009687,-0.008184,-0.060892,0.465634,1466,1497,1503,1479,1800
10600,10.600000,0,0,1,0.231441,detected,0.479287,-0.057748,-0.421554,4.620321,301.500,323.500,-0.009687,-0.008291,-0.060892,0.465634,1466,1497,1503,1479,1800
10620,10.620000,0,0,1,0.213052,detected,0.479287,-0.057748,-0.421554,4.620321,301.500,323.500,-0.009687,-0.015535,-0.060892,0.465634,1466,1497,1505,1479,1800
10626,10.626000,1,0,1,0.217748,detected,0.475009,-0.057748,-0.430623,4.773481,301.500,327.000,-0.009601,-0.017917,-0.060348,0.458832,1459,1497,1506,1479,1800
10640,10.640000,0,0,1,0.234013,detected,0.475009,-0.057748,-0.430623,4.773481,301.500,327.000,-0.009601,-0.011265,-0.060348,0.458832,1459,1497,1504,1479,1800
10659,10.659000,1,0,1,0.217837,detected,0.468179,-0.056191,-0.430623,4.853933,302.000,327.000,-0.009208,-0.018078,-0.057876,0.458832,1459,1497,1506,1480,1800
10660,10.660000,0,0,1,0.216944,detected,0.468179,-0.056191,-0.430623,4.853933,302.000,327.000,-0.009208,-0.018446,-0.057876,0.458832,1459,1497,1506,1480,1800
10680,10.680000,0,0,1,0.229863,detected,0.468179,-0.056191,-0.430623,4.853933,302.000,327.000,-0.009208,-0.013105,-0.057876,0.458832,1459,1497,1505,1480,1800
10692,10.692000,1,0,1,0.232739,detected,0.478534,-0.056191,-0.426745,4.853933,302.000,325.500,-0.009411,-0.010540,-0.059156,0.461740,1462,1497,1504,1479,1800
10700,10.700000,0,0,1,0.222653,detected,0.478534,-0.056191,-0.426745,4.853933,302.000,325.500,-0.009411,-0.014803,-0.059156,0.461740,1462,1497,1505,1479,1800
10720,10.720000,0,0,1,0.219408,detected,0.478534,-0.056191,-0.426745,4.853933,302.000,325.500,-0.009411,-0.016175,-0.059156,0.461740,1462,1497,1506,1479,1800
10725,10.725000,1,0,1,0.225636,detected,0.486207,-0.056191,-0.429332,4.965517,302.000,326.500,-0.009562,-0.015350,-0.060105,0.459801,1460,1497,1505,1479,1800
10740,10.740000,0,0,1,0.227300,detected,0.486207,-0.056191,-0.429332,4.965517,302.000,326.500,-0.009562,-0.014613,-0.060105,0.459801,1460,1497,1505,1479,1800
10758,10.758000,1,0,1,0.212044,detected,0.503541,-0.603348,0.088828,2.851485,99.500,151.500,-0.106334,0.000000,-0.668382,0.848420,1848,1463,1500,1266,1800
10760,10.760000,0,0,1,0.212964,detected,0.503541,-0.603348,0.088828,2.851485,99.500,151.500,-0.106334,0.000000,-0.668382,0.848420,1848,1463,1500,1266,1800
10780,10.780000,0,0,1,0.231933,detected,0.503541,-0.603348,0.088828,2.851485,99.500,151.500,-0.106334,0.000000,-0.668382,0.848420,1848,1463,1500,1266,1800
10791,10.791000,1,0,1,0.225646,detected,0.590025,-0.567538,0.001562,2.406685,116.000,179.500,-0.117201,0.000000,-0.736695,0.782971,1783,1459,1500,1242,1800
10800,10.800000,0,0,1,0.217838,detected,0.590025,-0.567538,0.001562,2.406685,116.000,179.500,-0.117201,0.000000,-0.736695,0.782971,1783,1459,1500,1242,1800
10820,10.820000,0,0,1,0.225839,detected,0.590025,-0.567538,0.001562,2.406685,116.000,179.500,-0.117201,0.000000,-0.736695,0.782971,1783,1459,1500,1242,1800
10824,10.824000,1,0,1,0.228141,detected,0.698182,-0.549560,0.001562,2.406685,124.000,179.500,-0.134292,0.000000,-0.844124,0.782971,1783,1453,1500,1205,1800
10840,10.840000,0,0,1,0.222798,detected,0.698182,-0.549560,0.001562,2.406685,124.000,179.500,-0.134292,0.000000,-0.844124,0.782971,1783,1453,1500,1205,1800
10857,10.857000,1,0,1,0.217686,detected,0.795121,-0.533498,0.001562,2.406685,131.000,179.500,-0.148468,0.000000,-0.933229,0.782971,1783,1448,1500,1173,1800
10860,10.860000,0,0,1,0.219138,detected,0.795121,-0.533498,0.001562,2.406685,131.000,179.500,-0.148468,0.000000,-0.933229,0.782971,1783,1448,1500,1173,1800
10880,10.880000,0,0,1,0.225602,detected,0.795121,-0.533498,0.001562,2.406685,131.000,179.500,-0.148468,0.000000,-0.933229,0.782971,1783,1448,1500,1173,1800
10890,10.890000,1,0,1,0.220883,detected,0.799342,-0.510012,-0.010937,2.461538,141.000,183.500,-0.142686,0.000000,-0.896884,0.773597,1774,1450,1500,1186,1800
10900,10.900000,0,0,1,0.218206,detected,0.799342,-0.510012,-0.010937,2.461538,141.000,183.500,-0.142686,0.000000,-0.896884,0.773597,1774,1450,1500,1186,1800
10920,10.920000,0,0,1,0.222639,detected,0.799342,-0.510012,-0.010937,2.461538,141.000,183.500,-0.142686,0.000000,-0.896884,0.773597,1774,1450,1500,1186,1800
10923,10.923000,1,0,1,0.222310,detected,0.717967,-0.474834,-0.070197,2.760384,155.500,202.500,-0.119320,0.000000,-0.750013,0.729152,1729,1458,1500,1237,1800
10940,10.940000,0,0,1,0.215291,detected,0.717967,-0.474834,-0.070197,2.760384,155.500,202.500,-0.119320,0.000000,-0.750013,0.729152,1729,1458,1500,1237,1800
10956,10.956000,1,0,1,0.215273,detected,0.637791,-0.438688,-0.127114,2.506462,169.863,220.897,-0.097927,0.000000,-0.615541,0.686464,1686,1466,1500,1285,1800
10960,10.960000,0,0,1,0.215403,detected,0.637791,-0.438688,-0.127114,2.506462,169.863,220.897,-0.097927,0.000000,-0.615541,0.686464,1686,1466,1500,1285,1800
10980,10.980000,0,0,1,0.208664,detected,0.637791,-0.438688,-0.127114,2.506462,169.863,220.897,-0.097927,0.000000,-0.615541,0.686464,1686,1466,1500,1285,1800
10989,10.989000,1,0,1,0.205919,detected,0.617587,-0.385883,-0.161092,2.273684,190.000,232.000,-0.083411,0.000000,-0.524295,0.660980,1661,1471,1500,1316,1800
11000,11.000000,0,0,1,0.204342,detected,0.617587,-0.385883,-0.161092,2.273684,190.000,232.000,-0.083411,0.000000,-0.524295,0.660980,1661,1471,1500,1316,1800
11020,11.020000,0,0,1,0.198323,detected,0.617587,-0.385883,-0.161092,2.273684,190.000,232.000,-0.083411,0.000000,-0.524295,0.660980,1661,1471,1500,1316,1800
11022,11.022000,1,0,1,0.197503,commit,0.461760,-0.118197,-0.185348,1.531915,282.000,240.000,-0.004776,0.000000,-0.030018,0.642788,1643,1498,1500,1489,1800
11040,11.040000,0,0,1,0.192422,commit,0.461760,-0.118197,-0.185348,1.531915,282.000,240.000,-0.004776,0.000000,-0.030018,0.642788,1643,1498,1500,1489,1800
11055,11.055000,1,0,1,0.189648,commit,0.436641,0.020310,-0.204896,1.545617,326.500,246.500,0.000776,0.000000,0.004877,0.628127,1628,1500,1500,1502,1800
11060,11.060000,0,0,1,0.187869,commit,0.436641,0.020310,-0.204896,1.545617,326.500,246.500,0.000776,0.000000,0.004877,0.628127,1628,1500,1500,1502,1800
11080,11.080000,0,0,1,0.181246,commit,0.436641,0.020310,-0.204896,1.545617,326.500,246.500,0.000776,0.000000,0.004877,0.628127,1628,1500,1500,1502,1800
11088,11.088000,1,0,1,0.181071,commit,0.436641,0.020310,-0.204896,1.545617,326.500,246.500,0.000776,0.000000,0.004877,0.628127,1628,1500,1500,1502,1800
11100,11.100000,0,0,1,0.179276,commit,0.436641,0.020310,-0.204896,1.545617,326.500,246.500,0.000776,0.000000,0.004877,0.628127,1628,1500,1500,1502,1800
11120,11.120000,0,0,1,0.172648,commit,0.436641,0.020310,-0.204896,1.545617,326.500,246.500,0.000776,0.000000,0.004877,0.628127,1628,1500,1500,1502,1800
11121,11.121000,1,0,1,0.172547,detected,0.550983,-0.074860,-0.221314,2.215385,296.000,252.000,-0.014436,0.000000,-0.090742,0.615814,1616,1495,1500,1468,1800
11140,11.140000,0,0,1,0.171851,detected,0.550983,-0.074860,-0.221314,2.215385,296.000,252.000,-0.014436,0.000000,-0.090742,0.615814,1616,1495,1500,1468,1800
11154,11.154000,1,0,1,0.167322,detected,0.576877,0.023433,-0.239088,2.393352,327.500,258.000,0.004731,0.000000,0.029740,0.602484,1602,1502,1500,1510,1800
11160,11.160000,0,0,1,0.165660,detected,0.576877,0.023433,-0.239088,2.393352,327.500,258.000,0.004731,0.000000,0.029740,0.602484,1602,1502,1500,1510,1800
11180,11.180000,0,0,1,0.165766,detected,0.576877,0.023433,-0.239088,2.393352,327.500,258.000,0.004731,0.000000,0.029740,0.602484,1602,1502,1500,1510,1800
11187,11.187000,1,0,1,0.164734,detected,0.601264,0.096574,-0.253783,2.541176,351.000,263.000,0.020323,0.000000,0.127746,0.591462,1591,1507,1500,1545,1800
11200,11.200000,0,0,1,0.160338,detected,0.601264,0.096574,-0.253783,2.541176,351.000,263.000,0.020323,0.000000,0.127746,0.591462,1591,1507,1500,1545,1800
11220,11.220000,1,0,1,0.159386,detected,0.614610,0.167175,-0.268366,2.618182,374.000,268.000,0.035962,0.000000,0.226045,0.580525,1581,1513,1500,1579,1800
11240,11.240000,0,0,1,0.157221,detected,0.614610,0.167175,-0.268366,2.618182,374.000,268.000,0.035962,0.000000,0.226045,0.580525,1581,1513,1500,1579,1800
11253,11.253000,1,0,1,0.153973,detected,0.627976,0.230219,-0.281392,2.683230,395.000,272.500,0.050600,0.000000,0.318059,0.570755,1571,1518,1500,1611,1800
11260,11.260000,0,0,1,0.154096,detected,0.627976,0.230219,-0.281392,2.683230,395.000,272.500,0.050600,0.000000,0.318059,0.570755,1571,1518,1500,1611,1800
11280,11.280000,0,0,1,0.154122,detected,0.627976,0.230219,-0.281392,2.683230,395.000,272.500,0.050600,0.000000,0.318059,0.570755,1571,1518,1500,1611,1800
11286,11.286000,1,0,1,0.152424,detected,0.638186,0.288587,-0.292890,2.734177,415.000,276.500,0.064460,0.000000,0.405179,0.562132,1562,1523,1500,1642,1800
11300,11.300000,0,0,1,0.151001,detected,0.638186,0.288587,-0.292890,2.734177,415.000,276.500,0.064460,0.000000,0.405179,0.562132,1562,1523,1500,1642,1800
11319,11.319000,1,0,1,0.154514,detected,0.644079,0.333888,-0.302885,2.769231,431.000,280.000,0.075268,0.000000,0.473110,0.554636,1555,1526,1500,1666,1800
11320,11.320000,0,0,1,0.154380,detected,0.644079,0.333888,-0.302885,2.769231,431.000,280.000,0.075268,0.000000,0.473110,0.554636,1555,1526,1500,1666,1800
11340,11.340000,0,0,1,0.149168,detected,0.644079,0.333888,-0.302885,2.769231,431.000,280.000,0.075268,0.000000,0.473110,0.554636,1555,1526,1500,1666,1800
11352,11.352000,1,0,1,0.153123,detected,0.647227,0.368325,-0.312818,2.814333,443.500,283.500,0.083436,0.000000,0.524458,0.547186,1547,1529,1500,1684,1800
11360,11.360000,0,0,1,0.155732,detected,0.647227,0.368325,-0.312818,2.814333,443.500,283.500,0.083436,0.000000,0.524458,0.547186,1547,1529,1500,1684,1800
11380,11.380000,0,0,1,0.151658,detected,0.647227,0.368325,-0.312818,2.814333,443.500,283.500,0.083436,0.000000,0.524458,0.547186,1547,1529,1500,1684,1800
11385,11.385000,1,0,1,0.152154,detected,0.639326,0.387223,-0.321282,2.889632,450.500,286.500,0.086647,-0.000009,0.544636,0.540838,1541,1530,1500,1691,1800
11400,11.400000,0,0,1,0.160268,detected,0.639326,0.387223,-0.321282,2.889632,450.500,286.500,0.086647,0.000000,0.544636,0.540838,1541,1530,1500,1691,1800
11418,11.418000,1,0,1,0.156930,detected,0.550564,0.442173,-0.329698,2.579104,471.500,289.500,0.085205,-0.000333,0.535577,0.534526,1535,1530,1500,1687,1800
11420,11.420000,0,0,1,0.156141,detected,0.550564,0.442173,-0.329698,2.579104,471.500,289.500,0.085205,-0.000405,0.535577,0.534526,1535,1530,1500,1687,1800
11440,11.440000,0,0,1,0.165711,detected,0.550564,0.442173,-0.329698,2.579104,471.500,289.500,0.085205,0.000000,0.535577,0.534526,1535,1530,1500,1687,1800
11451,11.451000,1,0,1,0.168817,detected,0.516324,0.437055,-0.338066,2.548673,469.500,292.500,0.078982,-0.000015,0.496456,0.528250,1528,1528,1500,1674,1800
11460,11.460000,0,0,1,0.164132,detected,0.516324,0.437055,-0.338066,2.548673,469.500,292.500,0.078982,-0.000405,0.496456,0.528250,1528,1528,1500,1674,1800
11480,11.480000,0,0,1,0.172387,detected,0.516324,0.437055,-0.338066,2.548673,469.500,292.500,0.078982,0.000000,0.496456,0.528250,1528,1528,1500,1674,1800
11484,11.484000,1,0,1,0.176337,detected,0.516324,0.437055,-0.338066,2.548673,469.500,292.500,0.078982,0.000000,0.496456,0.528250,1528,1528,1500,1674,1800
11500,11.500000,0,0,1,0.174282,detected,0.516324,0.437055,-0.338066,2.548673,469.500,292.500,0.078982,0.000000,0.496456,0.528250,1528,1528,1500,1674,1800
11517,11.517000,1,0,1,0.172468,detected,0.486134,0.426745,-0.342232,2.489914,465.500,294.000,0.072609,-0.000053,0.456402,0.525125,1525,1525,1500,1660,1800
11520,11.520000,0,0,1,0.175948,detected,0.486134,0.426745,-0.342232,2.489914,465.500,294.000,0.072609,0.000000,0.456402,0.525125,1525,1525,1500,1660,1800
11540,11.540000,0,0,1,0.185260,detected,0.486134,0.426745,-0.342232,2.489914,465.500,294.000,0.072609,0.000000,0.456402,0.525125,1525,1525,1500,1660,1800
11550,11.550000,1,0,1,0.175887,detected,0.471877,0.415030,-0.343618,2.426966,461.000,294.500,0.068545,0.000000,0.430856,0.524086,1524,1524,1500,1651,1800
11560,11.560000,0,0,1,0.178160,detected,0.471877,0.415030,-0.343618,2.426966,461.000,294.500,0.068545,0.000000,0.430856,0.524086,1524,1524,1500,1651,1800
11580,11.580000,0,0,1,0.197694,detected,0.471877,0.415030,-0.343618,2.426966,461.000,294.500,0.068545,0.000000,0.430856,0.524086,1524,1524,1500,1651,1800
11583,11.583000,1,0,1,0.195986,detected,0.457386,0.387223,-0.349147,2.433803,450.500,296.500,0.061989,0.000000,0.389643,0.519939,1520,1522,1500,1636,1800
11600,11.600000,0,0,1,0.182719,detected,0.457386,0.387223,-0.349147,2.433803,450.500,296.500,0.061989,0.000000,0.389643,0.519939,1520,1522,1500,1636,1800
11616,11.616000,1,0,1,0.200546,detected,0.454203,0.338066,-0.360140,2.579104,432.500,300.500,0.053743,0.000000,0.337812,0.511695,1512,1519,1500,1618,1800
11620,11.620000,0,0,1,0.203797,detected,0.454203,0.338066,-0.360140,2.579104,432.500,300.500,0.053743,0.000000,0.337812,0.511695,1512,1519,1500,1618,1800
11640,11.640000,0,0,1,0.188632,detected,0.454203,0.338066,-0.360140,2.579104,432.500,300.500,0.053743,-0.000223,0.337812,0.511695,1512,1519,1500,1618,1800
11649,11.649000,1,0,1,0.189418,detected,0.460423,0.292890,-0.366964,2.708464,416.500,303.000,0.047199,-0.000940,0.296677,0.506576,1507,1517,1500,1604,1800
11660,11.660000,0,0,1,0.203396,detected,0.460423,0.292890,-0.366964,2.708464,416.500,303.000,0.047199,0.000000,0.296677,0.506576,1507,1517,1500,1604,1800
11680,11.680000,0,0,1,0.197807,detected,0.460423,0.292890,-0.366964,2.708464,416.500,303.000,0.047199,-0.000010,0.296677,0.506576,1507,1517,1500,1604,1800
11682,11.682000,1,0,1,0.195561,detected,0.460435,0.252318,-0.365602,2.796116,402.500,302.500,0.040662,-0.000123,0.255587,0.507598,1508,1514,1500,1589,1800
11700,11.700000,0,0,1,0.200437,detected,0.460435,0.252318,-0.365602,2.796116,402.500,302.500,0.040662,0.000000,0.255587,0.507598,1508,1514,1500,1589,1800
11715,11.715000,1,0,1,0.212381,detected,0.460880,0.215358,-0.368325,2.899329,390.000,303.500,0.034739,0.000000,0.218359,0.505556,1506,1512,1500,1576,1800
11720,11.720000,0,0,1,0.208540,detected,0.460880,0.215358,-0.368325,2.899329,390.000,303.500,0.034739,0.000000,0.218359,0.505556,1506,1512,1500,1576,1800
11740,11.740000,0,0,1,0.197321,detected,0.460880,0.215358,-0.368325,2.899329,390.000,303.500,0.034739,-0.000278,0.218359,0.505556,1506,1512,1500,1576,1800
11748,11.748000,1,0,1,0.207416,detected,0.467004,0.182327,-0.379159,3.020979,379.000,307.500,0.029802,-0.000441,0.187325,0.497430,1497,1510,1500,1566,1800
11760,11.760000,0,0,1,0.214832,detected,0.467004,0.182327,-0.379159,3.020979,379.000,307.500,0.029802,0.000000,0.187325,0.497430,1497,1510,1500,1566,1800
11780,11.780000,0,0,1,0.198425,detected,0.467004,0.182327,-0.379159,3.020979,379.000,307.500,0.029802,-0.001921,0.187325,0.497430,1497,1510,1501,1566,1800
11781,11.781000,1,0,1,0.198645,detected,0.469443,0.151945,-0.385883,3.130435,369.000,310.000,0.024965,-0.003346,0.156925,0.492387,1492,1509,1501,1555,1800
11800,11.800000,0,0,1,0.217628,detected,0.469443,0.151945,-0.385883,3.130435,369.000,310.000,0.024965,0.000000,0.156925,0.492387,1492,1509,1500,1555,1800
11814,11.814000,1,0,1,0.206161,detected,0.469443,0.151945,-0.385883,3.130435,369.000,310.000,0.024965,-0.001962,0.156925,0.492387,1492,1509,1501,1555,1800
11820,11.820000,0,0,1,0.199648,detected,0.469443,0.151945,-0.385883,3.130435,369.000,310.000,0.024965,-0.003162,0.156925,0.492387,1492,1509,1501,1555,1800
11840,11.840000,0,0,1,0.215822,detected,0.469443,0.151945,-0.385883,3.130435,369.000,310.000,0.024965,-0.000183,0.156925,0.492387,1492,1509,1500,1555,1800
11847,11.847000,1,0,1,0.220791,detected,0.475495,0.110486,-0.388562,3.310345,355.500,311.000,0.018387,0.000000,0.115578,0.490378,1490,1506,1500,1540,1800
11860,11.860000,0,0,1,0.208078,detected,0.475495,0.110486,-0.388562,3.310345,355.500,311.000,0.018387,-0.002482,0.115578,0.490378,1490,1506,1501,1540,1800
11880,11.880000,1,0,1,0.207944,detected,0.473083,0.096574,-0.388562,3.375000,351.000,311.000,0.015991,-0.002628,0.100512,0.490378,1490,1506,1501,1535,1800
11900,11.900000,0,0,1,0.217107,detected,0.473083,0.096574,-0.388562,3.375000,351.000,311.000,0.015991,-0.000543,0.100512,0.490378,1490,1506,1500,1535,1800
11913,11.913000,1,0,1,0.200742,detected,0.473083,0.096574,-0.388562,3.375000,351.000,311.000,0.015991,-0.004266,0.100512,0.490378,1490,1506,1501,1535,1800
11920,11.920000,0,0,1,0.200654,detected,0.473083,0.096574,-0.388562,3.375000,351.000,311.000,0.015991,-0.004286,0.100512,0.490378,1490,1506,1502,1535,1800
11940,11.940000,0,0,1,0.219046,detected,0.473083,0.096574,-0.388562,3.375000,351.000,311.000,0.015991,-0.000102,0.100512,0.490378,1490,1506,1500,1535,1800
11946,11.946000,1,0,1,0.214734,detected,0.481258,0.074860,-0.404514,3.570248,344.000,317.000,0.012609,-0.005410,0.079259,0.478414,1478,1504,1502,1528,1800
11960,11.960000,0,0,1,0.200798,detected,0.481258,0.074860,-0.404514,3.570248,344.000,317.000,0.012609,-0.009049,0.079259,0.478414,1478,1504,1503,1528,1800
11979,11.979000,1,0,1,0.219455,detected,0.481258,0.074860,-0.404514,3.570248,344.000,317.000,0.012609,-0.004177,0.079259,0.478414,1478,1504,1501,1528,1800
11980,11.980000,0,0,1,0.220247,detected,0.481258,0.074860,-0.404514,3.570248,344.000,317.000,0.012609,-0.003970,0.079259,0.478414,1478,1504,1501,1528,1800
12000,12.000000,0,0,1,0.205966,detected,0.481258,0.074860,-0.404514,3.570248,344.000,317.000,0.012609,-0.007699,0.079259,0.478414,1478,1504,1503,1528,1800
12012,12.012000,1,0,1,0.205814,detected,0.484629,0.070197,-0.404514,3.645570,342.500,317.000,0.011907,-0.008110,0.074843,0.478414,1478,1504,1503,1526,1800
12020,12.020000,0,0,1,0.216442,detected,0.484629,0.070197,-0.404514,3.645570,342.500,317.000,0.011907,-0.005201,0.074843,0.478414,1478,1504,1502,1526,1800
12040,12.040000,0,0,1,0.214799,detected,0.484629,0.070197,-0.404514,3.645570,342.500,317.000,0.011907,-0.005651,0.074843,0.478414,1478,1504,1502,1526,1800
12045,12.045000,1,0,1,0.208365,detected,0.487060,0.057748,-0.409784,3.806168,338.500,319.000,0.009844,-0.009677,0.061879,0.474461,1474,1503,1503,1522,1800
12060,12.060000,0,0,1,0.208573,detected,0.487060,0.057748,-0.409784,3.806168,338.500,319.000,0.009844,-0.009615,0.061879,0.474461,1474,1503,1503,1522,1800
12078,12.078000,1,0,1,0.221574,detected,0.487060,0.057748,-0.409784,3.806168,338.500,319.000,0.009844,-0.005726,0.061879,0.474461,1474,1503,1502,1522,1800
12080,12.080000,0,0,1,0.220213,detected,0.487060,0.057748,-0.409784,3.806168,338.500,319.000,0.009844,-0.006133,0.061879,0.474461,1474,1503,1502,1522,1800
12100,12.100000,0,0,1,0.203875,detected,0.487060,0.057748,-0.409784,3.806168,338.500,319.000,0.009844,-0.011020,0.061879,0.474461,1474,1503,1504,1522,1800
12111,12.111000,1,0,1,0.214354,detected,0.486128,0.054633,-0.415030,3.909502,337.500,321.000,0.009296,-0.009879,0.058429,0.470527,1471,1503,1503,1520,1800
12120,12.120000,0,0,1,0.220240,detected,0.486128,0.054633,-0.415030,3.909502,337.500,321.000,0.009296,-0.008039,0.058429,0.470527,1471,1503,1503,1520,1800
12140,12.140000,0,0,1,0.202261,detected,0.486128,0.054633,-0.415030,3.909502,337.500,321.000,0.009296,-0.013658,0.058429,0.470527,1471,1503,1505,1520,1800
12144,12.144000,1,0,1,0.201420,detected,0.493719,0.051517,-0.418949,3.981567,336.500,322.500,0.008902,-0.015882,0.055957,0.467588,1468,1503,1506,1520,1800
12160,12.160000,0,0,1,0.216269,detected,0.493719,0.051517,-0.418949,3.981567,336.500,322.500,0.008902,-0.011016,0.055957,0.467588,1468,1503,1504,1520,1800
12177,12.177000,1,0,1,0.210069,detected,0.496000,0.051517,-0.416338,4.018605,336.500,321.500,0.008943,-0.012424,0.056215,0.469546,1470,1503,1504,1520,1800
12180,12.180000,0,0,1,0.206472,detected,0.496000,0.051517,-0.416338,4.018605,336.500,321.500,0.008943,-0.013625,0.056215,0.469546,1470,1503,1505,1520,1800
12200,12.200000,0,0,1,0.209302,detected,0.496000,0.051517,-0.416338,4.018605,336.500,321.500,0.008943,-0.012680,0.056215,0.469546,1470,1503,1504,1520,1800
12210,12.210000,1,0,1,0.217807,detected,0.493733,0.048400,-0.415030,4.094787,335.500,321.000,0.008364,-0.009668,0.052572,0.470527,1471,1503,1503,1518,1800
12220,12.220000,0,0,1,0.212651,detected,0.493733,0.048400,-0.415030,4.094787,335.500,321.000,0.008364,-0.011438,0.052572,0.470527,1471,1503,1504,1518,1800
12240,12.240000,0,0,1,0.202821,detected,0.493733,0.048400,-0.415030,4.094787,335.500,321.000,0.008364,-0.014813,0.052572,0.470527,1471,1503,1505,1518,1800
12243,12.243000,1,0,1,0.205716,detected,0.491255,0.046841,-0.418949,4.194175,335.000,322.500,0.008054,-0.015674,0.050624,0.467588,1468,1503,1505,1518,1800
12260,12.260000,0,0,1,0.216548,detected,0.491255,0.046841,-0.418949,4.194175,335.000,322.500,0.008054,-0.011830,0.050624,0.467588,1468,1503,1504,1518,1800
12276,12.276000,1,0,1,0.200262,detected,0.496881,0.045282,-0.426745,4.298507,334.500,325.500,0.007875,-0.021418,0.049499,0.461740,1462,1503,1507,1517,1800
12280,12.280000,0,0,1,0.198593,detected,0.496881,0.045282,-0.426745,4.298507,334.500,325.500,0.007875,-0.022040,0.049499,0.461740,1462,1503,1508,1517,1800
12300,12.300000,0,0,1,0.214938,detected,0.496881,0.045282,-0.426745,4.298507,334.500,325.500,0.007875,-0.015943,0.049499,0.461740,1462,1503,1506,1517,1800
12309,12.309000,1,0,1,0.213489,detected,0.500563,0.045282,-0.426745,4.341709,334.500,325.500,0.007933,-0.016854,0.049866,0.461740,1462,1503,1506,1517,1800
12320,12.320000,0,0,1,0.201156,detected,0.500563,0.045282,-0.426745,4.341709,334.500,325.500,0.007933,-0.021557,0.049866,0.461740,1462,1503,1508,1517,1800
12340,12.340000,0,0,1,0.208286,detected,0.500563,0.045282,-0.426745,4.341709,334.500,325.500,0.007933,-0.018838,0.049866,0.461740,1462,1503,1507,1517,1800
12342,12.342000,1,0,1,0.210648,detected,0.504819,0.045282,-0.424153,4.385787,334.500,324.500,0.008001,-0.017349,0.050290,0.463685,1464,1503,1506,1518,1800
12360,12.360000,0,0,1,0.209790,detected,0.504819,0.045282,-0.424153,4.385787,334.500,324.500,0.008001,-0.017684,0.050290,0.463685,1464,1503,1506,1518,1800
12375,12.375000,1,0,1,0.198476,detected,0.497828,0.042162,-0.425450,4.476684,333.500,325.000,0.007346,-0.023056,0.046177,0.462712,1463,1503,1508,1516,1800
12380,12.380000,0,0,1,0.201332,detected,0.497828,0.042162,-0.425450,4.476684,333.500,325.000,0.007346,-0.021919,0.046177,0.462712,1463,1503,1508,1516,1800
12400,12.400000,0,0,1,0.215827,detected,0.497828,0.042162,-0.425450,4.476684,333.500,325.000,0.007346,-0.016148,0.046177,0.462712,1463,1503,1506,1516,1800
12408,12.408000,1,0,1,0.208036,detected,0.501919,0.040603,-0.434486,4.595745,333.000,328.500,0.007133,-0.023971,0.044834,0.455935,1456,1502,1508,1516,1800
12420,12.420000,0,0,1,0.196805,detected,0.501919,0.040603,-0.434486,4.595745,333.000,328.500,0.007133,-0.028662,0.044834,0.455935,1456,1502,1510,1516,1800
12440,12.440000,0,0,1,0.213709,detected,0.501919,0.040603,-0.434486,4.595745,333.000,328.500,0.007133,-0.021601,0.044834,0.455935,1456,1502,1508,1516,1800
12441,12.441000,1,0,1,0.214383,detected,0.501919,0.040603,-0.434486,4.595745,333.000,328.500,0.007133,-0.021319,0.044834,0.455935,1456,1502,1507,1516,1800
12460,12.460000,0,0,1,0.202665,detected,0.501919,0.040603,-0.434486,4.595745,333.000,328.500,0.007133,-0.026214,0.044834,0.455935,1456,1502,1509,1516,1800
12474,12.474000,1,0,1,0.200464,detected,0.512590,0.043722,-0.435771,4.645161,334.000,329.000,0.007844,-0.028592,0.049305,0.454971,1455,1503,1510,1517,1800
12480,12.480000,0,0,1,0.207210,detected,0.512590,0.043722,-0.435771,4.645161,334.000,329.000,0.007844,-0.025680,0.049305,0.454971,1455,1503,1509,1517,1800
12500,12.500000,0,0,1,0.212686,detected,0.512590,0.043722,-0.435771,4.645161,334.000,329.000,0.007844,-0.023316,0.049305,0.454971,1455,1503,1508,1517,1800
12507,12.507000,1,0,1,0.204864,detected,0.508193,0.042162,-0.430623,4.670270,333.500,327.000,0.007499,-0.024492,0.047139,0.458832,1459,1503,1509,1516,1800
12520,12.520000,0,0,1,0.201766,detected,0.508193,0.042162,-0.430623,4.670270,333.500,327.000,0.007499,-0.025831,0.047139,0.458832,1459,1503,1509,1516,1800
12540,12.540000,1,0,1,0.218536,detected,0.503506,0.037482,-0.434487,4.800000,332.000,328.500,0.006605,-0.020978,0.041520,0.455934,1456,1502,1507,1515,1800
12560,12.560000,0,0,1,0.200978,detected,0.503506,0.037482,-0.434487,4.800000,332.000,328.500,0.006605,-0.028835,0.041520,0.455934,1456,1502,1510,1515,1800
12573,12.573000,1,0,1,0.207356,detected,0.497869,0.035922,-0.439617,4.881356,331.500,330.500,0.006260,-0.028680,0.039346,0.452087,1452,1502,1510,1514,1800
12580,12.580000,0,0,1,0.214864,detected,0.497869,0.035922,-0.439617,4.881356,331.500,330.500,0.006260,-0.025273,0.039346,0.452087,1452,1502,1509,1514,1800
12600,12.600000,0,0,1,0.205953,detected,0.497869,0.035922,-0.439617,4.881356,331.500,330.500,0.006260,-0.029317,0.039346,0.452087,1452,1502,1510,1514,1800
12606,12.606000,1,0,1,0.201047,detected,0.506980,0.035922,-0.444722,4.994220,331.500,332.500,0.006374,-0.035598,0.040066,0.448258,1448,1502,1512,1514,1800
12620,12.620000,0,0,1,0.208596,detected,0.506980,0.035922,-0.444722,4.994220,331.500,332.500,0.006374,-0.031996,0.040066,0.448258,1448,1502,1511,1514,1800
12639,12.639000,1,0,1,0.214347,detected,0.511575,0.037482,-0.442173,5.023256,332.000,331.500,0.006711,-0.028467,0.042185,0.450170,1450,1502,1510,1515,1800
12640,12.640000,0,0,1,0.213302,detected,0.511575,0.037482,-0.442173,5.023256,332.000,331.500,0.006711,-0.028973,0.042185,0.450170,1450,1502,1510,1515,1800
12660,12.660000,0,0,1,0.200522,detected,0.511575,0.037482,-0.442173,5.023256,332.000,331.500,0.006711,-0.035165,0.042185,0.450170,1450,1502,1512,1515,1800
12672,12.672000,1,0,1,0.212970,detected,0.508215,0.034361,-0.438337,5.082353,331.000,330.000,0.006112,-0.027638,0.038419,0.453047,1453,1502,1510,1513,1800
12680,12.680000,0,0,1,0.216171,detected,0.508215,0.034361,-0.438337,5.082353,331.000,330.000,0.006112,-0.026067,0.038419,0.453047,1453,1502,1509,1513,1800
12700,12.700000,0,0,1,0.197969,detected,0.508215,0.034361,-0.438337,5.082353,331.000,330.000,0.006112,-0.035002,0.038419,0.453047,1453,1502,1512,1513,1800
12705,12.705000,1,0,1,0.198094,detected,0.504376,0.031240,-0.444722,5.204820,330.000,332.500,0.005515,-0.039185,0.034665,0.448258,1448,1502,1514,1512,1800
12720,12.720000,0,0,1,0.212896,detected,0.504376,0.031240,-0.444722,5.204820,330.000,332.500,0.005515,-0.031708,0.034665,0.448258,1448,1502,1511,1512,1800
12738,12.738000,1,0,1,0.204046,detected,0.520659,0.032801,-0.449803,5.300613,330.500,334.500,0.005977,-0.040929,0.037572,0.444447,1444,1502,1514,1513,1800
12740,12.740000,0,0,1,0.201641,detected,0.520659,0.032801,-0.449803,5.300613,330.500,334.500,0.005977,-0.042213,0.037572,0.444447,1444,1502,1515,1513,1800
12760,12.760000,0,0,1,0.205226,detected,0.520659,0.032801,-0.449803,5.300613,330.500,334.500,0.005977,-0.040300,0.037572,0.444447,1444,1502,1514,1513,1800
12771,12.771000,1,0,1,0.213834,detected,0.525350,0.032801,-0.444722,5.300613,330.500,332.500,0.006031,-0.033292,0.037910,0.448258,1448,1502,1512,1513,1800
12780,12.780000,0,0,1,0.207899,detected,0.525350,0.032801,-0.444722,5.300613,330.500,332.500,0.006031,-0.036488,0.037910,0.448258,1448,1502,1513,1513,1800
12800,12.800000,0,0,1,0.195891,detected,0.525350,0.032801,-0.444722,5.300613,330.500,332.500,0.006031,-0.042954,0.037910,0.448258,1448,1502,1515,1513,1800
12804,12.804000,1,0,1,0.199838,detected,0.519192,0.031240,-0.442173,5.333333,330.000,331.500,0.005677,-0.039391,0.035683,0.450170,1450,1502,1514,1512,1800
12820,12.820000,0,0,1,0.211840,detected,0.519192,0.031240,-0.442173,5.333333,330.000,331.500,0.005677,-0.032938,0.035683,0.450170,1450,1502,1512,1512,1800
12837,12.837000,1,0,1,0.194658,detected,0.512516,0.029679,-0.448535,5.433963,329.500,334.000,0.005324,-0.046244,0.033464,0.445398,1445,1502,1516,1512,1800
12840,12.840000,0,0,1,0.192954,detected,0.512516,0.029679,-0.448535,5.433963,329.500,334.000,0.005324,-0.047174,0.033464,0.445398,1445,1502,1517,1512,1800
12860,12.860000,0,0,1,0.209069,detected,0.512516,0.029679,-0.448535,5.433963,329.500,334.000,0.005324,-0.038387,0.033464,0.445398,1445,1502,1513,1512,1800
12870,12.870000,1,0,1,0.210223,detected,0.512516,0.029679,-0.448535,5.433963,329.500,334.000,0.005324,-0.037758,0.033464,0.445398,1445,1502,1513,1512,1800
12880,12.880000,0,0,1,0.199581,detected,0.512516,0.029679,-0.448535,5.433963,329.500,334.000,0.005324,-0.043560,0.033464,0.445398,1445,1502,1515,1512,1800
12900,12.900000,0,0,1,0.202044,detected,0.512516,0.029679,-0.448535,5.433963,329.500,334.000,0.005324,-0.042217,0.033464,0.445398,1445,1502,1515,1512,1800
12903,12.903000,1,0,1,0.205755,detected,0.520056,0.029679,-0.453598,5.574194,329.500,336.000,0.005402,-0.045101,0.033956,0.441601,1442,1502,1516,1512,1800
12920,12.920000,0,0,1,0.208693,detected,0.520056,0.029679,-0.453598,5.574194,329.500,336.000,0.005402,-0.043419,0.033956,0.441601,1442,1502,1515,1512,1800
12936,12.936000,1,0,1,0.193810,detected,0.535647,0.031240,-0.451070,5.610390,330.000,335.000,0.005857,-0.052363,0.036814,0.443497,1443,1502,1518,1513,1800
12940,12.940000,0,0,1,0.194662,detected,0.535647,0.031240,-0.451070,5.610390,330.000,335.000,0.005857,-0.051857,0.036814,0.443497,1443,1502,1518,1513,1800
12960,12.960000,0,0,1,0.211512,detected,0.535647,0.031240,-0.451070,5.610390,330.000,335.000,0.005857,-0.041853,0.036814,0.443497,1443,1502,1515,1513,1800
12969,12.969000,1,0,1,0.205446,detected,0.523364,0.028118,-0.447266,5.610390,329.000,333.500,0.005151,-0.042357,0.032375,0.446350,1446,1502,1515,1511,1800
12980,12.980000,0,0,1,0.193652,detected,0.523364,0.028118,-0.447266,5.610390,329.000,333.500,0.005151,-0.049224,0.032375,0.446350,1446,1502,1517,1511,1800
13000,13.000000,0,0,1,0.205757,detected,0.523364,0.028118,-0.447266,5.610390,329.000,333.500,0.005151,-0.042176,0.032375,0.446350,1446,1502,1515,1511,1800
13002,13.002000,1,0,1,0.207407,detected,0.521707,0.026556,-0.454859,5.721854,328.500,336.500,0.004849,-0.046780,0.030480,0.440655,1441,1502,1516,1511,1800
13020,13.020000,0,0,1,0.198578,detected,0.521707,0.026556,-0.454859,5.721854,328.500,336.500,0.004849,-0.052049,0.030480,0.440655,1441,1502,1518,1511,1800
13035,13.035000,1,0,1,0.192832,detected,0.534884,0.028118,-0.457378,5.837838,329.000,337.500,0.005264,-0.059881,0.033087,0.438766,1439,1502,1521,1512,1800
13040,13.040000,0,0,1,0.197351,detected,0.534884,0.028118,-0.457378,5.837838,329.000,337.500,0.005264,-0.057047,0.033087,0.438766,1439,1502,1520,1512,1800
13060,13.060000,0,0,1,0.203116,detected,0.534884,0.028118,-0.457378,5.837838,329.000,337.500,0.005264,-0.053431,0.033087,0.438766,1439,1502,1519,1512,1800
13068,13.068000,1,0,1,0.193350,detected,0.536874,0.026556,-0.456120,5.877551,328.500,337.000,0.004990,-0.059620,0.031366,0.439710,1440,1502,1521,1511,1800
13080,13.080000,0,0,1,0.188318,detected,0.536874,0.026556,-0.456120,5.877551,328.500,337.000,0.004990,-0.062822,0.031366,0.439710,1440,1502,1522,1511,1800
13100,13.100000,0,0,1,0.205417,detected,0.536874,0.026556,-0.456120,5.877551,328.500,337.000,0.004990,-0.051942,0.031366,0.439710,1440,1502,1518,1511,1800
13101,13.101000,1,0,1,0.205360,detected,0.541788,0.026556,-0.449803,5.877551,328.500,334.500,0.005036,-0.048399,0.031653,0.444447,1444,1502,1517,1511,1800
13120,13.120000,0,0,1,0.187463,detected,0.541788,0.026556,-0.449803,5.877551,328.500,334.500,0.005036,-0.059890,0.031653,0.444447,1444,1502,1521,1511,1800
13134,13.134000,1,0,1,0.192758,detected,0.533015,0.023433,-0.452334,5.958621,327.500,335.500,0.004372,-0.058418,0.027479,0.442549,1443,1502,1520,1510,1800
13140,13.140000,0,0,1,0.199453,detected,0.533015,0.023433,-0.452334,5.958621,327.500,335.500,0.004372,-0.054096,0.027479,0.442549,1443,1502,1519,1510,1800
13160,13.160000,0,0,1,0.192449,detected,0.533015,0.023433,-0.452334,5.958621,327.500,335.500,0.004372,-0.058617,0.027479,0.442549,1443,1502,1521,1510,1800
13167,13.167000,1,0,1,0.185892,detected,0.524402,0.021872,-0.457378,6.084507,327.000,337.500,0.004014,-0.066951,0.025233,0.438766,1439,1501,1523,1509,1800
13180,13.180000,0,0,1,0.191104,detected,0.524402,0.021872,-0.457378,6.084507,327.000,337.500,0.004014,-0.063544,0.025233,0.438766,1439,1501,1522,1509,1800
13200,13.200000,1,0,1,0.197745,detected,0.549214,0.021872,-0.457378,6.084507,327.000,337.500,0.004204,-0.062004,0.026427,0.438766,1439,1501,1522,1509,1800
13220,13.220000,0,0,1,0.181176,detected,0.549214,0.021872,-0.457378,6.084507,327.000,337.500,0.004204,-0.073348,0.026427,0.438766,1439,1501,1526,1509,1800
13233,13.233000,1,0,1,0.193084,detected,0.546027,0.020310,-0.449803,6.127661,326.500,334.500,0.003881,-0.060318,0.024397,0.444447,1444,1501,1521,1509,1800
13240,13.240000,0,0,1,0.196814,detected,0.546027,0.020310,-0.449803,6.127661,326.500,334.500,0.003881,-0.057751,0.024397,0.444447,1444,1501,1520,1509,1800
13260,13.260000,0,0,1,0.178271,detected,0.546027,0.020310,-0.449803,6.127661,326.500,334.500,0.003881,-0.070511,0.024397,0.444447,1444,1501,1525,1509,1800
13266,13.266000,1,0,1,0.176562,detected,0.534747,0.017186,-0.452334,6.215827,325.500,335.500,0.003217,-0.073513,0.020218,0.442549,1443,1501,1526,1507,1800
13280,13.280000,0,0,1,0.189418,detected,0.534747,0.017186,-0.452334,6.215827,325.500,335.500,0.003217,-0.064657,0.020218,0.442549,1443,1501,1523,1507,1800
13299,13.299000,1,0,1,0.185562,detected,0.535169,0.017186,-0.456120,6.306569,325.500,337.000,0.003219,-0.071295,0.020234,0.439710,1440,1501,1525,1507,1800
13300,13.300000,0,0,1,0.184273,detected,0.535169,0.017186,-0.456120,6.306569,325.500,337.000,0.003219,-0.072200,0.020234,0.439710,1440,1501,1525,1507,1800
13320,13.320000,0,0,1,0.178055,detected,0.535169,0.017186,-0.456120,6.306569,325.500,337.000,0.003219,-0.076567,0.020234,0.439710,1440,1501,1527,1507,1800
13332,13.332000,1,0,1,0.189796,detected,0.554993,0.017186,-0.456120,6.306569,325.500,337.000,0.003338,-0.070851,0.020984,0.439710,1440,1501,1525,1507,1800
13340,13.340000,0,0,1,0.188848,detected,0.554993,0.017186,-0.456120,6.306569,325.500,337.000,0.003338,-0.071541,0.020984,0.439710,1440,1501,1525,1507,1800
13360,13.360000,0,0,1,0.170864,detected,0.554993,0.017186,-0.456120,6.306569,325.500,337.000,0.003338,-0.084643,0.020984,0.439710,1440,1501,1530,1507,1800
13365,13.365000,1,0,1,0.172988,detected,0.554993,0.017186,-0.456120,6.306569,325.500,337.000,0.003338,-0.083095,0.020984,0.439710,1440,1501,1529,1507,1800
13380,13.380000,0,0,1,0.186335,detected,0.554993,0.017186,-0.456120,6.306569,325.500,337.000,0.003338,-0.073372,0.020984,0.439710,1440,1501,1526,1507,1800
13398,13.398000,1,0,1,0.171961,detected,0.544745,0.014062,-0.448535,6.306569,324.500,334.000,0.002681,-0.077144,0.016852,0.445398,1445,1501,1527,1506,1800
13400,13.400000,0,0,1,0.169829,detected,0.544745,0.014062,-0.448535,6.306569,324.500,334.000,0.002681,-0.078674,0.016852,0.445398,1445,1501,1528,1506,1800
13420,13.420000,0,0,1,0.176815,detected,0.544745,0.014062,-0.448535,6.306569,324.500,334.000,0.002681,-0.073661,0.016852,0.445398,1445,1501,1526,1506,1800
13431,13.431000,1,0,1,0.181645,detected,0.546115,0.010937,-0.454859,6.496241,323.500,336.500,0.002091,-0.078092,0.013140,0.440655,1441,1501,1527,1505,1800
13440,13.440000,0,0,1,0.173104,detected,0.546115,0.010937,-0.454859,6.496241,323.500,336.500,0.002091,-0.084496,0.013140,0.440655,1441,1501,1530,1505,1800
13460,13.460000,0,0,1,0.164677,detected,0.546115,0.010937,-0.454859,6.496241,323.500,336.500,0.002091,-0.090815,0.013140,0.440655,1441,1501,1532,1505,1800
13464,13.464000,1,0,1,0.168831,detected,0.546115,0.010937,-0.454859,6.496241,323.500,336.500,0.002091,-0.087700,0.013140,0.440655,1441,1501,1531,1505,1800
13480,13.480000,0,0,1,0.175400,detected,0.546115,0.010937,-0.454859,6.496241,323.500,336.500,0.002091,-0.082775,0.013140,0.440655,1441,1501,1529,1505,1800
13497,13.497000,1,0,1,0.157678,detected,0.553094,0.012499,-0.451070,6.447761,324.000,335.000,0.002420,-0.093350,0.015209,0.443497,1443,1501,1533,1505,1800
13500,13.500000,0,0,1,0.156995,detected,0.553094,0.012499,-0.451070,6.447761,324.000,335.000,0.002420,-0.093863,0.015209,0.443497,1443,1501,1533,1505,1800
13520,13.520000,0,0,1,0.172046,detected,0.553094,0.012499,-0.451070,6.447761,324.000,335.000,0.002420,-0.082562,0.015209,0.443497,1443,1501,1529,1505,1800
13530,13.530000,1,0,1,0.167977,detected,0.547595,0.010937,-0.444722,6.496241,323.500,332.500,0.002096,-0.080959,0.013176,0.448258,1448,1501,1528,1505,1800
13540,13.540000,0,0,1,0.156694,detected,0.547595,0.010937,-0.444722,6.496241,323.500,332.500,0.002096,-0.089441,0.013176,0.448258,1448,1501,1531,1505,1800
13560,13.560000,0,0,1,0.163868,detected,0.547595,0.010937,-0.444722,6.496241,323.500,332.500,0.002096,-0.084047,0.013176,0.448258,1448,1501,1529,1505,1800
13563,13.563000,1,0,1,0.166573,detected,0.539590,0.007812,-0.447266,6.595420,322.500,333.500,0.001475,-0.084605,0.009274,0.446350,1446,1501,1530,1503,1800
13580,13.580000,0,0,1,0.159643,detected,0.539590,0.007812,-0.447266,6.595420,322.500,333.500,0.001475,-0.089858,0.009274,0.446350,1446,1501,1531,1503,1800
13596,13.596000,1,0,1,0.149151,detected,0.550468,0.007812,-0.451070,6.697674,322.500,335.000,0.001505,-0.104745,0.009461,0.443497,1443,1501,1537,1503,1800
13600,13.600000,0,0,1,0.152013,detected,0.550468,0.007812,-0.451070,6.697674,322.500,335.000,0.001505,-0.102488,0.009461,0.443497,1443,1501,1536,1503,1800
13620,13.620000,0,0,1,0.162238,detected,0.550468,0.007812,-0.451070,6.697674,322.500,335.000,0.001505,-0.094426,0.009461,0.443497,1443,1501,1533,1503,1800
13629,13.629000,1,0,1,0.151490,detected,0.552769,0.009375,-0.448535,6.646154,323.000,334.000,0.001814,-0.100162,0.011401,0.445398,1445,1501,1535,1504,1800
13640,13.640000,0,0,1,0.142403,detected,0.552769,0.009375,-0.448535,6.646154,323.000,334.000,0.001814,-0.107274,0.011401,0.445398,1445,1501,1538,1504,1800
13660,13.660000,0,0,1,0.156372,detected,0.552769,0.009375,-0.448535,6.646154,323.000,334.000,0.001814,-0.096342,0.011401,0.445398,1445,1501,1534,1504,1800
13662,13.662000,1,0,1,0.156597,detected,0.550641,0.007812,-0.440896,6.595420,322.500,331.000,0.001506,-0.089126,0.009464,0.451128,1451,1501,1531,1503,1800
13680,13.680000,0,0,1,0.138960,detected,0.550641,0.007812,-0.440896,6.595420,322.500,331.000,0.001506,-0.102768,0.009464,0.451128,1451,1501,1536,1503,1800
13695,13.695000,1,0,1,0.139976,detected,0.573901,0.006250,-0.440896,6.646154,322.000,331.000,0.001255,-0.107516,0.007891,0.451128,1451,1500,1538,1503,1800
13700,13.700000,0,0,1,0.145162,detected,0.573901,0.006250,-0.440896,6.646154,322.000,331.000,0.001255,-0.103287,0.007891,0.451128,1451,1500,1536,1503,1800
13720,13.720000,0,0,1,0.141952,detected,0.573901,0.006250,-0.440896,6.646154,322.000,331.000,0.001255,-0.105904,0.007891,0.451128,1451,1500,1537,1503,1800
13728,13.728000,1,0,1,0.132667,detected,0.552734,0.006250,-0.445995,6.750000,322.000,333.000,0.001209,-0.115538,0.007600,0.447303,1447,1500,1540,1503,1800
13740,13.740000,0,0,1,0.133347,detected,0.552734,0.006250,-0.445995,6.750000,322.000,333.000,0.001209,-0.114994,0.007600,0.447303,1447,1500,1540,1503,1800
13760,13.760000,0,0,1,0.142924,detected,0.552734,0.006250,-0.445995,6.750000,322.000,333.000,0.001209,-0.107323,0.007600,0.447303,1447,1500,1538,1503,1800
13761,13.761000,1,0,1,0.142129,detected,0.587635,0.007812,-0.443448,6.803150,322.500,332.000,0.001607,-0.113529,0.010100,0.449213,1449,1501,1540,1504,1800
13780,13.780000,0,0,1,0.125580,detected,0.587635,0.007812,-0.443448,6.803150,322.500,332.000,0.001607,-0.127734,0.010100,0.449213,1449,1501,1545,1504,1800
13794,13.794000,1,0,1,0.137028,detected,0.609907,0.007812,-0.437055,6.697674,322.500,329.500,0.001668,-0.114401,0.010483,0.454008,1454,1501,1540,1504,1800
13800,13.800000,0,0,1,0.140913,detected,0.609907,0.007812,-0.437055,6.697674,322.500,329.500,0.001668,-0.111008,0.010483,0.454008,1454,1501,1539,1504,1800
13820,13.820000,0,0,1,0.124072,detected,0.609907,0.007812,-0.437055,6.697674,322.500,329.500,0.001668,-0.125720,0.010483,0.454008,1454,1501,1544,1504,1800
13827,13.827000,1,0,1,0.121326,detected,0.612598,0.004687,-0.435771,6.803150,321.500,329.000,0.001005,-0.130553,0.006317,0.454971,1455,1500,1546,1502,1800
13840,13.840000,0,0,1,0.131291,detected,0.612598,0.004687,-0.435771,6.803150,321.500,329.000,0.001005,-0.121605,0.006317,0.454971,1455,1500,1543,1502,1800
13860,13.860000,1,0,1,0.123555,detected,0.609649,0.006250,-0.439617,6.857143,322.000,330.500,0.001334,-0.132451,0.008383,0.452087,1452,1500,1546,1503,1800
13880,13.880000,0,0,1,0.118085,detected,0.609649,0.006250,-0.439617,6.857143,322.000,330.500,0.001334,-0.137379,0.008383,0.452087,1452,1500,1548,1503,1800
13893,13.893000,1,0,1,0.127570,detected,0.609649,0.006250,-0.439617,6.857143,322.000,330.500,0.001334,-0.128832,0.008383,0.452087,1452,1500,1545,1503,1800
13900,13.900000,0,0,1,0.123437,detected,0.609649,0.006250,-0.439617,6.857143,322.000,330.500,0.001334,-0.132557,0.008383,0.452087,1452,1500,1546,1503,1800
13920,13.920000,0,0,1,0.105511,detected,0.609649,0.006250,-0.439617,6.857143,322.000,330.500,0.001334,-0.144168,0.008383,0.452087,1452,1500,1550,1503,1800
13926,13.926000,1,0,1,0.110233,detected,0.610035,0.006250,-0.437055,6.857143,322.000,329.500,0.001334,-0.142236,0.008388,0.454008,1454,1500,1550,1503,1800
13940,13.940000,0,0,1,0.122465,detected,0.610035,0.006250,-0.437055,6.857143,322.000,329.500,0.001334,-0.131207,0.008388,0.454008,1454,1500,1546,1503,1800
13959,13.959000,1,0,1,0.103656,detected,0.622125,0.004687,-0.430623,6.912001,321.500,327.000,0.001021,-0.146583,0.006415,0.458832,1459,1500,1551,1502,1800
13960,13.960000,0,0,1,0.102779,detected,0.622125,0.004687,-0.430623,6.912001,321.500,327.000,0.001021,-0.147398,0.006415,0.458832,1459,1500,1552,1502,1800
13980,13.980000,0,0,1,0.112080,detected,0.622125,0.004687,-0.430623,6.912001,321.500,327.000,0.001021,-0.138764,0.006415,0.458832,1459,1500,1549,1502,1800
13992,13.992000,1,0,1,0.111542,detected,0.747761,0.001562,-0.426745,6.912000,320.500,325.500,0.000409,-0.163629,0.002570,0.461740,1462,1500,1557,1501,1800
14000,14.000000,0,0,1,0.101666,detected,0.747761,0.001562,-0.426745,6.912000,320.500,325.500,0.000409,-0.174687,0.002570,0.461740,1462,1500,1561,1501,1800
14020,14.020000,0,0,1,0.101150,detected,0.747761,0.001562,-0.426745,6.912000,320.500,325.500,0.000409,-0.175265,0.002570,0.461740,1462,1500,1561,1501,1800
14025,14.025000,1,0,1,0.105899,detected,0.760163,0.001562,-0.428039,7.024390,320.500,326.000,0.000416,-0.174240,0.002613,0.460770,1461,1500,1561,1501,1800
14040,14.040000,0,0,1,0.101102,detected,0.760163,0.001562,-0.428039,7.024390,320.500,326.000,0.000416,-0.179699,0.002613,0.460770,1461,1500,1563,1501,1800
14058,14.058000,1,0,1,0.085534,detected,0.759899,0.000000,-0.429332,7.081967,320.000,326.500,0.000000,-0.182376,0.000000,0.459801,1460,1500,1564,1500,1800
14060,14.060000,0,0,1,0.086501,detected,0.759899,0.000000,-0.429332,7.081967,320.000,326.500,0.000000,-0.182376,0.000000,0.459801,1460,1500,1564,1500,1800
14080,14.080000,0,0,1,0.098436,detected,0.759899,0.000000,-0.429332,7.081967,320.000,326.500,0.000000,-0.182376,0.000000,0.459801,1460,1500,1564,1500,1800
14091,14.091000,1,0,1,0.085289,detected,0.760018,0.001562,-0.428039,7.140496,320.500,326.000,0.000416,-0.182088,0.002613,0.460770,1461,1500,1564,1501,1800
14100,14.100000,0,0,1,0.075318,detected,0.760018,0.001562,-0.428039,7.140496,320.500,326.000,0.000416,-0.182088,0.002613,0.460770,1461,1500,1564,1501,1800
14120,14.120000,0,0,1,0.086298,detected,0.760018,0.001562,-0.428039,7.140496,320.500,326.000,0.000416,-0.182088,0.002613,0.460770,1461,1500,1564,1501,1800
14124,14.124000,1,0,1,0.086993,detected,0.745891,0.008622,-0.434800,7.380573,322.759,328.622,0.002251,-0.177299,0.014148,0.455699,1456,1501,1562,1505,1800
14140,14.140000,0,0,1,0.068544,detected,0.745891,0.008622,-0.434800,7.380573,322.759,328.622,0.002251,-0.177299,0.014148,0.455699,1456,1501,1562,1505,1800
14157,14.157000,1,0,1,0.063849,detected,0.745891,0.008622,-0.434800,7.380573,322.759,328.622,0.002251,-0.175210,0.014148,0.455699,1456,1501,1561,1505,1800
14160,14.160000,0,0,1,0.066591,detected,0.745891,0.008622,-0.434800,7.380573,322.759,328.622,0.002251,-0.177299,0.014148,0.455699,1456,1501,1562,1505,1800
14180,14.180000,0,0,1,0.064224,detected,0.745891,0.008622,-0.434800,7.380573,322.759,328.622,0.002251,-0.175626,0.014148,0.455699,1456,1501,1561,1505,1800
14190,14.190000,1,0,1,0.049399,detected,0.752329,0.008156,-0.414324,7.487013,322.610,320.730,0.002148,-0.178923,0.013499,0.471057,1471,1501,1563,1505,1800
14200,14.200000,0,0,1,0.045330,detected,0.752329,0.008156,-0.414324,7.487013,322.610,320.730,0.002148,-0.178923,0.013499,0.471057,1471,1501,1563,1505,1800
14220,14.220000,0,0,1,0.054215,detected,0.752329,0.008156,-0.414324,7.487013,322.610,320.730,0.002148,-0.178923,0.013499,0.471057,1471,1501,1563,1505,1800
14223,14.223000,1,0,1,0.051746,detected,0.752170,0.006956,-0.406971,7.567659,322.226,317.931,0.001831,-0.179125,0.011511,0.476571,1477,1501,1563,1504,1800
14240,14.240000,0,0,1,0.030397,detected,0.752170,0.006956,-0.406971,7.567659,322.226,317.931,0.001831,-0.170720,0.011511,0.476571,1477,1501,1560,1504,1800
14256,14.256000,1,0,1,0.037455,detected,0.752621,0.005651,-0.401068,7.641296,321.808,315.697,0.001489,-0.179495,0.009357,0.480999,1481,1501,1563,1503,1800
14260,14.260000,0,0,1,0.039956,detected,0.752621,0.005651,-0.401068,7.641296,321.808,315.697,0.001489,-0.179495,0.009357,0.480999,1481,1501,1563,1503,1800
14280,14.280000,0,0,1,0.021654,detected,0.752621,0.005651,-0.401068,7.641296,321.808,315.697,0.001489,-0.167887,0.009357,0.480999,1481,1501,1559,1503,1800
14289,14.289000,1,0,1,0.013524,detected,0.753361,0.005031,-0.389177,7.762900,321.610,311.230,0.001327,-0.172393,0.008339,0.489916,1490,1500,1560,1503,1800
14300,14.300000,0,0,1,0.018973,detected,0.753361,0.005031,-0.389177,7.762900,321.610,311.230,0.001327,-0.178516,0.008339,0.489916,1490,1500,1562,1503,1800
14320,14.320000,0,0,1,0.017623,detected,0.753361,0.005031,-0.389177,7.762900,321.610,311.230,0.001327,-0.176999,0.008339,0.489916,1490,1500,1562,1503,1800
14322,14.322000,1,0,1,0.014705,detected,0.758681,0.004498,-0.377647,7.877055,321.439,306.940,0.001194,-0.181173,0.007507,0.498564,1499,1500,1563,1503,1800
14340,14.340000,0,0,1,-0.000673,detected,0.758681,0.004498,-0.377647,7.877055,321.439,306.940,0.001194,-0.170695,0.007507,0.498564,1499,1500,1560,1503,1800
14355,14.355000,1,0,1,0.010126,detected,0.763108,0.003570,-0.353192,7.999122,321.142,297.968,0.000953,-0.182420,0.005993,0.516906,1517,1500,1564,1502,1800
14360,14.360000,0,0,1,0.009874,detected,0.763108,0.003570,-0.353192,7.999122,321.142,297.968,0.000953,-0.182420,0.005993,0.516906,1517,1500,1564,1502,1800
14380,14.380000,0,0,1,-0.013432,detected,0.763108,0.003570,-0.353192,7.999122,321.142,297.968,0.000953,-0.182420,0.005993,0.516906,1517,1500,1564,1502,1800
14388,14.388000,1,0,1,-0.013650,detected,0.760832,0.002919,-0.340242,8.096180,320.934,293.283,0.000777,-0.182007,0.004886,0.526618,1527,1500,1564,1502,1800
14400,14.400000,0,0,1,-0.004463,detected,0.760832,0.002919,-0.340242,8.096180,320.934,293.283,0.000777,-0.182007,0.004886,0.526618,1527,1500,1564,1502,1800
14420,14.420000,0,0,1,-0.021049,detected,0.760832,0.002919,-0.340242,8.096180,320.934,293.283,0.000777,-0.182007,0.004886,0.526618,1527,1500,1564,1502,1800
14421,14.421000,1,0,1,-0.022423,detected,0.761459,0.001712,-0.333908,8.183156,320.548,291.007,0.000456,-0.182403,0.002867,0.531369,1531,1500,1564,1501,1800
14440,14.440000,0,0,1,-0.023729,detected,0.761459,0.001712,-0.333908,8.183156,320.548,291.007,0.000456,-0.182403,0.002867,0.531369,1531,1500,1564,1501,1800
14454,14.454000,1,0,1,-0.018961,detected,0.761459,0.001712,-0.333908,8.183156,320.548,291.007,0.000456,-0.182403,0.002867,0.531369,1531,1500,1564,1501,1800
14460,14.460000,0,0,1,-0.025260,detected,0.761459,0.001712,-0.333908,8.183156,320.548,291.007,0.000456,-0.182403,0.002867,0.531369,1531,1500,1564,1501,1800
14480,14.480000,0,0,1,-0.043444,detected,0.761459,0.001712,-0.333908,8.183156,320.548,291.007,0.000456,-0.172957,0.002867,0.531369,1531,1500,1561,1501,1800
14487,14.487000,1,0,1,-0.038453,detected,0.750353,0.000874,-0.333722,8.177899,320.280,290.940,0.000230,-0.176413,0.001443,0.531508,1532,1500,1562,1501,1800
14500,14.500000,0,0,1,-0.033234,detected,0.750353,0.000874,-0.333722,8.177899,320.280,290.940,0.000230,-0.179910,0.001443,0.531508,1532,1500,1563,1501,1800
14520,14.520000,1,0,1,-0.056477,detected,0.758281,0.000126,-0.312452,8.308833,320.040,283.371,0.000033,-0.181962,0.000209,0.547460,1547,1500,1564,1500,1800
14540,14.540000,0,0,1,-0.048469,detected,0.758281,0.000126,-0.312452,8.308833,320.040,283.371,0.000033,-0.181962,0.000209,0.547460,1547,1500,1564,1500,1800
14553,14.553000,1,0,1,-0.057480,detected,0.761229,-0.000762,-0.293254,8.404674,319.756,276.627,-0.000203,-0.182540,-0.001277,0.561859,1562,1500,1564,1500,1800
14560,14.560000,0,0,1,-0.067763,detected,0.761229,-0.000762,-0.293254,8.404674,319.756,276.627,-0.000203,-0.182540,-0.001277,0.561859,1562,1500,1564,1500,1800
14580,14.580000,0,0,1,-0.066889,detected,0.761229,-0.000762,-0.293254,8.404674,319.756,276.627,-0.000203,-0.182540,-0.001277,0.561859,1562,1500,1564,1500,1800
14586,14.586000,1,0,1,-0.063345,detected,0.758160,-0.000204,-0.285933,8.436517,319.935,274.077,-0.000054,-0.181917,-0.000340,0.567349,1567,1500,1564,1500,1800
14600,14.600000,0,0,1,-0.075100,detected,0.758160,-0.000204,-0.285933,8.436517,319.935,274.077,-0.000054,-0.181917,-0.000340,0.567349,1567,1500,1564,1500,1800
14619,14.619000,1,0,1,-0.087520,detected,0.757277,0.000288,-0.286401,8.469472,320.092,274.239,0.000076,-0.176175,0.000481,0.566998,1567,1500,1562,1500,1800
14620,14.620000,0,0,1,-0.086729,detected,0.757277,0.000288,-0.286401,8.469472,320.092,274.239,0.000076,-0.177073,0.000481,0.566998,1567,1500,1562,1500,1800
14640,14.640000,0,0,1,-0.079758,detected,0.757277,0.000288,-0.286401,8.469472,320.092,274.239,0.000076,-0.181688,0.000481,0.566998,1567,1500,1564,1500,1800
14652,14.652000,1,0,1,-0.097602,detected,0.757114,-0.001127,-0.274310,8.559426,319.639,270.049,-0.000299,-0.178251,-0.001877,0.576067,1576,1500,1562,1499,1800
14660,14.660000,0,0,1,-0.103909,detected,0.757114,-0.001127,-0.274310,8.559426,319.639,270.049,-0.000299,-0.171097,-0.001877,0.576067,1576,1500,1560,1499,1800
14680,14.680000,0,0,1,-0.091865,detected,0.757114,-0.001127,-0.274310,8.559426,319.639,270.049,-0.000299,-0.181480,-0.001877,0.576067,1576,1500,1564,1499,1800
14685,14.685000,1,0,1,-0.094162,detected,0.761297,-0.002696,-0.253362,8.667316,319.137,262.856,-0.000718,-0.182164,-0.004516,0.591778,1592,1500,1564,1498,1800
14700,14.700000,0,0,1,-0.115010,detected,0.761297,-0.002696,-0.253362,8.667316,319.137,262.856,-0.000718,-0.182164,-0.004516,0.591778,1592,1500,1564,1498,1800
14718,14.718000,1,0,1,-0.110063,detected,0.757312,-0.001755,-0.231738,8.712440,319.438,255.513,-0.000465,-0.181400,-0.002924,0.607996,1608,1500,1563,1499,1800
14720,14.720000,0,0,1,-0.108286,detected,0.757312,-0.001755,-0.231738,8.712440,319.438,255.513,-0.000465,-0.181400,-0.002924,0.607996,1608,1500,1563,1499,1800
14740,14.740000,0,0,1,-0.120486,detected,0.757312,-0.001755,-0.231738,8.712440,319.438,255.513,-0.000465,-0.181400,-0.002924,0.607996,1608,1500,1563,1499,1800
14751,14.751000,1,0,1,-0.132357,detected,0.764759,-0.002382,-0.226645,8.825957,319.238,253.794,-0.000638,-0.183056,-0.004008,0.611815,1612,1500,1564,1499,1800
14760,14.760000,0,0,1,-0.128406,detected,0.764759,-0.002382,-0.226645,8.825957,319.238,253.794,-0.000638,-0.183056,-0.004008,0.611815,1612,1500,1564,1499,1800
14780,14.780000,0,0,1,-0.127098,detected,0.764759,-0.002382,-0.226645,8.825957,319.238,253.794,-0.000638,-0.183056,-0.004008,0.611815,1612,1500,1564,1499,1800
14784,14.784000,1,0,1,-0.133341,detected,0.758197,-0.002969,-0.228015,8.813236,319.050,254.256,-0.000788,-0.181367,-0.004952,0.610788,1611,1500,1563,1498,1800
14800,14.800000,0,0,1,-0.147852,detected,0.758197,-0.002969,-0.228015,8.813236,319.050,254.256,-0.000788,-0.173657,-0.004952,0.610788,1611,1500,1561,1498,1800
14817,14.817000,1,0,1,-0.135704,detected,0.758197,-0.002969,-0.228015,8.813236,319.050,254.256,-0.000788,-0.181367,-0.004952,0.610788,1611,1500,1563,1498,1800
14820,14.820000,0,0,1,-0.136432,detected,0.758197,-0.002969,-0.228015,8.813236,319.050,254.256,-0.000788,-0.181367,-0.004952,0.610788,1611,1500,1563,1498,1800
14840,14.840000,0,0,1,-0.161560,detected,0.758197,-0.002969,-0.228015,8.813236,319.050,254.256,-0.000788,-0.158120,-0.004952,0.610788,1611,1500,1555,1498,1800
14850,14.850000,1,0,1,-0.158643,detected,0.757428,-0.002827,-0.212025,8.834997,319.095,248.883,-0.000750,-0.179398,-0.004711,0.622781,1623,1500,1563,1498,1800
14860,14.860000,0,0,1,-0.150274,detected,0.757428,-0.002827,-0.212025,8.834997,319.095,248.883,-0.000750,-0.181212,-0.004711,0.622781,1623,1500,1563,1498,1800
14880,14.880000,0,0,1,-0.171612,detected,0.757428,-0.002827,-0.212025,8.834997,319.095,248.883,-0.000750,-0.164709,-0.004711,0.622781,1623,1500,1558,1498,1800
14883,14.883000,1,0,1,-0.175174,detected,0.766487,-0.003461,-0.189204,8.982018,318.892,241.278,-0.000929,-0.183249,-0.005836,0.639896,1640,1500,1564,1498,1800
14900,14.900000,0,0,1,-0.168531,detected,0.766487,-0.003461,-0.189204,8.982018,318.892,241.278,-0.000929,-0.183249,-0.005836,0.639896,1640,1500,1564,1498,1800
14916,14.916000,1,0,1,-0.171395,detected,0.767789,-0.002995,-0.179118,8.998412,319.042,237.939,-0.000805,-0.183656,-0.005059,0.647461,1647,1500,1564,1498,1800
14920,14.920000,0,0,1,-0.178270,detected,0.767789,-0.002995,-0.179118,8.998412,319.042,237.939,-0.000805,-0.183656,-0.005059,0.647461,1647,1500,1564,1498,1800
14940,14.940000,0,0,1,-0.193463,detected,0.767789,-0.002995,-0.179118,8.998412,319.042,237.939,-0.000805,-0.179621,-0.005059,0.647461,1647,1500,1563,1498,1800
14949,14.949000,1,0,1,-0.185383,detected,0.761649,-0.003409,-0.182782,8.982018,318.909,239.151,-0.000909,-0.182103,-0.005713,0.644713,1645,1500,1564,1498,1800
14960,14.960000,0,0,1,-0.187094,detected,0.761649,-0.003409,-0.182782,8.982018,318.909,239.151,-0.000909,-0.181181,-0.005713,0.644713,1645,1500,1563,1498,1800
14980,14.980000,0,0,1,-0.211222,detected,0.761649,-0.003409,-0.182782,8.982018,318.909,239.151,-0.000909,-0.153720,-0.005713,0.644713,1645,1500,1554,1498,1800
14982,14.982000,1,0,1,-0.210913,detected,0.766113,-0.005109,-0.164512,9.075913,318.365,233.124,-0.001370,-0.175558,-0.008611,0.658416,1658,1500,1561,1497,1800
15000,15.000000,0,0,1,-0.199129,detected,0.766113,-0.005109,-0.164512,9.075913,318.365,233.124,-0.001370,-0.182823,-0.008611,0.658416,1658,1500,1564,1497,1800
15015,15.015000,1,0,1,-0.217704,detected,0.761797,-0.004645,-0.139880,9.100908,318.513,225.056,-0.001239,-0.181888,-0.007785,0.676890,1677,1500,1564,1497,1800
15020,15.020000,0,0,1,-0.224246,detected,0.761797,-0.004645,-0.139880,9.100908,318.513,225.056,-0.001239,-0.181888,-0.007785,0.676890,1677,1500,1564,1497,1800
15040,15.040000,0,0,1,-0.215828,detected,0.761797,-0.004645,-0.139880,9.100908,318.513,225.056,-0.001239,-0.181888,-0.007785,0.676890,1677,1500,1564,1497,1800
15048,15.048000,1,0,1,-0.215819,detected,0.758147,-0.004622,-0.130491,9.100908,318.521,221.996,-0.001227,-0.181021,-0.007710,0.683931,1684,1500,1563,1497,1800
15060,15.060000,0,0,1,-0.232863,detected,0.758147,-0.004622,-0.130491,9.100908,318.521,221.996,-0.001227,-0.181021,-0.007710,0.683931,1684,1500,1563,1497,1800
15080,15.080000,0,0,1,-0.236118,detected,0.758147,-0.004622,-0.130491,9.100908,318.521,221.996,-0.001227,-0.181021,-0.007710,0.683931,1684,1500,1563,1497,1800
15081,15.081000,1,0,1,-0.235098,detected,0.765039,-0.006514,-0.133149,9.173498,317.915,222.861,-0.001744,-0.182281,-0.010964,0.681938,1682,1499,1564,1496,1800
15100,15.100000,0,0,1,-0.238709,detected,0.765039,-0.006514,-0.133149,9.173498,317.915,222.861,-0.001744,-0.179100,-0.010964,0.681938,1682,1499,1563,1496,1800
15114,15.114000,1,0,1,-0.256682,detected,0.761651,-0.006583,-0.120930,9.171569,317.894,218.887,-0.001755,-0.171768,-0.011030,0.691102,1691,1499,1560,1496,1800
15120,15.120000,0,0,1,-0.255651,detected,0.761651,-0.006583,-0.120930,9.171569,317.894,218.887,-0.001755,-0.172936,-0.011030,0.691102,1691,1499,1561,1496,1800
15140,15.140000,0,0,1,-0.247014,detected,0.761651,-0.006583,-0.120930,9.171569,317.894,218.887,-0.001755,-0.181459,-0.011030,0.691102,1691,1499,1564,1496,1800
15147,15.147000,1,0,1,-0.256221,detected,0.765424,-0.006418,-0.104094,9.189698,317.946,213.431,-0.001719,-0.182392,-0.010808,0.703729,1704,1499,1564,1496,1800
15160,15.160000,0,0,1,-0.269736,detected,0.765424,-0.006418,-0.104094,9.189698,317.946,213.431,-0.001719,-0.176961,-0.010808,0.703729,1704,1499,1562,1496,1800
15180,15.180000,1,0,1,-0.259398,detected,0.768735,-0.008309,-0.091847,9.271214,317.341,209.474,-0.002236,-0.182793,-0.014053,0.712914,1713,1499,1564,1495,1800
15200,15.200000,0,0,1,-0.281660,detected,0.768735,-0.008309,-0.091847,9.271214,317.341,209.474,-0.002236,-0.177719,-0.014053,0.712914,1713,1499,1562,1495,1800
15213,15.213000,1,0,1,-0.278136,detected,0.769045,-0.008076,-0.073359,9.285437,317.416,203.517,-0.002174,-0.182915,-0.013663,0.726780,1727,1499,1564,1495,1800
15220,15.220000,0,0,1,-0.272914,detected,0.769045,-0.008076,-0.073359,9.285437,317.416,203.517,-0.002174,-0.182915,-0.013663,0.726780,1727,1499,1564,1495,1800
15240,15.240000,0,0,1,-0.291088,detected,0.769045,-0.008076,-0.073359,9.285437,317.416,203.517,-0.002174,-0.182915,-0.013663,0.726780,1727,1499,1564,1495,1800
15246,15.246000,1,0,1,-0.296615,detected,0.769045,-0.008076,-0.073359,9.285437,317.416,203.517,-0.002174,-0.181877,-0.013663,0.726780,1727,1499,1564,1495,1800
15260,15.260000,0,0,1,-0.289922,detected,0.769045,-0.008076,-0.073359,9.285437,317.416,203.517,-0.002174,-0.182915,-0.013663,0.726780,1727,1499,1564,1495,1800
15279,15.279000,1,0,1,-0.298927,detected,0.769283,-0.008332,-0.060968,9.271214,317.334,199.534,-0.002243,-0.182919,-0.014101,0.736074,1736,1499,1564,1495,1800
15280,15.280000,0,0,1,-0.300468,detected,0.769283,-0.008332,-0.060968,9.271214,317.334,199.534,-0.002243,-0.182919,-0.014101,0.736074,1736,1499,1564,1495,1800
15300,15.300000,0,0,1,-0.307510,detected,0.769283,-0.008332,-0.060968,9.271214,317.334,199.534,-0.002243,-0.182919,-0.014101,0.736074,1736,1499,1564,1495,1800
15312,15.312000,1,0,1,-0.301219,detected,0.760741,-0.008917,-0.059875,9.237133,317.146,199.183,-0.002374,-0.180769,-0.014925,0.736893,1737,1499,1563,1495,1800
15320,15.320000,0,0,1,-0.308318,detected,0.760741,-0.008917,-0.059875,9.237133,317.146,199.183,-0.002374,-0.180769,-0.014925,0.736893,1737,1499,1563,1495,1800
15340,15.340000,0,0,1,-0.324983,detected,0.760741,-0.008917,-0.059875,9.237133,317.146,199.183,-0.002374,-0.162927,-0.014925,0.736893,1737,1499,1557,1495,1800
15345,15.345000,1,0,1,-0.321252,detected,0.765956,-0.009168,-0.055016,9.220777,317.066,197.623,-0.002458,-0.173767,-0.015449,0.740537,1741,1499,1561,1495,1800
15360,15.360000,0,0,1,-0.317663,detected,0.765956,-0.009168,-0.055016,9.220777,317.066,197.623,-0.002458,-0.177848,-0.015449,0.740537,1741,1499,1562,1495,1800
15378,15.378000,1,0,1,-0.338743,detected,0.764357,-0.008759,-0.037145,9.255713,317.197,191.892,-0.002343,-0.173916,-0.014729,0.753941,1754,1499,1561,1495,1800
15380,15.380000,0,0,1,-0.339217,detected,0.764357,-0.008759,-0.037145,9.255713,317.197,191.892,-0.002343,-0.173377,-0.014729,0.753941,1754,1499,1561,1495,1800
15400,15.400000,0,0,1,-0.327723,detected,0.764357,-0.008759,-0.037145,9.255713,317.197,191.892,-0.002343,-0.181660,-0.014729,0.753941,1754,1499,1564,1495,1800
15411,15.411000,1,0,1,-0.337713,detected,0.770624,-0.009145,-0.017383,9.220777,317.073,185.563,-0.002467,-0.183070,-0.015505,0.768762,1769,1499,1564,1495,1800
15420,15.420000,0,0,1,-0.349995,detected,0.770624,-0.009145,-0.017383,9.220777,317.073,185.563,-0.002467,-0.183070,-0.015505,0.768762,1769,1499,1564,1495,1800
15440,15.440000,0,0,1,-0.344731,detected,0.770624,-0.009145,-0.017383,9.220777,317.073,185.563,-0.002467,-0.183070,-0.015505,0.768762,1769,1499,1564,1495,1800
15444,15.444000,1,0,1,-0.343567,detected,0.759652,-0.007847,-0.012796,9.103479,317.489,184.095,-0.002086,-0.180727,-0.013113,0.772203,1772,1499,1563,1495,1800
15460,15.460000,0,0,1,-0.358188,detected,0.759652,-0.007847,-0.012796,9.103479,317.489,184.095,-0.002086,-0.178561,-0.013113,0.772203,1772,1499,1562,1495,1800
15477,15.477000,1,0,1,-0.363944,detected,0.755849,-0.008389,-0.011459,9.091461,317.316,183.667,-0.002219,-0.172595,-0.013949,0.773205,1773,1499,1560,1495,1800
15480,15.480000,0,0,1,-0.362235,detected,0.755849,-0.008389,-0.011459,9.091461,317.316,183.667,-0.002219,-0.174515,-0.013949,0.773205,1773,1499,1561,1495,1800
15500,15.500000,0,0,1,-0.367002,detected,0.755849,-0.008389,-0.011459,9.091461,317.316,183.667,-0.002219,-0.169160,-0.013949,0.773205,1773,1499,1559,1495,1800
15510,15.510000,1,0,1,-0.377590,detected,0.768441,-0.008027,0.002901,9.110118,317.431,179.072,-0.002159,-0.176358,-0.013570,0.783975,1784,1499,1562,1495,1800
15520,15.520000,0,0,1,-0.379388,detected,0.768441,-0.008027,0.002901,9.110118,317.431,179.072,-0.002159,-0.174303,-0.013570,0.783975,1784,1499,1561,1495,1800
15540,15.540000,0,0,1,-0.376888,detected,0.768441,-0.008027,0.002901,9.110118,317.431,179.072,-0.002159,-0.177159,-0.013570,0.783975,1784,1499,1562,1495,1800
15543,15.543000,1,0,1,-0.379543,detected,0.766577,-0.008306,0.023215,9.088727,317.342,172.570,-0.002228,-0.182281,-0.014007,0.799211,1799,1499,1564,1495,1800
15560,15.560000,0,0,1,-0.395437,detected,0.766577,-0.008306,0.023215,9.088727,317.342,172.570,-0.002228,-0.178686,-0.014007,0.799211,1799,1499,1563,1495,1800
15576,15.576000,1,0,1,-0.391293,detected,0.763609,-0.007016,0.035530,8.976992,317.755,168.626,-0.001875,-0.181837,-0.011787,0.808447,1808,1499,1564,1496,1800
15580,15.580000,0,0,1,-0.390780,detected,0.763609,-0.007016,0.035530,8.976992,317.755,168.626,-0.001875,-0.181837,-0.011787,0.808447,1808,1499,1564,1496,1800
15600,15.600000,0,0,1,-0.406790,detected,0.763609,-0.007016,0.035530,8.976992,317.755,168.626,-0.001875,-0.179344,-0.011787,0.808447,1808,1499,1563,1496,1800
15609,15.609000,1,0,1,-0.410768,detected,0.762219,-0.008120,0.041058,8.916815,317.401,166.854,-0.002166,-0.180553,-0.013617,0.812593,1813,1499,1563,1495,1800
15620,15.620000,0,0,1,-0.407888,detected,0.762219,-0.008120,0.041058,8.916815,317.401,166.854,-0.002166,-0.181282,-0.013617,0.812593,1813,1499,1563,1495,1800
15640,15.640000,0,0,1,-0.415486,detected,0.762219,-0.008120,0.041058,8.916815,317.401,166.854,-0.002166,-0.175207,-0.013617,0.812593,1813,1499,1561,1495,1800
15642,15.642000,1,0,1,-0.417384,detected,0.767770,-0.008117,0.049953,8.897569,317.402,164.002,-0.002181,-0.182603,-0.013711,0.819264,1819,1499,1564,1495,1800
15660,15.660000,0,0,1,-0.425761,detected,0.767770,-0.008117,0.049953,8.897569,317.402,164.002,-0.002181,-0.174908,-0.013711,0.819264,1819,1499,1561,1495,1800
