tick,timestamp_s,frame_fresh,last_gate_passed,next_gate_index,body_forward_elevation_rad,mode,confidence,bearing_h_rad,bearing_v_rad,distance_m,pixel_x,pixel_y,roll_rate_rad_s,pitch_rate_rad_s,yaw_rate_rad_s,thrust_norm,rc_throttle,rc_roll,rc_pitch,rc_yaw,rc_arm
1600,1.600000,0,-1,0,0.000206,detected,0.694298,-0.074664,-0.201940,6.234279,296.063,245.514,-0.018144,-0.027423,-0.114046,0.630345,1630,1494,1510,1460,1800
1617,1.617000,1,-1,0,0.000334,detected,0.698193,-0.074664,-0.201940,6.234279,296.063,245.514,-0.018246,-0.027469,-0.114686,0.630345,1630,1494,1510,1460,1800
1620,1.620000,0,-1,0,0.000351,detected,0.698193,-0.074664,-0.201940,6.234279,296.063,245.514,-0.018246,-0.027454,-0.114686,0.630345,1630,1494,1510,1460,1800
1640,1.640000,0,-1,0,0.000410,detected,0.698193,-0.074664,-0.201940,6.234279,296.063,245.514,-0.018246,-0.027405,-0.114686,0.630345,1630,1494,1510,1460,1800
1650,1.650000,1,-1,0,0.000423,detected,0.695137,-0.076264,-0.203354,6.223218,295.548,245.985,-0.018555,-0.028342,-0.116631,0.629284,1629,1494,1510,1459,1800
1660,1.660000,0,-1,0,0.000391,detected,0.695137,-0.076264,-0.203354,6.223218,295.548,245.985,-0.018555,-0.028369,-0.116631,0.629284,1629,1494,1510,1459,1800
1680,1.680000,0,-1,0,0.000074,detected,0.695137,-0.076264,-0.203354,6.223218,295.548,245.985,-0.018555,-0.028635,-0.116631,0.629284,1629,1494,1510,1459,1800
1683,1.683000,1,-1,0,-0.000030,detected,0.697003,-0.074567,-0.204934,6.234279,296.094,246.513,-0.018191,-0.030256,-0.114342,0.628099,1628,1494,1511,1460,1800
1700,1.700000,0,-1,0,-0.000354,detected,0.697003,-0.074567,-0.204934,6.234279,296.094,246.513,-0.018191,-0.030529,-0.114342,0.628099,1628,1494,1511,1460,1800
1716,1.716000,1,-1,0,-0.000182,detected,0.702046,-0.074596,-0.205614,6.263886,296.085,246.740,-0.018329,-0.031371,-0.115214,0.627589,1628,1494,1511,1460,1800
1720,1.720000,0,-1,0,-0.000109,detected,0.702046,-0.074596,-0.205614,6.263886,296.085,246.740,-0.018329,-0.031308,-0.115214,0.627589,1628,1494,1511,1460,1800
1740,1.740000,0,-1,0,-0.000113,detected,0.702046,-0.074596,-0.205614,6.263886,296.085,246.740,-0.018329,-0.031312,-0.115214,0.627589,1628,1494,1511,1460,1800
1749,1.749000,1,-1,0,-0.000128,detected,0.701345,-0.076119,-0.205668,6.216741,295.595,246.758,-0.018685,-0.030978,-0.117449,0.627548,1628,1493,1511,1459,1800
1760,1.760000,0,-1,0,-0.000208,detected,0.701345,-0.076119,-0.205668,6.216741,295.595,246.758,-0.018685,-0.031046,-0.117449,0.627548,1628,1493,1511,1459,1800
1780,1.780000,0,-1,0,-0.000271,detected,0.701345,-0.076119,-0.205668,6.216741,295.595,246.758,-0.018685,-0.031099,-0.117449,0.627548,1628,1493,1511,1459,1800
1782,1.782000,1,-1,0,-0.000293,detected,0.706924,-0.075916,-0.207246,6.214494,295.660,247.285,-0.018783,-0.032699,-0.118066,0.626365,1626,1493,1511,1459,1800
1800,1.800000,0,-1,0,-0.000348,detected,0.706924,-0.075916,-0.207246,6.214494,295.660,247.285,-0.018783,-0.032746,-0.118066,0.626365,1626,1493,1511,1459,1800
1815,1.815000,1,-1,0,-0.000458,detected,0.712997,-0.073632,-0.209485,6.211910,296.395,248.033,-0.018375,-0.035120,-0.115499,0.624685,1625,1494,1512,1460,1800
1820,1.820000,0,-1,0,-0.000505,detected,0.712997,-0.073632,-0.209485,6.211910,296.395,248.033,-0.018375,-0.035160,-0.115499,0.624685,1625,1494,1512,1460,1800
1840,1.840000,0,-1,0,-0.000431,detected,0.712997,-0.073632,-0.209485,6.211910,296.395,248.033,-0.018375,-0.035096,-0.115499,0.624685,1625,1494,1512,1460,1800
1848,1.848000,1,-1,0,-0.000548,detected,0.711883,-0.068642,-0.212373,6.260870,298.000,249.000,-0.017103,-0.038231,-0.107503,0.622519,1623,1494,1513,1462,1800
1860,1.860000,0,-1,0,-0.000824,detected,0.711883,-0.068642,-0.212373,6.260870,298.000,249.000,-0.017103,-0.038472,-0.107503,0.622519,1623,1494,1513,1462,1800
1880,1.880000,0,-1,0,-0.001236,detected,0.711883,-0.068642,-0.212373,6.260870,298.000,249.000,-0.017103,-0.038832,-0.107503,0.622519,1623,1494,1514,1462,1800
1881,1.881000,1,-1,0,-0.001215,detected,0.711883,-0.068642,-0.212373,6.260870,298.000,249.000,-0.017103,-0.038813,-0.107503,0.622519,1623,1494,1514,1462,1800
1900,1.900000,0,-1,0,-0.001287,detected,0.711883,-0.068642,-0.212373,6.260870,298.000,249.000,-0.017103,-0.038875,-0.107503,0.622519,1623,1494,1514,1462,1800
1914,1.914000,1,-1,0,-0.001502,detected,0.717615,-0.068642,-0.213866,6.260870,298.000,249.500,-0.017240,-0.040689,-0.108369,0.621400,1621,1494,1514,1462,1800
1920,1.920000,0,-1,0,-0.001535,detected,0.717615,-0.068642,-0.213866,6.260870,298.000,249.500,-0.017240,-0.040718,-0.108369,0.621400,1621,1494,1514,1462,1800
1940,1.940000,0,-1,0,-0.002291,detected,0.717615,-0.068642,-0.213866,6.260870,298.000,249.500,-0.017240,-0.041383,-0.108369,0.621400,1621,1494,1514,1462,1800
1947,1.947000,1,-1,0,-0.002690,detected,0.721687,-0.068642,-0.213866,6.260870,298.000,249.500,-0.017338,-0.041971,-0.108984,0.621400,1621,1494,1515,1462,1800
1960,1.960000,0,-1,0,-0.002931,detected,0.721687,-0.068642,-0.213866,6.260870,298.000,249.500,-0.017338,-0.042183,-0.108984,0.621400,1621,1494,1515,1462,1800
1980,1.980000,1,-1,0,-0.002893,detected,0.722713,-0.068642,-0.215358,6.260870,298.000,250.000,-0.017363,-0.043530,-0.109139,0.620281,1620,1494,1515,1462,1800
2000,2.000000,0,-1,0,-0.003903,detected,0.722713,-0.068642,-0.215358,6.260870,298.000,250.000,-0.017363,-0.044424,-0.109139,0.620281,1620,1494,1516,1462,1800
2013,2.013000,1,-1,0,-0.004254,detected,0.722713,-0.068642,-0.215358,6.260870,298.000,250.000,-0.017363,-0.044734,-0.109139,0.620281,1620,1494,1516,1462,1800
2020,2.020000,0,-1,0,-0.004238,detected,0.722713,-0.068642,-0.215358,6.260870,298.000,250.000,-0.017363,-0.044720,-0.109139,0.620281,1620,1494,1516,1462,1800
2040,2.040000,0,-1,0,-0.004738,detected,0.722713,-0.068642,-0.215358,6.260870,298.000,250.000,-0.017363,-0.045163,-0.109139,0.620281,1620,1494,1516,1462,1800
2046,2.046000,1,-1,0,-0.004718,detected,0.727544,-0.065531,-0.215358,6.260870,299.000,250.000,-0.016687,-0.045617,-0.104889,0.620281,1620,1494,1516,1463,1800
2060,2.060000,0,-1,0,-0.004717,detected,0.727544,-0.065531,-0.215358,6.260870,299.000,250.000,-0.016687,-0.045616,-0.104889,0.620281,1620,1494,1516,1463,1800
2079,2.079000,1,-1,0,-0.005885,detected,0.723779,-0.067497,-0.215413,6.222465,298.368,250.019,-0.017098,-0.045993,-0.107476,0.620240,1620,1494,1516,1462,1800
2080,2.080000,0,-1,0,-0.005956,detected,0.723779,-0.067497,-0.215413,6.222465,298.368,250.019,-0.017098,-0.046055,-0.107476,0.620240,1620,1494,1516,1462,1800
2100,2.100000,0,-1,0,-0.007197,detected,0.723779,-0.067497,-0.215413,6.222465,298.368,250.019,-0.017098,-0.047147,-0.107476,0.620240,1620,1494,1517,1462,1800
2112,2.112000,1,-1,0,-0.007765,detected,0.726828,-0.062678,-0.215362,6.219931,299.917,250.001,-0.015945,-0.048054,-0.100224,0.620278,1620,1494,1517,1465,1800
2120,2.120000,0,-1,0,-0.007574,detected,0.726828,-0.062678,-0.215362,6.219931,299.917,250.001,-0.015945,-0.047885,-0.100224,0.620278,1620,1494,1517,1465,1800
2140,2.140000,0,-1,0,-0.008742,detected,0.726828,-0.062678,-0.215362,6.219931,299.917,250.001,-0.015945,-0.048923,-0.100224,0.620278,1620,1494,1517,1465,1800
2145,2.145000,1,-1,0,-0.009405,detected,0.726828,-0.062678,-0.215362,6.219931,299.917,250.001,-0.015945,-0.049512,-0.100224,0.620278,1620,1494,1517,1465,1800
2160,2.160000,0,-1,0,-0.009019,detected,0.726828,-0.062678,-0.215362,6.219931,299.917,250.001,-0.015945,-0.049169,-0.100224,0.620278,1620,1494,1517,1465,1800
2178,2.178000,1,-1,0,-0.009959,detected,0.735114,-0.054633,-0.215358,6.215827,302.500,250.000,-0.014057,-0.051014,-0.088355,0.620281,1620,1495,1518,1469,1800
2180,2.180000,0,-1,0,-0.010309,detected,0.735114,-0.054633,-0.215358,6.215827,302.500,250.000,-0.014057,-0.051331,-0.088355,0.620281,1620,1495,1518,1469,1800
2200,2.200000,0,-1,0,-0.012256,detected,0.735114,-0.054633,-0.215358,6.215827,302.500,250.000,-0.014057,-0.053097,-0.088355,0.620281,1620,1495,1519,1469,1800
2211,2.211000,1,-1,0,-0.011613,detected,0.740595,-0.043722,-0.215358,6.260870,306.000,250.000,-0.011333,-0.054089,-0.071237,0.620281,1620,1496,1519,1475,1800
2220,2.220000,0,-1,0,-0.012318,detected,0.740595,-0.043722,-0.215358,6.260870,306.000,250.000,-0.011333,-0.054747,-0.071237,0.620281,1620,1496,1519,1475,1800
2240,2.240000,0,-1,0,-0.015466,detected,0.740595,-0.043722,-0.215358,6.260870,306.000,250.000,-0.011333,-0.057688,-0.071237,0.620281,1620,1496,1520,1475,1800
2244,2.244000,1,-1,0,-0.015189,detected,0.740248,-0.031240,-0.215358,6.260870,310.000,250.000,-0.008094,-0.058239,-0.050876,0.620281,1620,1497,1520,1482,1800
2260,2.260000,0,-1,0,-0.013738,detected,0.740248,-0.031240,-0.215358,6.260870,310.000,250.000,-0.008094,-0.056865,-0.050876,0.620281,1620,1497,1520,1482,1800
2277,2.277000,1,-1,0,-0.018074,detected,0.737372,-0.017186,-0.215358,6.215827,314.500,250.000,-0.004435,-0.061146,-0.027879,0.620281,1620,1498,1521,1490,1800
2280,2.280000,0,-1,0,-0.018572,detected,0.737372,-0.017186,-0.215358,6.215827,314.500,250.000,-0.004435,-0.061619,-0.027879,0.620281,1620,1498,1522,1490,1800
2300,2.300000,0,-1,0,-0.015834,detected,0.737372,-0.017186,-0.215358,6.215827,314.500,250.000,-0.004435,-0.059019,-0.027879,0.620281,1620,1498,1521,1490,1800
2310,2.310000,1,-1,0,-0.017818,detected,0.744081,-0.007788,-0.213866,6.257384,317.508,249.500,-0.002028,-0.061190,-0.012748,0.621400,1621,1499,1521,1496,1800
2320,2.320000,0,-1,0,-0.022681,detected,0.744081,-0.007788,-0.213866,6.257384,317.508,249.500,-0.002028,-0.065942,-0.012748,0.621400,1621,1499,1523,1496,1800
2340,2.340000,0,-1,0,-0.020479,detected,0.744081,-0.007788,-0.213866,6.257384,317.508,249.500,-0.002028,-0.063789,-0.012748,0.621400,1621,1499,1522,1496,1800
2343,2.343000,1,-1,0,-0.019654,detected,0.749377,0.006250,-0.207890,6.260871,322.000,247.500,0.001639,-0.057692,0.010304,0.625882,1626,1501,1520,1504,1800
2360,2.360000,0,-1,0,-0.024370,detected,0.749377,0.006250,-0.207890,6.260871,322.000,247.500,0.001639,-0.062344,0.010304,0.625882,1626,1501,1522,1504,1800
2376,2.376000,1,-1,0,-0.025373,detected,0.745068,0.017186,-0.204896,6.215827,325.500,246.500,0.004482,-0.058748,0.028170,0.628127,1628,1502,1521,1510,1800
2380,2.380000,0,-1,0,-0.023422,detected,0.745068,0.017186,-0.204896,6.215827,325.500,246.500,0.004482,-0.056876,0.028170,0.628127,1628,1502,1520,1510,1800
2400,2.400000,0,-1,0,-0.025214,detected,0.745068,0.017186,-0.204896,6.215827,325.500,246.500,0.004482,-0.058596,0.028170,0.628127,1628,1502,1521,1510,1800
2409,2.409000,1,-1,0,-0.031309,detected,0.744874,0.024995,-0.203398,6.260870,328.000,246.000,0.006516,-0.063019,0.040960,0.629251,1629,1502,1522,1514,1800
2420,2.420000,0,-1,0,-0.030421,detected,0.744874,0.024995,-0.203398,6.260870,328.000,246.000,0.006516,-0.062166,0.040960,0.629251,1629,1502,1522,1514,1800
2440,2.440000,0,-1,0,-0.025967,detected,0.744874,0.024995,-0.203398,6.260870,328.000,246.000,0.006516,-0.057890,0.040960,0.629251,1629,1502,1520,1514,1800
2442,2.442000,1,-1,0,-0.027450,detected,0.745102,0.029679,-0.209385,6.215827,329.500,248.000,0.007740,-0.064134,0.048650,0.624760,1625,1503,1522,1517,1800
2460,2.460000,0,-1,0,-0.036274,detected,0.745102,0.029679,-0.209385,6.215827,329.500,248.000,0.007740,-0.072485,0.048650,0.624760,1625,1503,1525,1517,1800
2475,2.475000,1,-1,0,-0.026054,detected,0.745102,0.029679,-0.209385,6.215827,329.500,248.000,0.007740,-0.062812,0.048650,0.624760,1625,1503,1522,1517,1800
2480,2.480000,0,-1,0,-0.026342,detected,0.745102,0.029679,-0.209385,6.215827,329.500,248.000,0.007740,-0.063085,0.048650,0.624760,1625,1503,1522,1517,1800
2500,2.500000,0,-1,0,-0.041964,detected,0.745102,0.029679,-0.209385,6.215827,329.500,248.000,0.007740,-0.077869,0.048650,0.624760,1625,1503,1527,1517,1800
2508,2.508000,1,-1,0,-0.037475,detected,0.744375,0.032801,-0.206394,6.215827,330.500,247.000,0.008546,-0.070467,0.053715,0.627004,1627,1503,1525,1519,1800
2520,2.520000,0,-1,0,-0.029202,detected,0.744375,0.032801,-0.206394,6.215827,330.500,247.000,0.008546,-0.062673,0.053715,0.627004,1627,1503,1522,1519,1800
2540,2.540000,0,-1,0,-0.046747,detected,0.744375,0.032801,-0.206394,6.215827,330.500,247.000,0.008546,-0.079201,0.053715,0.627004,1627,1503,1528,1519,1800
2541,2.541000,1,-1,0,-0.047138,detected,0.747474,0.035922,-0.212373,6.215827,331.500,249.000,0.009398,-0.085250,0.059072,0.622519,1623,1503,1530,1521,1800
2560,2.560000,0,-1,0,-0.032545,detected,0.747474,0.035922,-0.212373,6.215827,331.500,249.000,0.009398,-0.071495,0.059072,0.622519,1623,1503,1525,1521,1800
2574,2.574000,1,-1,0,-0.039151,detected,0.747934,0.035922,-0.206394,6.215827,331.500,247.000,0.009404,-0.072129,0.059108,0.627004,1627,1503,1525,1521,1800
2580,2.580000,0,-1,0,-0.047284,detected,0.747934,0.035922,-0.206394,6.215827,331.500,247.000,0.009404,-0.079800,0.059108,0.627004,1627,1503,1528,1521,1800
2600,2.600000,0,-1,0,-0.041478,detected,0.747934,0.035922,-0.206394,6.215827,331.500,247.000,0.009404,-0.074324,0.059108,0.627004,1627,1503,1526,1521,1800
2607,2.607000,1,-1,0,-0.035941,detected,0.746300,0.034361,-0.191379,6.260871,331.000,242.000,0.008975,-0.055434,0.056416,0.638265,1638,1503,1519,1520,1800
2620,2.620000,0,-1,0,-0.046251,detected,0.746300,0.034361,-0.191379,6.260871,331.000,242.000,0.008975,-0.065245,0.056416,0.638265,1638,1503,1523,1520,1800
2640,2.640000,1,-1,0,-0.050540,detected,0.750174,0.032801,-0.189872,6.215827,330.500,241.500,0.008612,-0.067735,0.054134,0.639395,1639,1503,1524,1519,1800
2660,2.660000,0,-1,0,-0.044211,detected,0.750174,0.032801,-0.189872,6.215827,330.500,241.500,0.008612,-0.061726,0.054134,0.639395,1639,1503,1522,1519,1800
2673,2.673000,1,-1,0,-0.059945,detected,0.752351,0.031240,-0.191379,6.260870,330.000,242.000,0.008226,-0.079195,0.051707,0.638265,1638,1503,1528,1518,1800
2680,2.680000,0,-1,0,-0.059477,detected,0.752351,0.031240,-0.191379,6.260870,330.000,242.000,0.008226,-0.078745,0.051707,0.638265,1638,1503,1528,1518,1800
2700,2.700000,0,-1,0,-0.043202,detected,0.752351,0.031240,-0.191379,6.260870,330.000,242.000,0.008226,-0.063075,0.051707,0.638265,1638,1503,1522,1518,1800
2706,2.706000,1,-1,0,-0.048461,detected,0.745513,0.029679,-0.204896,6.215827,329.500,246.500,0.007744,-0.079813,0.048677,0.628127,1628,1503,1528,1517,1800
2720,2.720000,0,-1,0,-0.063413,detected,0.745513,0.029679,-0.204896,6.215827,329.500,246.500,0.007744,-0.093970,0.048677,0.628127,1628,1503,1533,1517,1800
2739,2.739000,1,-1,0,-0.047487,detected,0.745513,0.029679,-0.204896,6.215827,329.500,246.500,0.007744,-0.078891,0.048677,0.628127,1628,1503,1528,1517,1800
2740,2.740000,0,-1,0,-0.046862,detected,0.745513,0.029679,-0.204896,6.215827,329.500,246.500,0.007744,-0.078299,0.048677,0.628127,1628,1503,1527,1517,1800
2760,2.760000,0,-1,0,-0.063559,detected,0.745513,0.029679,-0.204896,6.215827,329.500,246.500,0.007744,-0.094109,0.048677,0.628127,1628,1503,1533,1517,1800
2772,2.772000,1,-1,0,-0.064917,detected,0.749088,0.028118,-0.200399,6.171429,329.000,245.000,0.007372,-0.090892,0.046338,0.631500,1632,1503,1532,1516,1800
2780,2.780000,0,-1,0,-0.055916,detected,0.749088,0.028118,-0.200399,6.171429,329.000,245.000,0.007372,-0.082392,0.046338,0.631500,1632,1503,1529,1516,1800
2800,2.800000,0,-1,0,-0.061983,detected,0.749088,0.028118,-0.200399,6.171429,329.000,245.000,0.007372,-0.088121,0.046338,0.631500,1632,1503,1531,1516,1800
2805,2.805000,1,-1,0,-0.068416,detected,0.750383,0.026556,-0.188365,6.215827,328.500,241.000,0.006975,-0.083898,0.043840,0.640526,1641,1502,1529,1515,1800
2820,2.820000,0,-1,0,-0.065984,detected,0.750383,0.026556,-0.188365,6.215827,328.500,241.000,0.006975,-0.081571,0.043840,0.640526,1641,1502,1529,1515,1800
2838,2.838000,1,-1,0,-0.058726,detected,0.757825,0.024995,-0.185348,6.260870,328.000,240.000,0.006630,-0.073263,0.041672,0.642788,1643,1502,1526,1515,1800
2840,2.840000,0,-1,0,-0.060982,detected,0.757825,0.024995,-0.185348,6.260870,328.000,240.000,0.006630,-0.075467,0.041672,0.642788,1643,1502,1526,1515,1800
2860,2.860000,0,-1,0,-0.074636,detected,0.757825,0.024995,-0.185348,6.260870,328.000,240.000,0.006630,-0.088804,0.041672,0.642788,1643,1502,1531,1515,1800
2871,2.871000,1,-1,0,-0.062195,detected,0.744869,0.023433,-0.177790,6.215827,327.500,237.500,0.006109,-0.067575,0.038400,0.648457,1648,1502,1524,1513,1800
2880,2.880000,0,-1,0,-0.059378,detected,0.744869,0.023433,-0.177790,6.215827,327.500,237.500,0.006109,-0.064891,0.038400,0.648457,1648,1502,1523,1513,1800
2900,2.900000,0,-1,0,-0.079625,detected,0.744869,0.023433,-0.177790,6.215827,327.500,237.500,0.006109,-0.084183,0.038400,0.648457,1648,1502,1529,1513,1800
2904,2.904000,1,-1,0,-0.078788,detected,0.749905,0.023433,-0.180816,6.215827,327.500,238.500,0.006150,-0.086852,0.038660,0.646188,1646,1502,1530,1514,1800
2920,2.920000,0,-1,0,-0.063711,detected,0.749905,0.023433,-0.180816,6.215827,327.500,238.500,0.006150,-0.072388,0.038660,0.646188,1646,1502,1525,1514,1800
2937,2.937000,1,-1,0,-0.076874,detected,0.745164,0.021872,-0.191379,6.171429,327.000,242.000,0.005704,-0.093842,0.035855,0.638265,1638,1502,1533,1513,1800
2940,2.940000,0,-1,0,-0.079949,detected,0.745164,0.021872,-0.191379,6.171429,327.000,242.000,0.005704,-0.096752,0.035855,0.638265,1638,1502,1534,1513,1800
2960,2.960000,0,-1,0,-0.069490,detected,0.745164,0.021872,-0.191379,6.171429,327.000,242.000,0.005704,-0.086856,0.035855,0.638265,1638,1502,1530,1513,1800
2970,2.970000,1,-1,0,-0.067584,detected,0.745164,0.021872,-0.191379,6.171429,327.000,242.000,0.005704,-0.085053,0.035855,0.638265,1638,1502,1530,1513,1800
2980,2.980000,0,-1,0,-0.079452,detected,0.745164,0.021872,-0.191379,6.171429,327.000,242.000,0.005704,-0.096281,0.035855,0.638265,1638,1502,1534,1513,1800
3000,3.000000,0,-1,0,-0.077684,detected,0.745164,0.021872,-0.191379,6.171429,327.000,242.000,0.005704,-0.094608,0.035855,0.638265,1638,1502,1533,1513,1800
3003,3.003000,1,-1,0,-0.074438,detected,0.749888,0.018748,-0.179303,6.171429,326.000,238.000,0.004921,-0.080907,0.030929,0.647322,1647,1502,1528,1511,1800
3020,3.020000,0,-1,0,-0.078974,detected,0.749888,0.018748,-0.179303,6.171429,326.000,238.000,0.004921,-0.085242,0.030929,0.647322,1647,1502,1530,1511,1800
3036,3.036000,1,-1,0,-0.089025,detected,0.756654,0.015624,-0.168694,6.171429,325.000,234.500,0.004138,-0.085775,0.026008,0.655279,1655,1501,1530,1509,1800
3040,3.040000,0,-1,0,-0.085593,detected,0.756654,0.015624,-0.168694,6.171429,325.000,234.500,0.004138,-0.082455,0.026008,0.655279,1655,1501,1529,1509,1800
3060,3.060000,0,-1,0,-0.078887,detected,0.756654,0.015624,-0.168694,6.171429,325.000,234.500,0.004138,-0.075966,0.026008,0.655279,1655,1501,1527,1509,1800
3069,3.069000,1,-1,0,-0.090858,detected,0.756654,0.015624,-0.168694,6.171429,325.000,234.500,0.004138,-0.087548,0.026008,0.655279,1655,1501,1531,1509,1800
3080,3.080000,0,-1,0,-0.094396,detected,0.756654,0.015624,-0.168694,6.171429,325.000,234.500,0.004138,-0.090972,0.026008,0.655279,1655,1501,1532,1509,1800
3100,3.100000,0,-1,0,-0.077590,detected,0.756654,0.015624,-0.168694,6.171429,325.000,234.500,0.004138,-0.074711,0.026008,0.655279,1655,1501,1526,1509,1800
3102,3.102000,1,-1,0,-0.078756,detected,0.753593,0.014191,-0.166959,6.178878,324.541,233.929,0.003743,-0.074097,0.023527,0.656580,1657,1501,1526,1508,1800
3120,3.120000,0,-1,0,-0.100102,detected,0.753593,0.014191,-0.166959,6.178878,324.541,233.929,0.003743,-0.094732,0.023527,0.656580,1657,1501,1533,1508,1800
3135,3.135000,1,-1,0,-0.088616,detected,0.756095,0.014062,-0.170212,6.127661,324.500,235.000,0.003721,-0.086140,0.023390,0.654141,1654,1501,1530,1508,1800
3140,3.140000,0,-1,0,-0.084198,detected,0.756095,0.014062,-0.170212,6.127661,324.500,235.000,0.003721,-0.081900,0.023390,0.654141,1654,1501,1529,1508,1800
3160,3.160000,0,-1,0,-0.102956,detected,0.756095,0.014062,-0.170212,6.127661,324.500,235.000,0.003721,-0.099901,0.023390,0.654141,1654,1501,1535,1508,1800
3168,3.168000,1,-1,0,-0.107365,detected,0.754102,0.012499,-0.177790,6.084507,324.000,237.500,0.003299,-0.110291,0.020737,0.648457,1648,1501,1539,1507,1800
3180,3.180000,0,-1,0,-0.095673,detected,0.754102,0.012499,-0.177790,6.084507,324.000,237.500,0.003299,-0.099183,0.020737,0.648457,1648,1501,1535,1507,1800
3200,3.200000,0,-1,0,-0.101178,detected,0.754102,0.012499,-0.177790,6.084507,324.000,237.500,0.003299,-0.104414,0.020737,0.648457,1648,1501,1537,1507,1800
3201,3.201000,1,-1,0,-0.102564,detected,0.751379,0.012499,-0.165655,6.084507,324.000,233.500,0.003287,-0.093861,0.020662,0.657558,1658,1501,1533,1507,1800
3220,3.220000,0,-1,0,-0.104901,detected,0.751379,0.012499,-0.165655,6.084507,324.000,233.500,0.003287,-0.096073,0.020662,0.657558,1658,1501,1534,1507,1800
3234,3.234000,1,-1,0,-0.094335,detected,0.760401,0.010937,-0.150418,6.127660,323.500,228.500,0.002911,-0.073304,0.018296,0.668986,1669,1501,1526,1506,1800
3240,3.240000,0,-1,0,-0.099281,detected,0.760401,0.010937,-0.150418,6.127660,323.500,228.500,0.002911,-0.078095,0.018296,0.668986,1669,1501,1527,1506,1800
3260,3.260000,0,-1,0,-0.116393,detected,0.760401,0.010937,-0.150418,6.127660,323.500,228.500,0.002911,-0.094667,0.018296,0.668986,1669,1501,1533,1506,1800
3267,3.267000,1,-1,0,-0.109122,detected,0.759511,0.009375,-0.144302,6.084507,323.000,226.500,0.002492,-0.081005,0.015664,0.673573,1674,1501,1528,1505,1800
3280,3.280000,0,-1,0,-0.100994,detected,0.759511,0.009375,-0.144302,6.084507,323.000,226.500,0.002492,-0.073200,0.015664,0.673573,1674,1501,1526,1505,1800
3300,3.300000,1,-1,0,-0.123067,detected,0.760096,0.009375,-0.145832,6.084507,323.000,227.000,0.002494,-0.095938,0.015677,0.672425,1672,1501,1534,1505,1800
3320,3.320000,0,-1,0,-0.106642,detected,0.760096,0.009375,-0.145832,6.084507,323.000,227.000,0.002494,-0.080154,0.015677,0.672425,1672,1501,1528,1505,1800
3333,3.333000,1,-1,0,-0.114821,detected,0.759885,0.009375,-0.154997,6.000001,323.000,230.000,0.002493,-0.095047,0.015672,0.665552,1666,1501,1533,1505,1800
3340,3.340000,0,-1,0,-0.124675,detected,0.759885,0.009375,-0.154997,6.000001,323.000,230.000,0.002493,-0.104343,0.015672,0.665552,1666,1501,1537,1505,1800
3360,3.360000,0,-1,0,-0.117422,detected,0.759885,0.009375,-0.154997,6.000001,323.000,230.000,0.002493,-0.097501,0.015672,0.665552,1666,1501,1534,1505,1800
3366,3.366000,1,-1,0,-0.113301,detected,0.759885,0.009375,-0.154997,6.000001,323.000,230.000,0.002493,-0.093614,0.015672,0.665552,1666,1501,1533,1505,1800
3380,3.380000,0,-1,0,-0.125959,detected,0.759885,0.009375,-0.154997,6.000001,323.000,230.000,0.002493,-0.105555,0.015672,0.665552,1666,1501,1537,1505,1800
3399,3.399000,1,-1,0,-0.129664,detected,0.756007,0.009375,-0.148890,6.000001,323.000,228.000,0.002481,-0.102762,0.015592,0.670132,1670,1501,1536,1505,1800
3400,3.400000,0,-1,0,-0.128529,detected,0.756007,0.009375,-0.148890,6.000001,323.000,228.000,0.002481,-0.101697,0.015592,0.670132,1670,1501,1536,1505,1800
3420,3.420000,0,-1,0,-0.127312,detected,0.756007,0.009375,-0.148890,6.000001,323.000,228.000,0.002481,-0.100554,0.015592,0.670132,1670,1501,1535,1505,1800
3432,3.432000,1,-1,0,-0.141350,detected,0.762327,0.009375,-0.139709,6.000001,323.000,225.000,0.002501,-0.105992,0.015723,0.677018,1677,1501,1537,1506,1800
3440,3.440000,0,-1,0,-0.139082,detected,0.762327,0.009375,-0.139709,6.000001,323.000,225.000,0.002501,-0.103845,0.015723,0.677018,1677,1501,1536,1506,1800
3460,3.460000,0,-1,0,-0.128477,detected,0.762327,0.009375,-0.139709,6.000001,323.000,225.000,0.002501,-0.093809,0.015723,0.677018,1677,1501,1533,1506,1800
3465,3.465000,1,-1,0,-0.134692,detected,0.757565,0.009039,-0.126394,5.972742,322.893,220.663,0.002397,-0.086064,0.015065,0.687004,1687,1501,1530,1505,1800
3480,3.480000,0,-1,0,-0.148364,detected,0.757565,0.009039,-0.126394,5.972742,322.893,220.663,0.002397,-0.098851,0.015065,0.687004,1687,1501,1535,1505,1800
3498,3.498000,1,-1,0,-0.132563,detected,0.757765,0.009375,-0.113572,5.917808,323.000,216.500,0.002486,-0.071207,0.015628,0.696621,1697,1501,1525,1505,1800
3500,3.500000,0,-1,0,-0.132334,detected,0.757765,0.009375,-0.113572,5.917808,323.000,216.500,0.002486,-0.070995,0.015628,0.696621,1697,1501,1525,1505,1800
3520,3.520000,0,-1,0,-0.152916,detected,0.757765,0.009375,-0.113572,5.917808,323.000,216.500,0.002486,-0.090012,0.015628,0.696621,1697,1501,1532,1505,1800
3531,3.531000,1,-1,0,-0.148314,detected,0.765258,0.009375,-0.116655,5.917808,323.000,217.500,0.002511,-0.089486,0.015783,0.694308,1694,1501,1531,1506,1800
3540,3.540000,0,-1,0,-0.138850,detected,0.765258,0.009375,-0.116655,5.917808,323.000,217.500,0.002511,-0.080655,0.015783,0.694308,1694,1501,1528,1506,1800
3560,3.560000,0,-1,0,-0.154880,detected,0.765258,0.009375,-0.116655,5.917808,323.000,217.500,0.002511,-0.095612,0.015783,0.694308,1694,1501,1533,1506,1800
3564,3.564000,1,-1,0,-0.158192,detected,0.768141,0.010937,-0.118196,5.877551,323.500,218.000,0.002940,-0.099447,0.018483,0.693152,1693,1501,1535,1506,1800
3580,3.580000,0,-1,0,-0.147431,detected,0.768141,0.010937,-0.118196,5.877551,323.500,218.000,0.002940,-0.089476,0.018483,0.693152,1693,1501,1531,1506,1800
3597,3.597000,1,-1,0,-0.150663,detected,0.768141,0.010937,-0.118196,5.877551,323.500,218.000,0.002940,-0.092470,0.018483,0.693152,1693,1501,1532,1506,1800
3600,3.600000,0,-1,0,-0.154844,detected,0.768141,0.010937,-0.118196,5.877551,323.500,218.000,0.002940,-0.096345,0.018483,0.693152,1693,1501,1534,1506,1800
3620,3.620000,0,-1,0,-0.156914,detected,0.768141,0.010937,-0.118196,5.877551,323.500,218.000,0.002940,-0.098263,0.018483,0.693152,1693,1501,1534,1506,1800
3630,3.630000,1,-1,0,-0.148729,detected,0.768860,0.012499,-0.113572,5.837838,324.000,216.500,0.003364,-0.085556,0.021143,0.696621,1697,1501,1530,1507,1800
3640,3.640000,0,-1,0,-0.155307,detected,0.768860,0.012499,-0.113572,5.837838,324.000,216.500,0.003364,-0.091593,0.021143,0.696621,1697,1501,1532,1507,1800
3660,3.660000,0,-1,0,-0.165840,detected,0.768860,0.012499,-0.113572,5.837838,324.000,216.500,0.003364,-0.101258,0.021143,0.696621,1697,1501,1535,1507,1800
3663,3.663000,1,-1,0,-0.162979,detected,0.763238,0.012499,-0.107398,5.760000,324.000,214.500,0.003339,-0.090668,0.020988,0.701251,1701,1501,1532,1507,1800
3680,3.680000,0,-1,0,-0.158404,detected,0.763238,0.012499,-0.107398,5.760000,324.000,214.500,0.003339,-0.086574,0.020988,0.701251,1701,1501,1530,1507,1800
3696,3.696000,1,-1,0,-0.176971,detected,0.773556,0.012499,-0.104308,5.760000,324.000,213.500,0.003384,-0.101783,0.021272,0.703569,1704,1501,1536,1507,1800
3700,3.700000,0,-1,0,-0.177157,detected,0.773556,0.012499,-0.104308,5.760000,324.000,213.500,0.003384,-0.101952,0.021272,0.703569,1704,1501,1536,1507,1800
3720,3.720000,0,-1,0,-0.163151,detected,0.773556,0.012499,-0.104308,5.760000,324.000,213.500,0.003384,-0.089247,0.021272,0.703569,1704,1501,1531,1507,1800
3729,3.729000,1,-1,0,-0.171782,detected,0.774803,0.014062,-0.090378,5.721854,324.500,209.000,0.003813,-0.083690,0.023969,0.714016,1714,1501,1529,1508,1800
3740,3.740000,0,-1,0,-0.184601,detected,0.774803,0.014062,-0.090378,5.721854,324.500,209.000,0.003813,-0.095214,0.023969,0.714016,1714,1501,1533,1508,1800
3760,3.760000,0,-1,0,-0.171379,detected,0.774803,0.014062,-0.090378,5.721854,324.500,209.000,0.003813,-0.083328,0.023969,0.714016,1714,1501,1529,1508,1800
3762,3.762000,1,-1,0,-0.170593,detected,0.771869,0.015624,-0.077967,5.684210,325.000,205.000,0.004221,-0.070448,0.026531,0.723324,1723,1501,1525,1509,1800
3780,3.780000,0,-1,0,-0.186960,detected,0.771869,0.015624,-0.077967,5.684210,325.000,205.000,0.004221,-0.084953,0.026531,0.723324,1723,1501,1530,1509,1800
3795,3.795000,1,-1,0,-0.185045,detected,0.771869,0.015624,-0.077967,5.684210,325.000,205.000,0.004221,-0.083255,0.026531,0.723324,1723,1501,1529,1509,1800
3800,3.800000,0,-1,0,-0.179471,detected,0.771869,0.015624,-0.077967,5.684210,325.000,205.000,0.004221,-0.078316,0.026531,0.723324,1723,1501,1527,1509,1800
3820,3.820000,0,-1,0,-0.187565,detected,0.771869,0.015624,-0.077967,5.684210,325.000,205.000,0.004221,-0.085489,0.026531,0.723324,1723,1501,1530,1509,1800
3828,3.828000,1,-1,0,-0.195572,detected,0.770970,0.015624,-0.067087,5.610390,325.000,201.500,0.004216,-0.081419,0.026500,0.731484,1731,1501,1528,1509,1800
3840,3.840000,0,-1,0,-0.189609,detected,0.770970,0.015624,-0.067087,5.610390,325.000,201.500,0.004216,-0.076231,0.026500,0.731484,1731,1501,1527,1509,1800
3860,3.860000,0,-1,0,-0.185462,detected,0.770970,0.015624,-0.067087,5.610390,325.000,201.500,0.004216,-0.072624,0.026500,0.731484,1731,1501,1525,1509,1800
3861,3.861000,1,-1,0,-0.186718,detected,0.769021,0.017186,-0.060862,5.574194,325.500,199.500,0.004626,-0.067424,0.029076,0.736153,1736,1502,1524,1510,1800
3880,3.880000,0,-1,0,-0.198183,detected,0.769021,0.017186,-0.060862,5.574194,325.500,199.500,0.004626,-0.077270,0.029076,0.736153,1736,1502,1527,1510,1800
3894,3.894000,1,-1,0,-0.185528,detected,0.779504,0.018748,-0.065531,5.538462,326.000,201.000,0.005115,-0.070635,0.032151,0.732651,1733,1502,1525,1511,1800
3900,3.900000,0,-1,0,-0.186555,detected,0.779504,0.018748,-0.065531,5.538462,326.000,201.000,0.005115,-0.071520,0.032151,0.732651,1733,1502,1525,1511,1800
3920,3.920000,0,-1,0,-0.205762,detected,0.779504,0.018748,-0.065531,5.538462,326.000,201.000,0.005115,-0.088066,0.032151,0.732651,1733,1502,1531,1511,1800
3927,3.927000,1,-1,0,-0.201766,detected,0.777537,0.018748,-0.065531,5.468354,326.000,201.000,0.005102,-0.082981,0.032070,0.732651,1733,1502,1529,1511,1800
3940,3.940000,0,-1,0,-0.192007,detected,0.777537,0.018748,-0.065531,5.468354,326.000,201.000,0.005102,-0.074736,0.032070,0.732651,1733,1502,1526,1511,1800
3960,3.960000,1,-1,0,-0.210272,detected,0.774796,0.017002,-0.062799,5.408815,325.441,200.122,0.004611,-0.086437,0.028981,0.734700,1735,1502,1530,1510,1800
3980,3.980000,0,-1,0,-0.197416,detected,0.774796,0.017002,-0.062799,5.408815,325.441,200.122,0.004611,-0.075753,0.028981,0.734700,1735,1502,1527,1510,1800
3993,3.993000,1,-1,0,-0.202307,detected,0.779901,0.020310,-0.045282,5.366460,326.500,194.500,0.005544,-0.064752,0.034847,0.747838,1748,1502,1523,1512,1800
4000,4.000000,0,-1,0,-0.211295,detected,0.779901,0.020310,-0.045282,5.366460,326.500,194.500,0.005544,-0.072164,0.034847,0.747838,1748,1502,1525,1512,1800
4020,4.020000,0,-1,0,-0.206764,detected,0.779901,0.020310,-0.045282,5.366460,326.500,194.500,0.005544,-0.068428,0.034847,0.747838,1748,1502,1524,1512,1800
4026,4.026000,1,-1,0,-0.202279,detected,0.781335,0.018360,-0.036134,5.312690,325.876,191.568,0.005021,-0.056639,0.031560,0.754699,1755,1502,1520,1511,1800
4040,4.040000,0,-1,0,-0.210991,detected,0.781335,0.018360,-0.036134,5.312690,325.876,191.568,0.005021,-0.063755,0.031560,0.754699,1755,1502,1522,1511,1800
4059,4.059000,1,-1,0,-0.216197,detected,0.790491,0.021872,-0.032801,5.268293,327.000,190.500,0.006051,-0.065040,0.038036,0.757199,1757,1502,1523,1513,1800
4060,4.060000,0,-1,0,-0.215233,detected,0.790491,0.021872,-0.032801,5.268293,327.000,190.500,0.006051,-0.064255,0.038036,0.757199,1757,1502,1522,1513,1800
4080,4.080000,0,-1,0,-0.210055,detected,0.790491,0.021872,-0.032801,5.268293,327.000,190.500,0.006051,-0.060042,0.038036,0.757199,1757,1502,1521,1513,1800
4092,4.092000,1,-1,0,-0.221780,detected,0.783111,0.018643,-0.040886,5.180615,325.967,193.091,0.005110,-0.074012,0.032119,0.751135,1751,1502,1526,1511,1800
4100,4.100000,0,-1,0,-0.221867,detected,0.783111,0.018643,-0.040886,5.180615,325.967,193.091,0.005110,-0.074080,0.032119,0.751135,1751,1502,1526,1511,1800
4120,4.120000,0,-1,0,-0.211759,detected,0.783111,0.018643,-0.040886,5.180615,325.967,193.091,0.005110,-0.066087,0.032119,0.751135,1751,1502,1523,1511,1800
4125,4.125000,1,-1,0,-0.215264,detected,0.792919,0.021872,-0.034361,5.142857,327.000,191.000,0.006070,-0.063620,0.038153,0.756028,1756,1502,1522,1513,1800
4140,4.140000,0,-1,0,-0.227807,detected,0.792919,0.021872,-0.034361,5.142857,327.000,191.000,0.006070,-0.073526,0.038153,0.756028,1756,1502,1526,1513,1800
4158,4.158000,1,-1,0,-0.213935,detected,0.798644,0.021872,-0.021872,5.082353,327.000,187.000,0.006114,-0.052229,0.038429,0.765396,1765,1502,1518,1513,1800
4160,4.160000,0,-1,0,-0.212735,detected,0.798644,0.021872,-0.021872,5.082353,327.000,187.000,0.006114,-0.051290,0.038429,0.765396,1765,1502,1518,1513,1800
4180,4.180000,0,-1,0,-0.229690,detected,0.798644,0.021872,-0.021872,5.082353,327.000,187.000,0.006114,-0.064559,0.038429,0.765396,1765,1502,1523,1513,1800
4191,4.191000,1,-1,0,-0.231582,detected,0.800222,0.023433,-0.009375,4.994220,327.500,183.000,0.006563,-0.054924,0.041254,0.774768,1775,1502,1519,1514,1800
4200,4.200000,0,-1,0,-0.221147,detected,0.800222,0.023433,-0.009375,4.994220,327.500,183.000,0.006563,-0.046951,0.041254,0.774768,1775,1502,1516,1514,1800
4220,4.220000,0,-1,0,-0.223604,detected,0.800222,0.023433,-0.009375,4.994220,327.500,183.000,0.006563,-0.048829,0.041254,0.774768,1775,1502,1517,1514,1800
4224,4.224000,1,-1,0,-0.228643,detected,0.800222,0.023433,-0.009375,4.994220,327.500,183.000,0.006563,-0.052679,0.041254,0.774768,1775,1502,1518,1514,1800
4240,4.240000,0,-1,0,-0.228865,detected,0.800222,0.023433,-0.009375,4.994220,327.500,183.000,0.006563,-0.052848,0.041254,0.774768,1775,1502,1518,1514,1800
4257,4.257000,1,-1,0,-0.219204,detected,0.799589,0.024995,-0.009375,4.909091,328.000,183.000,0.006995,-0.044276,0.043968,0.774768,1775,1502,1515,1515,1800
4260,4.260000,0,-1,0,-0.221563,detected,0.799589,0.024995,-0.009375,4.909091,328.000,183.000,0.006995,-0.046031,0.043968,0.774768,1775,1502,1516,1515,1800
4280,4.280000,0,-1,0,-0.235061,detected,0.799589,0.024995,-0.009375,4.909091,328.000,183.000,0.006995,-0.056073,0.043968,0.774768,1775,1502,1520,1515,1800
4290,4.290000,1,-1,0,-0.225594,detected,0.805872,0.024995,-0.017186,4.853933,328.000,185.500,0.007050,-0.054403,0.044314,0.768910,1769,1502,1519,1516,1800
4300,4.300000,0,-1,0,-0.220909,detected,0.805872,0.024995,-0.017186,4.853933,328.000,185.500,0.007050,-0.050945,0.044314,0.768910,1769,1502,1518,1516,1800
4320,4.320000,0,-1,0,-0.238215,detected,0.805872,0.024995,-0.017186,4.853933,328.000,185.500,0.007050,-0.063718,0.044314,0.768910,1769,1502,1522,1516,1800
4323,4.323000,1,-1,0,-0.238150,detected,0.809116,0.026556,-0.015624,4.773481,328.500,185.000,0.007520,-0.061197,0.047272,0.770082,1770,1503,1521,1517,1800
4340,4.340000,0,-1,0,-0.224732,detected,0.809116,0.026556,-0.015624,4.773481,328.500,185.000,0.007520,-0.051503,0.047272,0.770082,1770,1503,1518,1517,1800
4356,4.356000,1,-1,0,-0.234705,detected,0.817745,0.028118,-0.004687,4.695652,329.000,181.500,0.008048,-0.050075,0.050585,0.778284,1778,1503,1518,1518,1800
4360,4.360000,0,-1,0,-0.238779,detected,0.817745,0.028118,-0.004687,4.695652,329.000,181.500,0.008048,-0.052976,0.050585,0.778284,1778,1503,1519,1518,1800
4380,4.380000,0,-1,0,-0.231214,detected,0.817745,0.028118,-0.004687,4.695652,329.000,181.500,0.008048,-0.047589,0.050585,0.778284,1778,1503,1517,1518,1800
4389,4.389000,1,-1,0,-0.226846,detected,0.818679,0.028118,0.007812,4.595745,329.000,177.500,0.008057,-0.034540,0.050642,0.787659,1788,1503,1512,1518,1800
4400,4.400000,0,-1,0,-0.235949,detected,0.818679,0.028118,0.007812,4.595745,329.000,177.500,0.008057,-0.040832,0.050642,0.787659,1788,1503,1514,1518,1800
4420,4.420000,0,-1,0,-0.239553,detected,0.818679,0.028118,0.007812,4.595745,329.000,177.500,0.008057,-0.043324,0.050642,0.787659,1788,1503,1515,1518,1800
4422,4.422000,1,-1,0,-0.237443,detected,0.821972,0.029679,0.015624,4.523560,329.500,175.000,0.008538,-0.035721,0.053669,0.793517,1794,1503,1513,1519,1800
4440,4.440000,0,-1,0,-0.232207,detected,0.821972,0.029679,0.015624,4.523560,329.500,175.000,0.008538,-0.032176,0.053669,0.793517,1794,1503,1511,1519,1800
4455,4.455000,1,-1,0,-0.246373,detected,0.829405,0.032801,0.012499,4.430769,330.500,176.000,0.009522,-0.042811,0.059851,0.791174,1791,1503,1515,1521,1800
4460,4.460000,0,-1,0,-0.246179,detected,0.829405,0.032801,0.012499,4.430769,330.500,176.000,0.009522,-0.042682,0.059851,0.791174,1791,1503,1515,1521,1800
4480,4.480000,0,-1,0,-0.232885,detected,0.829405,0.032801,0.012499,4.430769,330.500,176.000,0.009522,-0.033901,0.059851,0.791174,1791,1503,1512,1521,1800
4488,4.488000,1,-1,0,-0.237345,detected,0.827283,0.034361,0.007812,4.320000,331.000,177.500,0.009949,-0.038316,0.062539,0.787659,1788,1503,1513,1522,1800
4500,4.500000,0,-1,0,-0.247295,detected,0.827283,0.034361,0.007812,4.320000,331.000,177.500,0.009949,-0.044621,0.062539,0.787659,1788,1503,1516,1522,1800
4520,4.520000,0,-1,0,-0.236955,detected,0.827283,0.034361,0.007812,4.320000,331.000,177.500,0.009949,-0.038068,0.062539,0.787659,1788,1503,1513,1522,1800
4521,4.521000,1,-1,0,-0.236466,detected,0.827283,0.034361,0.007812,4.320000,331.000,177.500,0.009949,-0.037759,0.062539,0.787659,1788,1503,1513,1522,1800
4540,4.540000,0,-1,0,-0.246048,detected,0.827283,0.034361,0.007812,4.320000,331.000,177.500,0.009949,-0.043830,0.062539,0.787659,1788,1503,1515,1522,1800
4554,4.554000,1,-1,0,-0.247931,detected,0.836700,0.037482,0.015624,4.235294,332.000,175.000,0.010977,-0.039213,0.068995,0.793517,1794,1504,1514,1524,1800
4560,4.560000,0,-1,0,-0.242983,detected,0.836700,0.037482,0.015624,4.235294,332.000,175.000,0.010977,-0.036145,0.068995,0.793517,1794,1504,1513,1524,1800
4580,4.580000,0,-1,0,-0.242862,detected,0.836700,0.037482,0.015624,4.235294,332.000,175.000,0.010977,-0.036069,0.068995,0.793517,1794,1504,1513,1524,1800
4587,4.587000,1,-1,0,-0.249020,detected,0.850651,0.039043,0.032801,4.173913,332.500,169.500,0.011624,-0.029029,0.073066,0.806400,1806,1504,1510,1526,1800
4600,4.600000,0,-1,0,-0.249469,detected,0.850651,0.039043,0.032801,4.173913,332.500,169.500,0.011624,-0.029305,0.073066,0.806400,1806,1504,1510,1526,1800
4620,4.620000,1,-1,0,-0.241109,detected,0.857098,0.042162,0.040603,4.056339,333.500,167.000,0.012648,-0.018608,0.079502,0.812251,1812,1504,1507,1528,1800
4640,4.640000,0,-1,0,-0.252030,detected,0.857098,0.042162,0.040603,4.056339,333.500,167.000,0.012648,-0.025071,0.079502,0.812251,1812,1504,1509,1528,1800
4653,4.653000,1,-1,0,-0.246106,detected,0.860842,0.045282,0.037482,3.945205,334.500,168.000,0.013643,-0.022449,0.085757,0.809911,1810,1505,1508,1530,1800
4660,4.660000,0,-1,0,-0.242964,detected,0.860842,0.045282,0.037482,3.945205,334.500,168.000,0.013643,-0.020665,0.085757,0.809911,1810,1505,1507,1530,1800
4680,4.680000,0,-1,0,-0.250788,detected,0.860842,0.045282,0.037482,3.945205,334.500,168.000,0.013643,-0.025106,0.085757,0.809911,1810,1505,1509,1530,1800
4686,4.686000,1,-1,0,-0.252133,detected,0.871848,0.048400,0.037482,3.840000,335.500,168.000,0.014769,-0.025025,0.092834,0.809911,1810,1505,1509,1532,1800
4700,4.700000,0,-1,0,-0.246421,detected,0.871848,0.048400,0.037482,3.840000,335.500,168.000,0.014769,-0.021889,0.092834,0.809911,1810,1505,1508,1532,1800
4719,4.719000,1,-1,0,-0.247425,detected,0.880471,0.054633,0.046841,3.740260,337.500,165.000,0.016836,-0.016637,0.105826,0.816930,1817,1506,1506,1537,1800
4720,4.720000,0,-1,0,-0.247983,detected,0.880471,0.054633,0.046841,3.740260,337.500,165.000,0.016836,-0.016931,0.105826,0.816930,1817,1506,1506,1537,1800
4740,4.740000,0,-1,0,-0.250896,detected,0.880471,0.054633,0.046841,3.740260,337.500,165.000,0.016836,-0.018469,0.105826,0.816930,1817,1506,1506,1537,1800
4752,4.752000,1,-1,0,-0.246444,detected,0.890574,0.059305,0.057748,3.630252,339.000,161.500,0.018486,-0.009933,0.116195,0.825111,1825,1506,1503,1541,1800
4760,4.760000,0,-1,0,-0.247051,detected,0.890574,0.059305,0.057748,3.630252,339.000,161.500,0.018486,-0.010240,0.116195,0.825111,1825,1506,1504,1541,1800
4780,4.780000,0,-1,0,-0.252857,detected,0.890574,0.059305,0.057748,3.630252,339.000,161.500,0.018486,-0.013177,0.116195,0.825111,1825,1506,1505,1541,1800
4785,4.785000,1,-1,0,-0.251843,detected,0.894983,0.062419,0.063975,3.512195,340.000,159.500,0.019552,-0.009021,0.122900,0.829781,1830,1507,1503,1543,1800
4800,4.800000,0,-1,0,-0.247192,detected,0.894983,0.062419,0.063975,3.512195,340.000,159.500,0.019552,-0.006789,0.122900,0.829781,1830,1507,1502,1543,1800
4818,4.818000,1,-1,0,-0.251236,detected,0.905326,0.070206,0.066943,3.396357,342.503,158.546,0.022246,-0.006920,0.139830,0.832006,1832,1508,1502,1549,1800
4820,4.820000,0,-1,0,-0.251827,detected,0.905326,0.070206,0.066943,3.396357,342.503,158.546,0.022246,-0.007189,0.139830,0.832006,1832,1508,1503,1549,1800
4840,4.840000,0,-1,0,-0.249385,detected,0.905326,0.070206,0.066943,3.396357,342.503,158.546,0.022246,-0.006079,0.139830,0.832006,1832,1508,1502,1549,1800
4851,4.851000,1,-1,0,-0.247357,detected,0.915681,0.074860,0.074860,3.272727,344.000,156.000,0.023992,-0.001471,0.150805,0.837944,1838,1508,1501,1553,1800
4860,4.860000,0,-1,0,-0.249453,detected,0.915681,0.074860,0.074860,3.272727,344.000,156.000,0.023992,-0.002370,0.150805,0.837944,1838,1508,1501,1553,1800
4880,4.880000,0,-1,0,-0.252383,detected,0.915681,0.074860,0.074860,3.272727,344.000,156.000,0.023992,-0.003626,0.150805,0.837944,1838,1508,1501,1553,1800
4884,4.884000,1,-1,0,-0.251473,detected,0.915681,0.074860,0.074860,3.272727,344.000,156.000,0.023992,-0.003236,0.150805,0.837944,1838,1508,1501,1553,1800
4900,4.900000,0,-1,0,-0.248881,detected,0.915681,0.074860,0.074860,3.272727,344.000,156.000,0.023992,-0.002125,0.150805,0.837944,1838,1508,1501,1553,1800
4917,4.917000,1,-1,0,-0.251404,detected,0.925325,0.082608,0.087463,3.148834,346.495,151.940,0.026754,0.000000,0.168167,0.847397,1847,1509,1500,1559,1800
4920,4.920000,0,-1,0,-0.251537,detected,0.925325,0.082608,0.087463,3.148834,346.495,151.940,0.026754,0.000000,0.168167,0.847397,1847,1509,1500,1559,1800
4940,4.940000,0,-1,0,-0.249506,detected,0.925325,0.082608,0.087463,3.148834,346.495,151.940,0.026754,0.000000,0.168167,0.847397,1847,1509,1500,1559,1800
4950,4.950000,1,-1,0,-0.249862,detected,0.937892,0.089425,0.096839,3.036368,348.693,148.914,0.029355,0.000000,0.184517,0.854428,1854,1510,1500,1565,1800
4960,4.960000,0,-1,0,-0.251306,detected,0.937892,0.089425,0.096839,3.036368,348.693,148.914,0.029355,0.000000,0.184517,0.854428,1854,1510,1500,1565,1800
4980,4.980000,0,-1,0,-0.251072,detected,0.937892,0.089425,0.096839,3.036368,348.693,148.914,0.029355,0.000000,0.184517,0.854428,1854,1510,1500,1565,1800
4983,4.983000,1,-1,0,-0.250722,detected,0.937178,0.092405,0.108741,2.879854,349.654,145.065,0.030310,0.000000,0.190520,0.863355,1863,1511,1500,1567,1800
5000,5.000000,0,-1,0,-0.250223,detected,0.937178,0.092405,0.108741,2.879854,349.654,145.065,0.030310,0.000000,0.190520,0.863355,1863,1511,1500,1567,1800
5016,5.016000,1,-1,0,-0.250799,detected,0.954297,0.088828,0.099669,2.691589,348.500,148.000,0.029669,0.000000,0.186491,0.856551,1857,1510,1500,1565,1800
5020,5.020000,0,-1,0,-0.250599,detected,0.954297,0.088828,0.099669,2.691589,348.500,148.000,0.029669,0.000000,0.186491,0.856551,1857,1510,1500,1565,1800
5040,5.040000,0,-1,0,-0.248790,detected,0.954297,0.088828,0.099669,2.691589,348.500,148.000,0.029669,0.000000,0.186491,0.856551,1857,1510,1500,1565,1800
5049,5.049000,1,-1,0,-0.248748,detected,0.953930,0.085727,0.088828,2.504348,347.500,151.500,0.028622,0.000000,0.179910,0.848421,1848,1510,1500,1563,1800
5060,5.060000,0,-1,0,-0.249450,detected,0.953930,0.085727,0.088828,2.504348,347.500,151.500,0.028622,0.000000,0.179910,0.848421,1848,1510,1500,1563,1800
5080,5.080000,0,-1,0,-0.249142,detected,0.953930,0.085727,0.088828,2.504348,347.500,151.500,0.028622,0.000000,0.179910,0.848421,1848,1510,1500,1563,1800
5082,5.082000,1,-1,0,-0.249063,detected,0.955440,0.081072,0.077967,2.335135,346.000,155.000,0.027111,-0.000450,0.170411,0.840274,1840,1509,1500,1560,1800
5100,5.100000,0,-1,0,-0.249320,detected,0.955440,0.081072,0.077967,2.335135,346.000,155.000,0.027111,-0.000507,0.170411,0.840274,1840,1509,1500,1560,1800
5115,5.115000,1,-1,0,-0.249756,commit,0.948984,0.074860,0.057748,2.107317,344.000,161.500,0.006216,-0.004428,0.039072,0.825111,1825,1502,1502,1514,1800
5120,5.120000,0,-1,0,-0.249601,commit,0.948984,0.074860,0.057748,2.107317,344.000,161.500,0.006216,-0.004398,0.039072,0.825111,1825,1502,1502,1514,1800
5140,5.140000,0,-1,0,-0.249458,commit,0.948984,0.074860,0.057748,2.107317,344.000,161.500,0.006216,-0.004371,0.039072,0.825111,1825,1502,1502,1514,1800
5148,5.148000,1,-1,0,-0.249068,commit,0.943943,0.068642,0.037483,1.911505,342.000,168.000,0.005669,-0.005948,0.035637,0.809911,1810,1502,1502,1512,1800
5160,5.160000,0,-1,0,-0.248160,commit,0.943943,0.068642,0.037483,1.911505,342.000,168.000,0.005669,-0.005821,0.035637,0.809911,1810,1502,1502,1512,1800
5180,5.180000,0,-1,0,-0.249125,commit,0.943943,0.068642,0.037483,1.911505,342.000,168.000,0.005669,-0.005956,0.035637,0.809911,1810,1502,1502,1512,1800
5181,5.181000,1,-1,0,-0.249225,commit,0.680498,0.063975,0.010937,1.717694,340.500,176.500,0.003809,-0.004360,0.023944,0.790002,1790,1501,1502,1508,1800
5200,5.200000,0,-1,0,-0.250015,commit,0.680498,0.063975,0.010937,1.717694,340.500,176.500,0.003809,-0.004410,0.023944,0.790002,1790,1501,1502,1508,1800
5214,5.214000,1,-1,0,-0.249126,commit,0.692330,0.062419,0.001562,1.515789,340.000,179.500,0.003781,-0.001837,0.023768,0.782971,1783,1501,1501,1508,1800
5220,5.220000,0,-1,0,-0.249383,commit,0.692330,0.062419,0.001562,1.515789,340.000,179.500,0.003781,-0.001843,0.023768,0.782971,1783,1501,1501,1508,1800
5240,5.240000,0,-1,0,-0.250491,commit,0.692330,0.062419,0.001562,1.515789,340.000,179.500,0.003781,-0.001869,0.023768,0.782971,1783,1501,1501,1508,1800
5247,5.247000,1,-1,0,-0.249235,commit,0.702331,0.020310,0.001562,1.382400,326.500,179.500,0.001248,0.000000,0.007845,0.782971,1783,1500,1500,1503,1800
5260,5.260000,0,-1,0,-0.247485,commit,0.702331,0.020310,0.001562,1.382400,326.500,179.500,0.001248,0.000000,0.007845,0.782971,1783,1500,1500,1503,1800
5280,5.280000,1,-1,0,-0.250200,commit,0.700476,-0.001562,0.001562,1.352113,319.500,179.500,-0.000096,0.000000,-0.000602,0.782971,1783,1500,1500,1500,1800
5300,5.300000,0,-1,0,-0.247921,commit,0.700476,-0.001562,0.001562,1.352113,319.500,179.500,-0.000096,0.000000,-0.000602,0.782971,1783,1500,1500,1500,1800
5313,5.313000,1,-1,0,-0.247706,commit,0.635036,-0.001562,0.001562,1.352113,319.500,179.500,-0.000087,0.000000,-0.000546,0.782971,1783,1500,1500,1500,1800
5320,5.320000,0,-1,0,-0.248910,commit,0.635036,-0.001562,0.001562,1.352113,319.500,179.500,-0.000087,0.000000,-0.000546,0.782971,1783,1500,1500,1500,1800
5340,5.340000,0,-1,0,-0.248419,commit,0.635036,-0.001562,0.001562,1.352113,319.500,179.500,-0.000087,0.000000,-0.000546,0.782971,1783,1500,1500,1500,1800
5346,5.346000,1,-1,0,-0.247049,commit,0.635036,-0.001562,0.001562,1.352113,319.500,179.500,-0.000087,0.000000,-0.000546,0.782971,1783,1500,1500,1500,1800
5360,5.360000,0,-1,0,-0.246254,commit,0.635036,-0.001562,0.001562,1.352113,319.500,179.500,-0.000087,0.000000,-0.000546,0.782971,1783,1500,1500,1500,1800
5379,5.379000,1,-1,0,-0.248430,commit,0.519226,-0.001562,0.001562,1.352113,319.500,179.500,-0.000071,0.000000,-0.000446,0.782971,1783,1500,1500,1500,1800
5380,5.380000,0,-1,0,-0.248362,commit,0.519226,-0.001562,0.001562,1.352113,319.500,179.500,-0.000071,0.000000,-0.000446,0.782971,1783,1500,1500,1500,1800
5400,5.400000,0,-1,0,-0.246578,commit,0.519226,-0.001562,0.001562,1.352113,319.500,179.500,-0.000071,0.000000,-0.000446,0.782971,1783,1500,1500,1500,1800
5412,5.412000,1,-1,0,-0.248630,commit,0.408961,-0.001562,0.001562,1.352113,319.500,179.500,-0.000056,0.000000,-0.000351,0.782971,1783,1500,1500,1500,1800
5420,5.420000,0,-1,0,-0.249535,commit,0.408961,-0.001562,0.001562,1.352113,319.500,179.500,-0.000056,0.000000,-0.000351,0.782971,1783,1500,1500,1500,1800
5440,5.440000,0,-1,0,-0.247139,commit,0.408961,-0.001562,0.001562,1.352113,319.500,179.500,-0.000056,0.000000,-0.000351,0.782971,1783,1500,1500,1500,1800
5445,5.445000,1,-1,0,-0.246782,commit,0.293783,-0.001562,0.001562,1.352113,319.500,179.500,-0.000040,0.000000,-0.000252,0.782971,1783,1500,1500,1500,1800
5460,5.460000,0,-1,0,-0.248253,commit,0.293783,-0.001562,0.001562,1.352113,319.500,179.500,-0.000040,0.000000,-0.000252,0.782971,1783,1500,1500,1500,1800
5478,5.478000,1,-1,0,-0.247675,commit,0.618545,-0.001562,-0.488334,1.352113,319.500,350.000,-0.000085,0.000000,-0.000532,0.415549,1416,1500,1500,1500,1800
5480,5.480000,0,-1,0,-0.247245,commit,0.618545,-0.001562,-0.488334,1.352113,319.500,350.000,-0.000085,0.000000,-0.000532,0.415549,1416,1500,1500,1500,1800
5500,5.500000,0,-1,0,-0.245833,commit,0.618545,-0.001562,-0.488334,1.352113,319.500,350.000,-0.000085,0.000000,-0.000532,0.415549,1416,1500,1500,1500,1800
5511,5.511000,1,-1,0,-0.247731,detected,0.815516,-0.270097,-0.009462,5.915379,231.404,183.028,-0.077094,-0.061944,-0.484591,0.774703,1775,1473,1522,1330,1800
5520,5.520000,0,-1,0,-0.247001,detected,0.815516,-0.270097,-0.009462,5.915379,231.404,183.028,-0.077094,-0.061431,-0.484591,0.774703,1775,1473,1522,1330,1800
5540,5.540000,0,-1,0,-0.243925,detected,0.815516,-0.270097,-0.009462,5.915379,231.404,183.028,-0.077094,-0.059269,-0.484591,0.774703,1775,1473,1521,1330,1800
5544,5.544000,1,0,1,-0.244928,detected,0.824226,-0.266918,-0.007115,5.886880,232.498,182.277,-0.077000,-0.058870,-0.484002,0.776463,1776,1473,1521,1331,1800
5560,5.560000,0,0,1,-0.248729,detected,0.824226,-0.266918,-0.007115,5.886880,232.498,182.277,-0.077000,-0.061567,-0.484002,0.776463,1776,1473,1522,1331,1800
5577,5.577000,1,0,1,-0.246003,detected,0.831560,-0.261021,-0.003371,5.819231,234.523,181.079,-0.075969,-0.057145,-0.477520,0.779271,1779,1473,1520,1333,1800
5580,5.580000,0,0,1,-0.245844,detected,0.831560,-0.261021,-0.003371,5.819231,234.523,181.079,-0.075969,-0.057031,-0.477520,0.779271,1779,1473,1520,1333,1800
5600,5.600000,0,0,1,-0.250062,detected,0.831560,-0.261021,-0.003371,5.819231,234.523,181.079,-0.075969,-0.060033,-0.477520,0.779271,1779,1473,1521,1333,1800
5610,5.610000,1,0,1,-0.250113,detected,0.839958,-0.242303,-0.003201,5.787754,240.909,181.024,-0.071233,-0.061883,-0.447753,0.779399,1779,1475,1522,1343,1800
5620,5.620000,0,0,1,-0.248547,detected,0.839958,-0.242303,-0.003201,5.787754,240.909,181.024,-0.071233,-0.060732,-0.447753,0.779399,1779,1475,1521,1343,1800
5640,5.640000,0,0,1,-0.252023,detected,0.839958,-0.242303,-0.003201,5.787754,240.909,181.024,-0.071233,-0.063286,-0.447753,0.779399,1779,1475,1522,1343,1800
5643,5.643000,1,0,1,-0.253021,detected,0.847544,-0.211687,-0.005067,5.762618,251.230,181.622,-0.062795,-0.068656,-0.394712,0.777999,1778,1478,1524,1362,1800
5660,5.660000,0,0,1,-0.253513,detected,0.847544,-0.211687,-0.005067,5.762618,251.230,181.622,-0.062795,-0.069036,-0.394712,0.777999,1778,1478,1524,1362,1800
5676,5.676000,1,0,1,-0.252973,detected,0.865348,-0.164916,-0.003252,5.781636,266.743,181.041,-0.049948,-0.073615,-0.313961,0.779361,1779,1483,1526,1390,1800
5680,5.680000,0,0,1,-0.254153,detected,0.865348,-0.164916,-0.003252,5.781636,266.743,181.041,-0.049948,-0.074611,-0.313961,0.779361,1779,1483,1526,1390,1800
5700,5.700000,0,0,1,-0.258806,detected,0.865348,-0.164916,-0.003252,5.781636,266.743,181.041,-0.049948,-0.078541,-0.313961,0.779361,1779,1483,1527,1390,1800
5709,5.709000,1,0,1,-0.256983,detected,0.872502,-0.116000,0.000894,5.754912,282.713,179.714,-0.035424,-0.078557,-0.222663,0.782470,1782,1488,1527,1422,1800
5720,5.720000,0,0,1,-0.256445,detected,0.872502,-0.116000,0.000894,5.754912,282.713,179.714,-0.035424,-0.078071,-0.222663,0.782470,1782,1488,1527,1422,1800
5740,5.740000,0,0,1,-0.262704,detected,0.872502,-0.116000,0.000894,5.754912,282.713,179.714,-0.035424,-0.083722,-0.222663,0.782470,1782,1488,1529,1422,1800
5742,5.742000,1,0,1,-0.262844,detected,0.872502,-0.116000,0.000894,5.754912,282.713,179.714,-0.035424,-0.083847,-0.222663,0.782470,1782,1488,1529,1422,1800
5760,5.760000,0,0,1,-0.259990,detected,0.872502,-0.116000,0.000894,5.754912,282.713,179.714,-0.035424,-0.081272,-0.222663,0.782470,1782,1488,1528,1422,1800
5775,5.775000,1,0,1,-0.263605,detected,0.878459,-0.068985,0.006131,5.707513,297.890,178.038,-0.021210,-0.084243,-0.133321,0.786397,1786,1493,1529,1453,1800
5780,5.780000,0,0,1,-0.265638,detected,0.878459,-0.068985,0.006131,5.707513,297.890,178.038,-0.021210,-0.086181,-0.133321,0.786397,1786,1493,1530,1453,1800
5800,5.800000,0,0,1,-0.265527,detected,0.878459,-0.068985,0.006131,5.707513,297.890,178.038,-0.021210,-0.086075,-0.133321,0.786397,1786,1493,1530,1453,1800
5808,5.808000,1,0,1,-0.264816,detected,0.882302,-0.035668,0.010969,5.630167,308.581,176.490,-0.011015,-0.082878,-0.069235,0.790026,1790,1496,1529,1476,1800
5820,5.820000,0,0,1,-0.267663,detected,0.882302,-0.035668,0.010969,5.630167,308.581,176.490,-0.011015,-0.085662,-0.069235,0.790026,1790,1496,1530,1476,1800
5840,5.840000,0,0,1,-0.269492,detected,0.882302,-0.035668,0.010969,5.630167,308.581,176.490,-0.011015,-0.087449,-0.069235,0.790026,1790,1496,1531,1476,1800
5841,5.841000,1,0,1,-0.269290,detected,0.889407,-0.000040,0.016833,5.529950,319.987,174.613,-0.000013,-0.083536,-0.000079,0.794424,1794,1500,1529,1500,1800
5860,5.860000,0,0,1,-0.270054,detected,0.889407,-0.000040,0.016833,5.529950,319.987,174.613,-0.000013,-0.084301,-0.000079,0.794424,1794,1500,1530,1500,1800
5874,5.874000,1,0,1,-0.274735,detected,0.893851,0.027432,0.021948,5.410686,328.781,172.976,0.008582,-0.079360,0.053945,0.798260,1798,1503,1528,1519,1800
5880,5.880000,0,0,1,-0.275379,detected,0.893851,0.027432,0.021948,5.410686,328.781,172.976,0.008582,-0.079972,0.053945,0.798260,1798,1503,1528,1519,1800
5900,5.900000,0,0,1,-0.275452,detected,0.893851,0.027432,0.021948,5.410686,328.781,172.976,0.008582,-0.080040,0.053945,0.798260,1798,1503,1528,1519,1800
5907,5.907000,1,0,1,-0.277395,detected,0.900535,0.044412,0.030105,5.315031,334.221,170.364,0.013998,-0.071504,0.087988,0.804378,1804,1505,1525,1531,1800
5920,5.920000,0,0,1,-0.280879,detected,0.900535,0.044412,0.030105,5.315031,334.221,170.364,0.013998,-0.074688,0.087988,0.804378,1804,1505,1526,1531,1800
5940,5.940000,1,0,1,-0.279100,detected,0.911805,0.059675,0.039560,5.188225,339.119,167.334,0.019044,-0.061987,0.119706,0.811470,1811,1507,1522,1542,1800
5960,5.960000,0,0,1,-0.283269,detected,0.911805,0.059675,0.039560,5.188225,339.119,167.334,0.019044,-0.065654,0.119706,0.811470,1811,1507,1523,1542,1800
5973,5.973000,1,0,1,-0.284421,detected,0.921752,0.068873,0.049156,4.970288,342.074,164.257,0.022219,-0.054868,0.139664,0.818666,1819,1508,1519,1549,1800
5980,5.980000,0,0,1,-0.283550,detected,0.921752,0.068873,0.049156,4.970288,342.074,164.257,0.022219,-0.054146,0.139664,0.818666,1819,1508,1519,1549,1800
6000,6.000000,0,0,1,-0.285387,detected,0.921752,0.068873,0.049156,4.970288,342.074,164.257,0.022219,-0.055669,0.139664,0.818666,1819,1508,1519,1549,1800
6006,6.006000,1,0,1,-0.286820,detected,0.935561,0.075652,0.054592,4.770812,344.255,162.513,0.024772,-0.049758,0.155710,0.822743,1823,1509,1517,1554,1800
6020,6.020000,0,0,1,-0.287880,detected,0.935561,0.075652,0.054592,4.770812,344.255,162.513,0.024772,-0.050593,0.155710,0.822743,1823,1509,1518,1554,1800
6039,6.039000,1,0,1,-0.288640,detected,0.935561,0.075652,0.054592,4.770812,344.255,162.513,0.024772,-0.051192,0.155710,0.822743,1823,1509,1518,1554,1800
6040,6.040000,0,0,1,-0.288748,detected,0.935561,0.075652,0.054592,4.770812,344.255,162.513,0.024772,-0.051277,0.155710,0.822743,1823,1509,1518,1554,1800
6060,6.060000,0,0,1,-0.289353,detected,0.935561,0.075652,0.054592,4.770812,344.255,162.513,0.024772,-0.051753,0.155710,0.822743,1823,1509,1518,1554,1800
6072,6.072000,1,0,1,-0.288863,detected,0.934857,0.073468,0.062402,4.564905,343.552,160.005,0.024039,-0.042533,0.151100,0.828601,1829,1508,1515,1553,1800
6080,6.080000,0,0,1,-0.289707,detected,0.934857,0.073468,0.062402,4.564905,343.552,160.005,0.024039,-0.043159,0.151100,0.828601,1829,1508,1515,1553,1800
6100,6.100000,0,0,1,-0.292482,detected,0.934857,0.073468,0.062402,4.564905,343.552,160.005,0.024039,-0.045215,0.151100,0.828601,1829,1508,1516,1553,1800
6105,6.105000,1,0,1,-0.292226,detected,0.933879,0.067561,0.069799,4.356265,341.652,157.628,0.022083,-0.037162,0.138806,0.834148,1834,1508,1513,1549,1800
6120,6.120000,0,0,1,-0.291924,detected,0.933879,0.067561,0.069799,4.356265,341.652,157.628,0.022083,-0.036952,0.138806,0.834148,1834,1508,1513,1549,1800
6138,6.138000,1,0,1,-0.295049,detected,0.935841,0.060437,0.078577,4.167618,339.364,154.804,0.019796,-0.031238,0.124431,0.840732,1841,1507,1511,1544,1800
6140,6.140000,0,0,1,-0.295231,detected,0.935841,0.060437,0.078577,4.167618,339.364,154.804,0.019796,-0.031358,0.124431,0.840732,1841,1507,1511,1544,1800
6160,6.160000,0,0,1,-0.294457,detected,0.935841,0.060437,0.078577,4.167618,339.364,154.804,0.019796,-0.030848,0.124431,0.840732,1841,1507,1511,1544,1800
6171,6.171000,1,0,1,-0.295117,detected,0.934683,0.045719,0.084989,3.963451,334.640,152.738,0.014956,-0.025469,0.094012,0.845541,1846,1505,1509,1533,1800
6180,6.180000,0,0,1,-0.296285,detected,0.934683,0.045719,0.084989,3.963451,334.640,152.738,0.014956,-0.026194,0.094012,0.845541,1846,1505,1509,1533,1800
6200,6.200000,0,0,1,-0.297101,detected,0.934683,0.045719,0.084989,3.963451,334.640,152.738,0.014956,-0.026700,0.094012,0.845541,1846,1505,1509,1533,1800
6204,6.204000,1,0,1,-0.297043,detected,0.936193,0.032115,0.090454,3.774169,330.280,150.976,0.010523,-0.021935,0.066146,0.849640,1850,1504,1508,1523,1800
6220,6.220000,0,0,1,-0.297628,detected,0.936193,0.032115,0.090454,3.774169,330.280,150.976,0.010523,-0.022277,0.066146,0.849640,1850,1504,1508,1523,1800
6237,6.237000,1,0,1,-0.299804,detected,0.935967,0.012207,0.102079,3.488091,323.906,147.221,0.003999,-0.015068,0.025136,0.858359,1858,1501,1505,1509,1800
6240,6.240000,0,0,1,-0.299998,detected,0.935967,0.012207,0.102079,3.488091,323.906,147.221,0.003999,-0.015170,0.025136,0.858359,1858,1501,1505,1509,1800
6260,6.260000,0,0,1,-0.298606,detected,0.935967,0.012207,0.102079,3.488091,323.906,147.221,0.003999,-0.014439,0.025136,0.858359,1858,1501,1505,1509,1800
6270,6.270000,1,0,1,-0.298372,detected,0.933518,-0.000432,0.112261,3.271969,319.862,143.925,-0.000141,-0.008120,-0.000887,0.865995,1866,1500,1503,1500,1800
6280,6.280000,0,0,1,-0.299728,detected,0.933518,-0.000432,0.112261,3.271969,319.862,143.925,-0.000141,-0.008766,-0.000887,0.865995,1866,1500,1503,1500,1800
6300,6.300000,0,0,1,-0.300135,detected,0.933518,-0.000432,0.112261,3.271969,319.862,143.925,-0.000141,-0.008960,-0.000887,0.865995,1866,1500,1503,1500,1800
6303,6.303000,1,0,1,-0.299657,detected,0.934249,-0.012569,0.123005,3.071505,315.978,140.439,-0.004110,-0.003185,-0.025833,0.874053,1874,1499,1501,1491,1800
6320,6.320000,0,0,1,-0.298160,detected,0.934249,-0.012569,0.123005,3.071505,315.978,140.439,-0.004110,-0.002557,-0.025833,0.874053,1874,1499,1501,1491,1800
6336,6.336000,1,0,1,-0.300090,detected,0.934249,-0.012569,0.123005,3.071505,315.978,140.439,-0.004110,-0.003368,-0.025833,0.874053,1874,1499,1501,1491,1800
6340,6.340000,0,0,1,-0.300390,detected,0.934249,-0.012569,0.123005,3.071505,315.978,140.439,-0.004110,-0.003493,-0.025833,0.874053,1874,1499,1501,1491,1800
6360,6.360000,0,0,1,-0.299208,detected,0.934249,-0.012569,0.123005,3.071505,315.978,140.439,-0.004110,-0.002997,-0.025833,0.874053,1874,1499,1501,1491,1800
6369,6.369000,1,0,1,-0.299841,detected,0.903388,-0.034886,0.125828,2.729742,308.832,139.521,-0.011030,-0.001558,-0.069334,0.876170,1876,1496,1501,1476,1800
6380,6.380000,0,0,1,-0.301713,detected,0.903388,-0.034886,0.125828,2.729742,308.832,139.521,-0.011030,-0.002148,-0.069334,0.876170,1876,1496,1501,1476,1800
6400,6.400000,0,0,1,-0.301477,detected,0.903388,-0.034886,0.125828,2.729742,308.832,139.521,-0.011030,-0.002073,-0.069334,0.876170,1876,1496,1501,1476,1800
6402,6.402000,1,0,1,-0.301193,detected,0.903388,-0.034886,0.125828,2.729742,308.832,139.521,-0.011030,-0.001984,-0.069334,0.876170,1876,1496,1501,1476,1800
6420,6.420000,0,0,1,-0.300238,detected,0.903388,-0.034886,0.125828,2.729742,308.832,139.521,-0.011030,-0.001683,-0.069334,0.876170,1876,1496,1501,1476,1800
6435,6.435000,1,0,1,-0.301754,detected,0.898920,-0.044717,0.114812,2.558615,305.681,143.098,-0.014069,-0.004825,-0.088433,0.867908,1868,1495,1502,1469,1800
6440,6.440000,0,0,1,-0.301791,detected,0.898920,-0.044717,0.114812,2.558615,305.681,143.098,-0.014069,-0.004835,-0.088433,0.867908,1868,1495,1502,1469,1800
6460,6.460000,0,0,1,-0.299942,detected,0.898920,-0.044717,0.114812,2.558615,305.681,143.098,-0.014069,-0.004336,-0.088433,0.867908,1868,1495,1502,1469,1800
6468,6.468000,1,0,1,-0.300286,detected,0.891056,-0.053493,0.098054,2.334630,302.866,148.522,-0.016683,-0.007085,-0.104864,0.855340,1855,1494,1502,1463,1800
6480,6.480000,0,0,1,-0.301257,detected,0.891056,-0.053493,0.098054,2.334630,302.866,148.522,-0.016683,-0.007293,-0.104864,0.855340,1855,1494,1503,1463,1800
6500,6.500000,0,0,1,-0.299682,detected,0.891056,-0.053493,0.098054,2.334630,302.866,148.522,-0.016683,-0.006956,-0.104864,0.855340,1855,1494,1502,1463,1800
6501,6.501000,1,0,1,-0.299584,commit,0.881765,-0.063800,0.073243,2.099830,299.556,156.520,-0.004922,-0.010299,-0.030941,0.836732,1837,1498,1504,1489,1800
6520,6.520000,0,0,1,-0.300683,commit,0.881765,-0.063800,0.073243,2.099830,299.556,156.520,-0.004922,-0.010497,-0.030941,0.836732,1837,1498,1504,1489,1800
6534,6.534000,1,0,1,-0.300880,commit,0.642276,-0.069562,0.057638,1.878998,297.704,161.535,-0.003909,-0.006604,-0.024573,0.825028,1825,1499,1502,1491,1800
6540,6.540000,0,0,1,-0.300107,commit,0.642276,-0.069562,0.057638,1.878998,297.704,161.535,-0.003909,-0.006535,-0.024573,0.825028,1825,1499,1502,1491,1800
6560,6.560000,0,0,1,-0.300109,commit,0.642276,-0.069562,0.057638,1.878998,297.704,161.535,-0.003909,-0.006535,-0.024573,0.825028,1825,1499,1502,1491,1800
6567,6.567000,1,0,1,-0.301223,commit,0.651517,-0.068642,0.001562,1.515789,298.000,179.500,-0.003913,-0.002854,-0.024597,0.782971,1783,1499,1501,1491,1800
6580,6.580000,0,0,1,-0.301257,commit,0.651517,-0.068642,0.001562,1.515789,298.000,179.500,-0.003913,-0.002855,-0.024597,0.782971,1783,1499,1501,1491,1800
6600,6.600000,1,0,1,-0.298344,commit,0.656269,-0.020310,0.001563,1.377991,313.500,179.500,-0.001166,0.000000,-0.007331,0.782971,1783,1500,1500,1497,1800
6620,6.620000,0,0,1,-0.299745,commit,0.656269,-0.020310,0.001563,1.377991,313.500,179.500,-0.001166,0.000000,-0.007331,0.782971,1783,1500,1500,1497,1800
6633,6.633000,1,0,1,-0.299734,commit,0.647393,-0.001562,0.001562,1.352113,319.500,179.500,-0.000089,0.000000,-0.000556,0.782971,1783,1500,1500,1500,1800
6640,6.640000,0,0,1,-0.299319,commit,0.647393,-0.001562,0.001562,1.352113,319.500,179.500,-0.000089,0.000000,-0.000556,0.782971,1783,1500,1500,1500,1800
6660,6.660000,0,0,1,-0.299562,commit,0.647393,-0.001562,0.001562,1.352113,319.500,179.500,-0.000089,0.000000,-0.000556,0.782971,1783,1500,1500,1500,1800
6666,6.666000,1,0,1,-0.299766,commit,0.559224,-0.001562,0.001562,1.352113,319.500,179.500,-0.000076,0.000000,-0.000481,0.782971,1783,1500,1500,1500,1800
6680,6.680000,0,0,1,-0.299071,commit,0.559224,-0.001562,0.001562,1.352113,319.500,179.500,-0.000076,0.000000,-0.000481,0.782971,1783,1500,1500,1500,1800
6699,6.699000,1,0,1,-0.298184,commit,0.362514,-0.001563,0.001563,1.352113,319.500,179.500,-0.000050,0.000000,-0.000312,0.782971,1783,1500,1500,1500,1800
6700,6.700000,0,0,1,-0.298217,commit,0.362514,-0.001563,0.001563,1.352113,319.500,179.500,-0.000050,0.000000,-0.000312,0.782971,1783,1500,1500,1500,1800
6720,6.720000,0,0,1,-0.298871,commit,0.362514,-0.001563,0.001563,1.352113,319.500,179.500,-0.000050,0.000000,-0.000312,0.782971,1783,1500,1500,1500,1800
6732,6.732000,1,0,1,-0.298387,commit,0.362514,-0.001563,0.001563,1.352113,319.500,179.500,-0.000050,0.000000,-0.000312,0.782971,1783,1500,1500,1500,1800
6740,6.740000,0,0,1,-0.298088,commit,0.362514,-0.001563,0.001563,1.352113,319.500,179.500,-0.000050,0.000000,-0.000312,0.782971,1783,1500,1500,1500,1800
6760,6.760000,0,0,1,-0.298046,commit,0.362514,-0.001563,0.001563,1.352113,319.500,179.500,-0.000050,0.000000,-0.000312,0.782971,1783,1500,1500,1500,1800
6765,6.765000,1,0,1,-0.297880,commit,0.506922,-0.224287,-0.392570,1.748988,247.000,312.500,-0.009948,0.000000,-0.062533,0.487372,1487,1497,1500,1478,1800
6780,6.780000,0,0,1,-0.297748,commit,0.506922,-0.224287,-0.392570,1.748988,247.000,312.500,-0.009948,0.000000,-0.062533,0.487372,1487,1497,1500,1478,1800
6798,6.798000,1,0,1,-0.298865,detected,0.519402,-0.689800,-0.478535,7.714286,56.000,346.000,-0.125399,0.000000,-0.788224,0.422898,1423,1456,1500,1224,1800
6800,6.800000,0,0,1,-0.298895,detected,0.519402,-0.689800,-0.478535,7.714286,56.000,346.000,-0.125399,0.000000,-0.788224,0.422898,1423,1456,1500,1224,1800
6820,6.820000,0,0,1,-0.297650,detected,0.519402,-0.689800,-0.478535,7.714286,56.000,346.000,-0.125399,0.000000,-0.788224,0.422898,1423,1456,1500,1224,1800
6831,6.831000,1,0,1,-0.297436,detected,0.960282,-0.178657,0.009926,8.055788,262.214,176.824,-0.060046,-0.136742,-0.377434,0.789244,1789,1479,1548,1368,1800
6840,6.840000,0,0,1,-0.298308,detected,0.960282,-0.178657,0.009926,8.055788,262.214,176.824,-0.060046,-0.137749,-0.377434,0.789244,1789,1479,1548,1368,1800
6860,6.860000,0,0,1,-0.300900,detected,0.960282,-0.178657,0.009926,8.055788,262.214,176.824,-0.060046,-0.140742,-0.377434,0.789244,1789,1479,1549,1368,1800
6864,6.864000,1,0,1,-0.301249,detected,0.960271,-0.178418,0.010068,7.848383,262.293,176.778,-0.059965,-0.141025,-0.376926,0.789351,1789,1479,1549,1368,1800
6880,6.880000,0,1,2,-0.302641,detected,0.960271,-0.178418,0.010068,7.848383,262.293,176.778,-0.059965,-0.142633,-0.376926,0.789351,1789,1479,1550,1368,1800
6897,6.897000,1,1,2,-0.306553,detected,0.955678,-0.152848,0.015326,7.611840,270.704,175.095,-0.051126,-0.145379,-0.321362,0.793294,1793,1482,1551,1388,1800
6900,6.900000,0,1,2,-0.307342,detected,0.955678,-0.152848,0.015326,7.611840,270.704,175.095,-0.051126,-0.146318,-0.321362,0.793294,1793,1482,1551,1388,1800
6920,6.920000,0,1,2,-0.308361,detected,0.955678,-0.152848,0.015326,7.611840,270.704,175.095,-0.051126,-0.147531,-0.321362,0.793294,1793,1482,1552,1388,1800
6930,6.930000,1,1,2,-0.308923,detected,0.946818,-0.117156,0.023096,7.374504,282.337,172.608,-0.038824,-0.144241,-0.244037,0.799121,1799,1486,1550,1415,1800
6940,6.940000,0,1,2,-0.312207,detected,0.946818,-0.117156,0.023096,7.374504,282.337,172.608,-0.038824,-0.148298,-0.244037,0.799121,1799,1486,1552,1415,1800
6960,6.960000,0,1,2,-0.315143,detected,0.946818,-0.117156,0.023096,7.374504,282.337,172.608,-0.038824,-0.151925,-0.244037,0.799121,1799,1486,1553,1415,1800
6963,6.963000,1,1,2,-0.314842,detected,0.940937,-0.082844,0.032309,7.164922,293.429,169.657,-0.027283,-0.145407,-0.171492,0.806031,1806,1490,1551,1440,1800
6980,6.980000,0,1,2,-0.316969,detected,0.940937,-0.082844,0.032309,7.164922,293.429,169.657,-0.027283,-0.148132,-0.171492,0.806031,1806,1490,1552,1440,1800
6996,6.996000,1,1,2,-0.322408,detected,0.931862,-0.055320,0.038957,6.926961,302.279,167.527,-0.018043,-0.150059,-0.113412,0.811017,1811,1494,1553,1460,1800
7000,7.000000,0,1,2,-0.323058,detected,0.931862,-0.055320,0.038957,6.926961,302.279,167.527,-0.018043,-0.150911,-0.113412,0.811017,1811,1494,1553,1460,1800
7020,7.020000,0,1,2,-0.324306,detected,0.931862,-0.055320,0.038957,6.926961,302.279,167.527,-0.018043,-0.152549,-0.113412,0.811017,1811,1494,1553,1460,1800
7029,7.029000,1,1,2,-0.326951,detected,0.924129,-0.029859,0.044382,6.664982,310.442,165.788,-0.009658,-0.145618,-0.060706,0.815086,1815,1497,1551,1479,1800
7040,7.040000,0,1,2,-0.331000,detected,0.924129,-0.029859,0.044382,6.664982,310.442,165.788,-0.009658,-0.150812,-0.060706,0.815086,1815,1497,1553,1479,1800
7060,7.060000,0,1,2,-0.333248,detected,0.924129,-0.029859,0.044382,6.664982,310.442,165.788,-0.009658,-0.153696,-0.060706,0.815086,1815,1497,1554,1479,1800
7062,7.062000,1,1,2,-0.333389,detected,0.918854,-0.016218,0.061212,6.443019,314.810,160.388,-0.005216,-0.127960,-0.032784,0.827708,1828,1498,1545,1489,1800
7080,7.080000,0,1,2,-0.337999,detected,0.918854,-0.016218,0.061212,6.443019,314.810,160.388,-0.005216,-0.133682,-0.032784,0.827708,1828,1498,1547,1489,1800
7095,7.095000,1,1,2,-0.340862,detected,0.918854,-0.016218,0.061212,6.443019,314.810,160.388,-0.005216,-0.137234,-0.032784,0.827708,1828,1498,1548,1489,1800
7100,7.100000,0,1,2,-0.340869,detected,0.918854,-0.016218,0.061212,6.443019,314.810,160.388,-0.005216,-0.137243,-0.032784,0.827708,1828,1498,1548,1489,1800
7120,7.120000,0,1,2,-0.344595,detected,0.918854,-0.016218,0.061212,6.443019,314.810,160.388,-0.005216,-0.141867,-0.032784,0.827708,1828,1498,1550,1489,1800
7128,7.128000,1,1,2,-0.347647,detected,0.911413,-0.006010,0.071393,6.178896,318.077,157.115,-0.001917,-0.126477,-0.012050,0.835344,1835,1499,1544,1496,1800
7140,7.140000,0,1,2,-0.350251,detected,0.911413,-0.006010,0.071393,6.178896,318.077,157.115,-0.001917,-0.129549,-0.012050,0.835344,1835,1499,1545,1496,1800
7160,7.160000,0,1,2,-0.351756,detected,0.911413,-0.006010,0.071393,6.178896,318.077,157.115,-0.001917,-0.131324,-0.012050,0.835344,1835,1499,1546,1496,1800
7161,7.161000,1,1,2,-0.352039,detected,0.907921,-0.002103,0.083042,5.945415,319.327,153.365,-0.000668,-0.112211,-0.004201,0.844081,1844,1500,1539,1499,1800
7180,7.180000,0,1,2,-0.357937,detected,0.907921,-0.002103,0.083042,5.945415,319.327,153.365,-0.000668,-0.118834,-0.004201,0.844081,1844,1500,1542,1499,1800
7194,7.194000,1,1,2,-0.357556,detected,0.902267,-0.002170,0.092091,5.713890,319.306,150.447,-0.000685,-0.102084,-0.004307,0.850868,1851,1500,1536,1498,1800
7200,7.200000,0,1,2,-0.357681,detected,0.902267,-0.002170,0.092091,5.713890,319.306,150.447,-0.000685,-0.102217,-0.004307,0.850868,1851,1500,1536,1498,1800
7220,7.220000,0,1,2,-0.363554,detected,0.902267,-0.002170,0.092091,5.713890,319.306,150.447,-0.000685,-0.108436,-0.004307,0.850868,1851,1500,1538,1498,1800
7227,7.227000,1,1,2,-0.364904,detected,0.896967,-0.005589,0.101394,5.479543,318.212,147.442,-0.001755,-0.093667,-0.011029,0.857845,1858,1499,1533,1496,1800
7240,7.240000,0,1,2,-0.364116,detected,0.896967,-0.005589,0.101394,5.479543,318.212,147.442,-0.001755,-0.092885,-0.011029,0.857845,1858,1499,1533,1496,1800
7260,7.260000,1,1,2,-0.367124,detected,0.892293,-0.016044,0.113038,5.164775,314.865,143.673,-0.005011,-0.076504,-0.031496,0.866578,1867,1498,1527,1489,1800
7280,7.280000,0,1,2,-0.370623,detected,0.892293,-0.016044,0.113038,5.164775,314.865,143.673,-0.005011,-0.079653,-0.031496,0.866578,1867,1498,1528,1489,1800
7293,7.293000,1,1,2,-0.370660,detected,0.888071,-0.023914,0.123526,4.927911,312.346,140.269,-0.007433,-0.064933,-0.046722,0.874444,1874,1497,1523,1484,1800
7300,7.300000,0,1,2,-0.372085,detected,0.888071,-0.023914,0.123526,4.927911,312.346,140.269,-0.007433,-0.066119,-0.046722,0.874444,1874,1497,1523,1484,1800
7320,7.320000,0,1,2,-0.375946,detected,0.888071,-0.023914,0.123526,4.927911,312.346,140.269,-0.007433,-0.069330,-0.046722,0.874444,1874,1497,1524,1484,1800
7326,7.326000,1,1,2,-0.376022,detected,0.884155,-0.035982,0.131745,4.701764,308.481,137.596,-0.011135,-0.057487,-0.069990,0.880608,1881,1496,1520,1476,1800
7340,7.340000,0,1,2,-0.376246,detected,0.884155,-0.035982,0.131745,4.701764,308.481,137.596,-0.011135,-0.057658,-0.069990,0.880608,1881,1496,1520,1476,1800
7359,7.359000,1,1,2,-0.379887,detected,0.875414,-0.048939,0.138589,4.445563,304.327,135.365,-0.014995,-0.049666,-0.094253,0.885741,1886,1495,1517,1467,1800
7360,7.360000,0,1,2,-0.380072,detected,0.875414,-0.048939,0.138589,4.445563,304.327,135.365,-0.014995,-0.049793,-0.094253,0.885741,1886,1495,1517,1467,1800
7380,7.380000,0,1,2,-0.380343,detected,0.875414,-0.048939,0.138589,4.445563,304.327,135.365,-0.014995,-0.049979,-0.094253,0.885741,1886,1495,1517,1467,1800
7392,7.392000,1,1,2,-0.380415,detected,0.872317,-0.060558,0.146909,4.219983,300.598,132.648,-0.018489,-0.040323,-0.116216,0.891982,1892,1494,1514,1459,1800
7400,7.400000,0,1,2,-0.381538,detected,0.872317,-0.060558,0.146909,4.219983,300.598,132.648,-0.018489,-0.041026,-0.116216,0.891982,1892,1494,1514,1459,1800
7420,7.420000,0,1,2,-0.382685,detected,0.872317,-0.060558,0.146909,4.219983,300.598,132.648,-0.018489,-0.041743,-0.116216,0.891982,1892,1494,1515,1459,1800
7425,7.425000,1,1,2,-0.382070,detected,0.872317,-0.060558,0.146909,4.219983,300.598,132.648,-0.018489,-0.041359,-0.116216,0.891982,1892,1494,1514,1459,1800
7440,7.440000,0,1,2,-0.380699,detected,0.872317,-0.060558,0.146909,4.219983,300.598,132.648,-0.018489,-0.040501,-0.116216,0.891982,1892,1494,1514,1459,1800
7458,7.458000,1,1,2,-0.383640,detected,0.863799,-0.076257,0.155098,3.958274,295.550,129.967,-0.023055,-0.032808,-0.144916,0.898123,1898,1492,1511,1449,1800
7460,7.460000,0,1,2,-0.383945,detected,0.863799,-0.076257,0.155098,3.958274,295.550,129.967,-0.023055,-0.032976,-0.144916,0.898123,1898,1492,1512,1449,1800
7480,7.480000,0,1,2,-0.382784,detected,0.863799,-0.076257,0.155098,3.958274,295.550,129.967,-0.023055,-0.032336,-0.144916,0.898123,1898,1492,1511,1449,1800
7491,7.491000,1,1,2,-0.381745,detected,0.858031,-0.091153,0.160331,3.717766,290.750,128.250,-0.027374,-0.025517,-0.172067,0.902047,1902,1490,1509,1440,1800
7500,7.500000,0,1,2,-0.382501,detected,0.858031,-0.091153,0.160331,3.717766,290.750,128.250,-0.027374,-0.025885,-0.172067,0.902047,1902,1490,1509,1440,1800
7520,7.520000,0,1,2,-0.383914,detected,0.858031,-0.091153,0.160331,3.717766,290.750,128.250,-0.027374,-0.026574,-0.172067,0.902047,1902,1490,1509,1440,1800
7524,7.524000,1,1,2,-0.383426,detected,0.849877,-0.106209,0.166941,3.466210,285.885,126.077,-0.031593,-0.020030,-0.198583,0.907005,1907,1489,1507,1430,1800
7540,7.540000,0,1,2,-0.381937,detected,0.849877,-0.106209,0.166941,3.466210,285.885,126.077,-0.031593,-0.019401,-0.198583,0.907005,1907,1489,1507,1430,1800
7557,7.557000,1,1,2,-0.383345,detected,0.842543,-0.122224,0.177674,3.229878,280.692,122.538,-0.036043,-0.013302,-0.226554,0.915055,1915,1487,1505,1421,1800
7560,7.560000,0,1,2,-0.383466,detected,0.842543,-0.122224,0.177674,3.229878,280.692,122.538,-0.036043,-0.013346,-0.226554,0.915055,1915,1487,1505,1421,1800
7580,7.580000,0,1,2,-0.382549,detected,0.842543,-0.122224,0.177674,3.229878,280.692,122.538,-0.036043,-0.013012,-0.226554,0.915055,1915,1487,1505,1421,1800
7590,7.590000,1,1,2,-0.382218,detected,0.830603,-0.140971,0.183543,2.986952,274.588,120.598,-0.040982,-0.008977,-0.257601,0.919457,1919,1486,1503,1410,1800
7600,7.600000,0,1,2,-0.382158,detected,0.830603,-0.140971,0.183543,2.986952,274.588,120.598,-0.040982,-0.008959,-0.257601,0.919457,1919,1486,1503,1410,1800
7620,7.620000,0,1,2,-0.381818,detected,0.830603,-0.140971,0.183543,2.986952,274.588,120.598,-0.040982,-0.008856,-0.257601,0.919457,1919,1486,1503,1410,1800
7623,7.623000,1,1,2,-0.381736,detected,0.820152,-0.158745,0.171384,2.870371,268.771,124.614,-0.045568,-0.011183,-0.286429,0.910337,1910,1484,1504,1400,1800
7640,7.640000,0,1,2,-0.381226,detected,0.820152,-0.158745,0.171384,2.870371,268.771,124.614,-0.045568,-0.011045,-0.286429,0.910337,1910,1484,1504,1400,1800
7656,7.656000,1,1,2,-0.380170,detected,0.808630,-0.184312,0.152507,2.730113,260.343,130.816,-0.052164,-0.013669,-0.327888,0.896179,1896,1482,1505,1385,1800
7660,7.660000,0,1,2,-0.379756,detected,0.808630,-0.184312,0.152507,2.730113,260.343,130.816,-0.052164,-0.013572,-0.327888,0.896179,1896,1482,1505,1385,1800
7680,7.680000,0,1,2,-0.379013,detected,0.808630,-0.184312,0.152507,2.730113,260.343,130.816,-0.052164,-0.013399,-0.327888,0.896179,1896,1482,1505,1385,1800
7689,7.689000,1,1,2,-0.378980,detected,0.797716,-0.205857,0.129345,2.587838,253.179,138.377,-0.057475,-0.016059,-0.361274,0.878808,1879,1480,1506,1374,1800
7700,7.700000,0,1,2,-0.377993,detected,0.797716,-0.205857,0.129345,2.587838,253.179,138.377,-0.057475,-0.015862,-0.361274,0.878808,1879,1480,1506,1374,1800
7720,7.720000,0,1,2,-0.375134,detected,0.797716,-0.205857,0.129345,2.587838,253.179,138.377,-0.057475,-0.015292,-0.361274,0.878808,1879,1480,1505,1374,1800
7722,7.722000,1,1,2,-0.374936,detected,0.781451,-0.230836,0.099223,2.429531,244.792,148.144,-0.063135,-0.017398,-0.396851,0.856217,1856,1478,1506,1361,1800
7740,7.740000,0,1,2,-0.374526,detected,0.781451,-0.230836,0.099223,2.429531,244.792,148.144,-0.063135,-0.017331,-0.396851,0.856217,1856,1478,1506,1361,1800
7755,7.755000,1,1,2,-0.372665,detected,0.796058,-0.183720,0.009560,2.391072,260.539,176.941,-0.051188,-0.027399,-0.321755,0.788969,1789,1482,1510,1387,1800
7760,7.760000,0,1,2,-0.371503,detected,0.796058,-0.183720,0.009560,2.391072,260.539,176.941,-0.051188,-0.027399,-0.321755,0.788969,1789,1482,1510,1387,1800
7780,7.780000,0,1,2,-0.369930,detected,0.796058,-0.183720,0.009560,2.391072,260.539,176.941,-0.051188,-0.027399,-0.321755,0.788969,1789,1482,1510,1387,1800
7788,7.788000,1,1,2,-0.370312,detected,0.613768,-0.192884,0.001562,2.406685,257.500,179.500,-0.041435,-0.021183,-0.260450,0.782971,1783,1485,1507,1409,1800
7800,7.800000,0,1,2,-0.369038,detected,0.613768,-0.192884,0.001562,2.406685,257.500,179.500,-0.041435,-0.021183,-0.260450,0.782971,1783,1485,1507,1409,1800
7820,7.820000,0,1,2,-0.365491,detected,0.613768,-0.192884,0.001562,2.406685,257.500,179.500,-0.041435,-0.021183,-0.260450,0.782971,1783,1485,1507,1409,1800
7821,7.821000,1,1,2,-0.365479,detected,0.613768,-0.192884,0.001562,2.406685,257.500,179.500,-0.041435,-0.021183,-0.260450,0.782971,1783,1485,1507,1409,1800
7840,7.840000,0,1,2,-0.365905,detected,0.613768,-0.192884,0.001562,2.406685,257.500,179.500,-0.041435,-0.021183,-0.260450,0.782971,1783,1485,1507,1409,1800
7854,7.854000,1,1,2,-0.362478,commit,0.681015,-0.247918,0.001563,2.107317,239.000,179.500,-0.014773,-0.017514,-0.092860,0.782971,1783,1495,1506,1467,1800
7860,7.860000,0,1,2,-0.361154,commit,0.681015,-0.247918,0.001563,2.107317,239.000,179.500,-0.014773,-0.017514,-0.092860,0.782971,1783,1495,1506,1467,1800
7880,7.880000,0,1,2,-0.361779,commit,0.681015,-0.247918,0.001563,2.107317,239.000,179.500,-0.014773,-0.017514,-0.092860,0.782971,1783,1495,1506,1467,1800
7887,7.887000,1,1,2,-0.361408,commit,0.734228,-0.295752,0.001563,1.941573,222.500,179.500,-0.019001,-0.013397,-0.119432,0.782971,1783,1493,1505,1458,1800
7900,7.900000,0,1,2,-0.357942,commit,0.734228,-0.295752,0.001563,1.941573,222.500,179.500,-0.019001,-0.013397,-0.119432,0.782971,1783,1493,1505,1458,1800
7920,7.920000,1,1,2,-0.355756,commit,0.734228,-0.295752,0.001563,1.941573,222.500,179.500,-0.019001,-0.013397,-0.119432,0.782971,1783,1493,1505,1458,1800
7940,7.940000,0,1,2,-0.356236,commit,0.734228,-0.295752,0.001563,1.941573,222.500,179.500,-0.019001,-0.013397,-0.119432,0.782971,1783,1493,1505,1458,1800
7953,7.953000,1,1,2,-0.353384,commit,0.846704,-0.307150,0.001563,1.977117,218.500,179.500,-0.022756,-0.016153,-0.143036,0.782971,1783,1492,1506,1450,1800
7960,7.960000,0,1,2,-0.352282,commit,0.846704,-0.307150,0.001563,1.977117,218.500,179.500,-0.022756,-0.016153,-0.143036,0.782971,1783,1492,1506,1450,1800
7980,7.980000,0,1,2,-0.352348,commit,0.846704,-0.307150,0.001563,1.977117,218.500,179.500,-0.022756,-0.016153,-0.143036,0.782971,1783,1492,1506,1450,1800
7986,7.986000,1,1,2,-0.352434,commit,0.952283,-0.345002,0.001562,2.107317,205.000,179.500,-0.028747,-0.020844,-0.180697,0.782971,1783,1490,1507,1437,1800
8000,8.000000,0,1,2,-0.351321,commit,0.952283,-0.345002,0.001562,2.107317,205.000,179.500,-0.028747,-0.020844,-0.180697,0.782971,1783,1490,1507,1437,1800
8019,8.019000,1,1,2,-0.350542,detected,0.992039,-0.608626,0.001563,2.406686,97.000,179.500,-0.211323,-0.014108,-1.200000,0.782971,1783,1426,1505,1080,1800
8020,8.020000,0,1,2,-0.350544,detected,0.992039,-0.608626,0.001563,2.406686,97.000,179.500,-0.211323,-0.014108,-1.200000,0.782971,1783,1426,1505,1080,1800
8040,8.040000,0,1,2,-0.349485,detected,0.992039,-0.608626,0.001563,2.406686,97.000,179.500,-0.211323,-0.014108,-1.200000,0.782971,1783,1426,1505,1080,1800
8052,8.052000,1,1,2,-0.347307,detected,0.878178,0.066702,0.059910,7.973659,341.376,160.806,0.020502,-0.144322,0.128869,0.826732,1827,1507,1551,1545,1800
8060,8.060000,0,1,2,-0.345711,detected,0.878178,0.066702,0.059910,7.973659,341.376,160.806,0.020502,-0.142375,0.128869,0.826732,1827,1507,1550,1545,1800
8080,8.080000,0,1,2,-0.343830,detected,0.878178,0.066702,0.059910,7.973659,341.376,160.806,0.020502,-0.140081,0.128869,0.826732,1827,1507,1549,1545,1800
8085,8.085000,1,1,2,-0.343282,detected,0.870153,0.096266,0.058770,7.672902,350.901,161.172,0.029318,-0.134567,0.184286,0.825877,1826,1510,1547,1564,1800
8100,8.100000,0,1,2,-0.339532,detected,0.870153,0.096266,0.058770,7.672902,350.901,161.172,0.029318,-0.130195,0.184286,0.825877,1826,1510,1546,1564,1800
8118,8.118000,1,1,2,-0.335702,detected,0.870153,0.096266,0.058770,7.672902,350.901,161.172,0.029318,-0.125731,0.184286,0.825877,1826,1510,1544,1564,1800
8120,8.120000,0,1,2,-0.335544,detected,0.870153,0.096266,0.058770,7.672902,350.901,161.172,0.029318,-0.125546,0.184286,0.825877,1826,1510,1544,1564,1800
8140,8.140000,0,1,2,-0.333869,detected,0.870153,0.096266,0.058770,7.672902,350.901,161.172,0.029318,-0.123594,0.184286,0.825877,1826,1510,1543,1564,1800
8151,8.151000,1,1,2,-0.331968,detected,0.858368,0.151584,0.061526,7.260753,368.882,160.287,0.045540,-0.108543,0.286252,0.827944,1828,1516,1538,1600,1800
8160,8.160000,0,1,2,-0.330987,detected,0.858368,0.151584,0.061526,7.260753,368.882,160.287,0.045540,-0.107492,0.286252,0.827944,1828,1516,1538,1600,1800
8180,8.180000,0,1,2,-0.331227,detected,0.858368,0.151584,0.061526,7.260753,368.882,160.287,0.045540,-0.107749,0.286252,0.827944,1828,1516,1538,1600,1800
8184,8.184000,1,1,2,-0.331146,detected,0.853540,0.183847,0.067156,6.960781,379.503,158.478,0.054922,-0.096706,0.345226,0.832166,1832,1519,1534,1621,1800
8200,8.200000,0,1,2,-0.329936,detected,0.853540,0.183847,0.067156,6.960781,379.503,158.478,0.054922,-0.095474,0.345226,0.832166,1832,1519,1533,1621,1800
8217,8.217000,1,1,2,-0.329500,detected,0.846655,0.198339,0.072277,6.713253,384.314,156.831,0.058774,-0.084322,0.369434,0.836007,1836,1521,1530,1629,1800
8220,8.220000,0,1,2,-0.329709,detected,0.846655,0.198339,0.072277,6.713253,384.314,156.831,0.058774,-0.084521,0.369434,0.836007,1836,1521,1530,1629,1800
8240,8.240000,0,1,2,-0.333817,detected,0.846655,0.198339,0.072277,6.713253,384.314,156.831,0.058774,-0.088450,0.369434,0.836007,1836,1521,1531,1629,1800
8250,8.250000,1,1,2,-0.335281,detected,0.839047,0.197688,0.073847,6.442894,384.097,156.326,0.058054,-0.083178,0.364913,0.837184,1837,1520,1529,1628,1800
8260,8.260000,0,1,2,-0.335537,detected,0.839047,0.197688,0.073847,6.442894,384.097,156.326,0.058054,-0.083409,0.364913,0.837184,1837,1520,1529,1628,1800
8280,8.280000,0,1,2,-0.338359,detected,0.839047,0.197688,0.073847,6.442894,384.097,156.326,0.058054,-0.085949,0.364913,0.837184,1837,1520,1530,1628,1800
8283,8.283000,1,1,2,-0.339293,detected,0.838770,0.183081,0.076065,6.268646,379.249,155.612,0.053747,-0.083539,0.337839,0.838848,1839,1519,1529,1618,1800
8300,8.300000,0,1,2,-0.343645,detected,0.838770,0.183081,0.076065,6.268646,379.249,155.612,0.053747,-0.087400,0.337839,0.838848,1839,1519,1531,1618,1800
8316,8.316000,1,1,2,-0.346522,detected,0.837163,0.155142,0.078956,6.096457,370.048,154.681,0.045458,-0.087413,0.285733,0.841017,1841,1516,1531,1600,1800
8320,8.320000,0,1,2,-0.347663,detected,0.837163,0.155142,0.078956,6.096457,370.048,154.681,0.045458,-0.088425,0.285733,0.841017,1841,1516,1531,1600,1800
8340,8.340000,0,1,2,-0.354635,detected,0.837163,0.155142,0.078956,6.096457,370.048,154.681,0.045458,-0.094613,0.285733,0.841017,1841,1516,1533,1600,1800
8349,8.349000,1,1,2,-0.357378,detected,0.835718,0.115751,0.080823,5.921788,357.207,154.080,0.033857,-0.096533,0.212818,0.842416,1842,1512,1534,1574,1800
8360,8.360000,0,1,2,-0.360034,detected,0.835718,0.115751,0.080823,5.921788,357.207,154.080,0.033857,-0.098918,0.212818,0.842416,1842,1512,1535,1574,1800
8380,8.380000,0,1,2,-0.364865,detected,0.835718,0.115751,0.080823,5.921788,357.207,154.080,0.033857,-0.103257,0.212818,0.842416,1842,1512,1536,1574,1800
8382,8.382000,1,1,2,-0.365489,detected,0.831493,0.071202,0.081335,5.723740,342.823,153.915,0.020721,-0.103917,0.130248,0.842800,1843,1507,1536,1546,1800
8400,8.400000,0,1,2,-0.371414,detected,0.831493,0.071202,0.081335,5.723740,342.823,153.915,0.020721,-0.109267,0.130248,0.842800,1843,1507,1538,1546,1800
8415,8.415000,1,1,2,-0.375248,detected,0.828258,0.025814,0.084999,5.534779,328.262,152.735,0.007483,-0.109938,0.047038,0.845549,1846,1503,1538,1516,1800
8420,8.420000,0,1,2,-0.376596,detected,0.828258,0.025814,0.084999,5.534779,328.262,152.735,0.007483,-0.111161,0.047038,0.845549,1846,1503,1539,1516,1800
8440,8.440000,0,1,2,-0.382234,detected,0.828258,0.025814,0.084999,5.534779,328.262,152.735,0.007483,-0.116276,0.047038,0.845549,1846,1503,1541,1516,1800
8448,8.448000,1,1,2,-0.384346,detected,0.824597,-0.016355,0.087613,5.320184,314.766,151.892,-0.004720,-0.110508,-0.029670,0.847509,1848,1498,1539,1490,1800
8460,8.460000,0,1,2,-0.387887,detected,0.824597,-0.016355,0.087613,5.320184,314.766,151.892,-0.004720,-0.113573,-0.029670,0.847509,1848,1498,1540,1490,1800
8480,8.480000,0,1,2,-0.392250,detected,0.824597,-0.016355,0.087613,5.320184,314.766,151.892,-0.004720,-0.117349,-0.029670,0.847509,1848,1498,1541,1490,1800
8481,8.481000,1,1,2,-0.392413,detected,0.824597,-0.016355,0.087613,5.320184,314.766,151.892,-0.004720,-0.117491,-0.029670,0.847509,1848,1498,1541,1490,1800
8500,8.500000,0,1,2,-0.396547,detected,0.824597,-0.016355,0.087613,5.320184,314.766,151.892,-0.004720,-0.121069,-0.029670,0.847509,1848,1498,1542,1490,1800
8514,8.514000,1,1,2,-0.400289,detected,0.825410,-0.054213,0.092620,5.120716,302.635,150.277,-0.015662,-0.109097,-0.098446,0.851264,1851,1495,1538,1466,1800
8520,8.520000,0,1,2,-0.401461,detected,0.825410,-0.054213,0.092620,5.120716,302.635,150.277,-0.015662,-0.110021,-0.098446,0.851264,1851,1495,1539,1466,1800
8540,8.540000,0,1,2,-0.403723,detected,0.825410,-0.054213,0.092620,5.120716,302.635,150.277,-0.015662,-0.111801,-0.098446,0.851264,1851,1495,1539,1466,1800
8547,8.547000,1,1,2,-0.405100,detected,0.816391,-0.097870,0.098080,4.852730,288.581,148.514,-0.027965,-0.094521,-0.175781,0.855359,1855,1490,1533,1438,1800
8560,8.560000,0,1,2,-0.408522,detected,0.816391,-0.097870,0.098080,4.852730,288.581,148.514,-0.027965,-0.096865,-0.175781,0.855359,1855,1490,1534,1438,1800
8580,8.580000,1,1,2,-0.410769,detected,0.811285,-0.131396,0.099648,4.598608,277.709,148.007,-0.037310,-0.085858,-0.234520,0.856535,1857,1487,1530,1418,1800
8600,8.600000,0,1,2,-0.412142,detected,0.811285,-0.131396,0.099648,4.598608,277.709,148.007,-0.037310,-0.086688,-0.234520,0.856535,1857,1487,1530,1418,1800
8613,8.613000,1,1,2,-0.413688,detected,0.805927,-0.154421,0.102477,4.423564,270.189,147.092,-0.043558,-0.078257,-0.273794,0.858657,1859,1485,1527,1404,1800
8620,8.620000,0,1,2,-0.414263,detected,0.805927,-0.154421,0.102477,4.423564,270.189,147.092,-0.043558,-0.078574,-0.273794,0.858657,1859,1485,1528,1404,1800
8640,8.640000,0,1,2,-0.416002,detected,0.805927,-0.154421,0.102477,4.423564,270.189,147.092,-0.043558,-0.079531,-0.273794,0.858657,1859,1485,1528,1404,1800
8646,8.646000,1,1,2,-0.416515,detected,0.796152,-0.187702,0.101339,4.122404,259.220,147.460,-0.052304,-0.068356,-0.328766,0.857804,1858,1482,1524,1385,1800
8660,8.660000,0,1,2,-0.417417,detected,0.796152,-0.187702,0.101339,4.122404,259.220,147.460,-0.052304,-0.068778,-0.328766,0.857804,1858,1482,1524,1385,1800
8679,8.679000,1,1,2,-0.417407,detected,0.786700,-0.211477,0.101652,3.874079,251.300,147.359,-0.058229,-0.059570,-0.366012,0.858038,1858,1480,1521,1372,1800
8680,8.680000,0,1,2,-0.417393,detected,0.786700,-0.211477,0.101652,3.874079,251.300,147.359,-0.058229,-0.059564,-0.366012,0.858038,1858,1480,1521,1372,1800
8700,8.700000,0,1,2,-0.418086,detected,0.786700,-0.211477,0.101652,3.874079,251.300,147.359,-0.058229,-0.059845,-0.366012,0.858038,1858,1480,1521,1372,1800
8712,8.712000,1,1,2,-0.418091,detected,0.775399,-0.232290,0.098030,3.576342,244.301,148.530,-0.063041,-0.051557,-0.396259,0.855322,1855,1478,1518,1361,1800
8720,8.720000,0,1,2,-0.417258,detected,0.775399,-0.232290,0.098030,3.576342,244.301,148.530,-0.063041,-0.051273,-0.396259,0.855322,1855,1478,1518,1361,1800
8740,8.740000,0,1,2,-0.414358,detected,0.775399,-0.232290,0.098030,3.576342,244.301,148.530,-0.063041,-0.050283,-0.396259,0.855322,1855,1478,1518,1361,1800
8745,8.745000,1,1,2,-0.413942,detected,0.775399,-0.232290,0.098030,3.576342,244.301,148.530,-0.063041,-0.050141,-0.396259,0.855322,1855,1478,1518,1361,1800
8760,8.760000,0,1,2,-0.413456,detected,0.775399,-0.232290,0.098030,3.576342,244.301,148.530,-0.063041,-0.049975,-0.396259,0.855322,1855,1478,1517,1361,1800
8778,8.778000,1,1,2,-0.410422,detected,0.766216,-0.243660,0.088574,3.298476,240.448,151.582,-0.065344,-0.044202,-0.410731,0.848230,1848,1477,1515,1356,1800
8780,8.780000,0,1,2,-0.409938,detected,0.766216,-0.243660,0.088574,3.298476,240.448,151.582,-0.065344,-0.044062,-0.410731,0.848230,1848,1477,1515,1356,1800
8800,8.800000,0,1,2,-0.406145,detected,0.766216,-0.243660,0.088574,3.298476,240.448,151.582,-0.065344,-0.042965,-0.410731,0.848230,1848,1477,1515,1356,1800
8811,8.811000,1,1,2,-0.404205,detected,0.753238,-0.248830,0.079453,3.061866,238.689,154.521,-0.065600,-0.038455,-0.412343,0.841389,1841,1477,1513,1356,1800
8820,8.820000,0,1,2,-0.402174,detected,0.753238,-0.248830,0.079453,3.061866,238.689,154.521,-0.065600,-0.037954,-0.412343,0.841389,1841,1477,1513,1356,1800
8840,8.840000,0,1,2,-0.397774,detected,0.753238,-0.248830,0.079453,3.061866,238.689,154.521,-0.065600,-0.036867,-0.412343,0.841389,1841,1477,1513,1356,1800
8844,8.844000,1,1,2,-0.397215,detected,0.739988,-0.292332,0.086077,2.820398,223.695,152.387,-0.075713,-0.027498,-0.475909,0.846357,1846,1474,1510,1333,1800
8860,8.860000,0,1,2,-0.394554,detected,0.739988,-0.292332,0.086077,2.820398,223.695,152.387,-0.075713,-0.026983,-0.475909,0.846357,1846,1474,1509,1333,1800
8877,8.877000,1,1,2,-0.389222,detected,0.736778,-0.295752,0.054633,2.658462,222.500,162.500,-0.076266,-0.027164,-0.479387,0.822774,1823,1473,1510,1332,1800
8880,8.880000,0,1,2,-0.388441,detected,0.736778,-0.295752,0.054633,2.658462,222.500,162.500,-0.076266,-0.027164,-0.479387,0.822774,1823,1473,1510,1332,1800
8900,8.900000,0,1,2,-0.384533,detected,0.736778,-0.295752,0.054633,2.658462,222.500,162.500,-0.076266,-0.027164,-0.479387,0.822774,1823,1473,1510,1332,1800
8910,8.910000,1,1,2,-0.381025,detected,0.732737,-0.325709,0.029721,2.528973,211.924,170.486,-0.083531,-0.023034,-0.525049,0.804090,1804,1471,1508,1316,1800
8920,8.920000,0,1,2,-0.377312,detected,0.732737,-0.325709,0.029721,2.528973,211.924,170.486,-0.083531,-0.023034,-0.525049,0.804090,1804,1471,1508,1316,1800
8940,8.940000,0,1,2,-0.372016,detected,0.732737,-0.325709,0.029721,2.528973,211.924,170.486,-0.083531,-0.023034,-0.525049,0.804090,1804,1471,1508,1316,1800
8943,8.943000,1,1,2,-0.371082,detected,0.723588,-0.347125,0.002140,2.358798,204.232,179.315,-0.087912,-0.018597,-0.552587,0.783404,1783,1469,1507,1307,1800
8960,8.960000,0,1,2,-0.363785,detected,0.723588,-0.347125,0.002140,2.358798,204.232,179.315,-0.087912,-0.018597,-0.552587,0.783404,1783,1469,1507,1307,1800
8976,8.976000,1,1,2,-0.357159,detected,0.742262,-0.377536,0.000810,2.294627,193.101,179.741,-0.098081,-0.016821,-0.616507,0.782407,1782,1466,1506,1284,1800
8980,8.980000,0,1,2,-0.355588,detected,0.742262,-0.377536,0.000810,2.294627,193.101,179.741,-0.098081,-0.016821,-0.616507,0.782407,1782,1466,1506,1284,1800
9000,9.000000,0,1,2,-0.346728,detected,0.742262,-0.377536,0.000810,2.294627,193.101,179.741,-0.098081,-0.016821,-0.616507,0.782407,1782,1466,1506,1284,1800
9009,9.009000,1,1,2,-0.342250,detected,0.742262,-0.377536,0.000810,2.294627,193.101,179.741,-0.098081,-0.016821,-0.616507,0.782407,1782,1466,1506,1284,1800
9020,9.020000,0,1,2,-0.336710,detected,0.742262,-0.377536,0.000810,2.294627,193.101,179.741,-0.098081,-0.016821,-0.616507,0.782407,1782,1466,1506,1284,1800
9040,9.040000,0,1,2,-0.327106,detected,0.742262,-0.377536,0.000810,2.294627,193.101,179.741,-0.098081,-0.016530,-0.616507,0.782407,1782,1466,1506,1284,1800
9042,9.042000,1,1,2,-0.326015,detected,0.769854,-0.388378,0.013345,2.214688,189.069,175.729,-0.104648,-0.013964,-0.657787,0.791808,1792,1463,1505,1270,1800
9060,9.060000,0,1,2,-0.314910,detected,0.769854,-0.388378,0.013345,2.214688,189.069,175.729,-0.104648,-0.012884,-0.657787,0.791808,1792,1463,1505,1270,1800
9075,9.075000,1,1,2,-0.305859,commit,0.760729,-0.500893,0.022101,2.096532,144.812,172.926,-0.033341,-0.008452,-0.209574,0.798375,1798,1488,1503,1427,1800
9080,9.080000,0,1,2,-0.302869,commit,0.760729,-0.500893,0.022101,2.096532,144.812,172.926,-0.033341,-0.008232,-0.209574,0.798375,1798,1488,1503,1427,1800
9100,9.100000,0,1,2,-0.289439,commit,0.760729,-0.500893,0.022101,2.096532,144.812,172.926,-0.033341,-0.007242,-0.209574,0.798375,1798,1488,1503,1427,1800
9108,9.108000,1,1,2,-0.283867,commit,0.766709,-0.619840,-0.020524,2.090259,91.626,186.569,-0.041583,-0.006992,-0.261380,0.766406,1766,1485,1502,1409,1800
9120,9.120000,0,1,2,-0.276389,commit,0.766709,-0.619840,-0.020524,2.090259,91.626,186.569,-0.041583,-0.006606,-0.261380,0.766406,1766,1485,1502,1409,1800
9140,9.140000,0,1,2,-0.265776,commit,0.766709,-0.619840,-0.020524,2.090259,91.626,186.569,-0.041583,-0.006057,-0.261380,0.766406,1766,1485,1502,1409,1800
9141,9.141000,1,1,2,-0.265181,detected,0.761780,-0.587281,0.001563,2.406686,107.000,179.500,-0.156583,-0.006871,-0.984234,0.782971,1783,1445,1502,1156,1800
9160,9.160000,0,1,2,-0.252642,detected,0.761780,-0.587281,0.001563,2.406686,107.000,179.500,-0.156583,-0.005960,-0.984234,0.782971,1783,1445,1502,1156,1800
9174,9.174000,1,1,2,-0.246162,detected,0.747576,-0.598031,0.001562,2.406685,102.000,179.500,-0.156476,-0.005202,-0.983562,0.782971,1783,1445,1502,1156,1800
9180,9.180000,0,1,2,-0.243588,detected,0.747576,-0.598031,0.001562,2.406685,102.000,179.500,-0.156476,-0.005024,-0.983562,0.782971,1783,1445,1502,1156,1800
9200,9.200000,0,1,2,-0.227908,detected,0.747576,-0.598031,0.001562,2.406685,102.000,179.500,-0.156476,-0.003945,-0.983562,0.782971,1783,1445,1501,1156,1800
9207,9.207000,1,1,2,-0.221554,detected,0.495133,-0.617407,-0.038205,2.200208,92.800,192.231,-0.106995,-0.003077,-0.672537,0.753146,1753,1463,1501,1265,1800
9220,9.220000,0,1,2,-0.210821,detected,0.495133,-0.617407,-0.038205,2.200208,92.800,192.231,-0.106995,-0.002713,-0.672537,0.753146,1753,1463,1501,1265,1800
9240,9.240000,1,1,2,-0.190616,detected,0.495133,-0.617407,-0.038205,2.200208,92.800,192.231,-0.106995,-0.002027,-0.672537,0.753146,1753,1463,1501,1265,1800
9260,9.260000,0,1,2,-0.168530,detected,0.495133,-0.617407,-0.038205,2.200208,92.800,192.231,-0.106995,-0.001278,-0.672537,0.753146,1753,1463,1500,1265,1800
9273,9.273000,1,1,2,-0.155691,detected,0.497068,-0.608014,-0.085057,2.330018,97.291,207.284,-0.105778,-0.002932,-0.664892,0.718006,1718,1463,1501,1267,1800
9280,9.280000,0,1,2,-0.148109,detected,0.497068,-0.608014,-0.085057,2.330018,97.291,207.284,-0.105778,-0.002622,-0.664892,0.718006,1718,1463,1501,1267,1800
9300,9.300000,0,1,2,-0.125702,detected,0.497068,-0.608014,-0.085057,2.330018,97.291,207.284,-0.105778,-0.001705,-0.664892,0.718006,1718,1463,1501,1267,1800
9306,9.306000,1,1,2,-0.119627,detected,0.478105,-0.597837,-0.127360,2.424278,102.091,220.977,-0.100040,-0.003494,-0.628824,0.686279,1686,1465,1501,1280,1800
9320,9.320000,0,1,2,-0.106387,detected,0.478105,-0.597837,-0.127360,2.424278,102.091,220.977,-0.100040,-0.002900,-0.628824,0.686279,1686,1465,1501,1280,1800
9339,9.339000,1,1,2,-0.086428,detected,0.450465,-0.582907,-0.200217,2.586173,109.014,244.939,-0.091903,-0.006037,-0.577674,0.631637,1632,1468,1502,1298,1800
9340,9.340000,0,1,2,-0.085348,detected,0.450465,-0.582907,-0.200217,2.586173,109.014,244.939,-0.091903,-0.005981,-0.577674,0.631637,1632,1468,1502,1298,1800
9360,9.360000,0,1,2,-0.066112,detected,0.450465,-0.582907,-0.200217,2.586173,109.014,244.939,-0.091903,-0.004994,-0.577674,0.631637,1632,1468,1502,1298,1800
9372,9.372000,1,1,2,-0.055219,detected,0.434871,-0.575348,-0.243224,2.691488,112.467,259.404,-0.087571,-0.007148,-0.550445,0.599381,1599,1469,1503,1307,1800
9380,9.380000,0,1,2,-0.047140,detected,0.434871,-0.575348,-0.243224,2.691488,112.467,259.404,-0.087571,-0.006702,-0.550445,0.599381,1599,1469,1502,1307,1800
9400,9.400000,0,1,2,-0.028440,detected,0.434871,-0.575348,-0.243224,2.691488,112.467,259.404,-0.087571,-0.005669,-0.550445,0.599381,1599,1469,1502,1307,1800
9405,9.405000,1,1,2,-0.024127,detected,0.433689,-0.503443,-0.183205,2.681469,143.750,239.291,-0.076418,-0.002556,-0.480343,0.644395,1644,1473,1501,1332,1800
9420,9.420000,0,1,2,-0.010453,detected,0.433689,-0.503443,-0.183205,2.681469,143.750,239.291,-0.076418,-0.001642,-0.480343,0.644395,1644,1473,1501,1332,1800
9438,9.438000,1,1,2,0.005950,detected,0.434915,-0.492337,-0.208774,2.721659,148.354,247.796,-0.074944,-0.002397,-0.471075,0.625219,1625,1474,1501,1335,1800
9440,9.440000,0,1,2,0.007652,detected,0.434915,-0.492337,-0.208774,2.721659,148.354,247.796,-0.074944,-0.002276,-0.471075,0.625219,1625,1474,1501,1335,1800
9460,9.460000,0,1,2,0.024510,detected,0.434915,-0.492337,-0.208774,2.721659,148.354,247.796,-0.074944,-0.001079,-0.471075,0.625219,1625,1474,1500,1335,1800
9471,9.471000,1,1,2,0.033569,detected,0.437054,-0.484191,-0.237820,2.751217,151.696,257.570,-0.074066,-0.002618,-0.465559,0.603435,1603,1474,1501,1337,1800
9480,9.480000,0,1,2,0.041140,detected,0.437054,-0.484191,-0.237820,2.751217,151.696,257.570,-0.074066,-0.002055,-0.465559,0.603435,1603,1474,1501,1337,1800
9500,9.500000,0,1,2,0.056694,detected,0.437054,-0.484191,-0.237820,2.751217,151.696,257.570,-0.074066,-0.000897,-0.465559,0.603435,1603,1474,1500,1337,1800
9504,9.504000,1,1,2,0.059441,detected,0.437054,-0.484191,-0.237820,2.751217,151.696,257.570,-0.074066,-0.000693,-0.465559,0.603435,1603,1474,1500,1337,1800
9520,9.520000,0,1,2,0.071928,detected,0.437054,-0.484191,-0.237820,2.751217,151.696,257.570,-0.074066,0.000000,-0.465559,0.603435,1603,1474,1500,1337,1800
9537,9.537000,1,1,2,0.085541,detected,0.454082,-0.495617,-0.278506,2.938776,147.000,271.500,-0.078768,-0.002046,-0.495111,0.572920,1573,1472,1501,1327,1800
9540,9.540000,0,1,2,0.087270,detected,0.454082,-0.495617,-0.278506,2.938776,147.000,271.500,-0.078768,-0.001898,-0.495111,0.572920,1573,1472,1501,1327,1800
9560,9.560000,0,1,2,0.099811,detected,0.454082,-0.495617,-0.278506,2.938776,147.000,271.500,-0.078768,-0.000824,-0.495111,0.572920,1573,1472,1500,1327,1800
9570,9.570000,1,1,2,0.109111,detected,0.474036,-0.494407,-0.295752,2.928814,147.500,277.500,-0.082028,-0.001565,-0.515606,0.559986,1560,1471,1501,1320,1800
9580,9.580000,0,1,2,0.116448,detected,0.474036,-0.494407,-0.295752,2.928814,147.500,277.500,-0.082028,-0.000912,-0.515606,0.559986,1560,1471,1500,1320,1800
9600,9.600000,0,1,2,0.127359,detected,0.474036,-0.494407,-0.295752,2.928814,147.500,277.500,-0.082028,0.000000,-0.515606,0.559986,1560,1471,1500,1320,1800
9603,9.603000,1,1,2,0.129866,detected,0.485651,-0.491983,-0.312818,2.909091,148.500,283.500,-0.083626,-0.001258,-0.525650,0.547186,1547,1471,1500,1316,1800
9620,9.620000,0,1,2,0.143943,detected,0.485651,-0.491983,-0.312818,2.909091,148.500,283.500,-0.083626,0.000000,-0.525650,0.547186,1547,1471,1500,1316,1800
9636,9.636000,1,1,2,0.151534,detected,0.483702,-0.488334,-0.328299,2.880000,150.000,289.000,-0.082673,-0.000687,-0.519658,0.535575,1536,1471,1500,1318,1800
9640,9.640000,0,1,2,0.154002,detected,0.483702,-0.488334,-0.328299,2.880000,150.000,289.000,-0.082673,-0.000467,-0.519658,0.535575,1536,1471,1500,1318,1800
9660,9.660000,0,1,2,0.171386,detected,0.483702,-0.488334,-0.328299,2.880000,150.000,289.000,-0.082673,0.000000,-0.519658,0.535575,1536,1471,1500,1318,1800
9669,9.669000,1,1,2,0.176484,detected,0.483702,-0.488334,-0.328299,2.880000,150.000,289.000,-0.082673,0.000000,-0.519658,0.535575,1536,1471,1500,1318,1800
9680,9.680000,0,1,2,0.181263,detected,0.483702,-0.488334,-0.328299,2.880000,150.000,289.000,-0.082673,0.000000,-0.519658,0.535575,1536,1471,1500,1318,1800
9700,9.700000,0,1,2,0.196945,detected,0.483702,-0.488334,-0.328299,2.880000,150.000,289.000,-0.082673,0.000000,-0.519658,0.535575,1536,1471,1500,1318,1800
9702,9.702000,1,1,2,0.198550,detected,0.424540,-0.472359,-0.353280,2.760383,156.500,298.000,-0.070187,0.000000,-0.441178,0.516839,1517,1475,1500,1346,1800
9720,9.720000,0,1,2,0.206871,detected,0.424540,-0.472359,-0.353280,2.760383,156.500,298.000,-0.070187,0.000000,-0.441178,0.516839,1517,1475,1500,1346,1800
9735,9.735000,1,1,2,0.217430,detected,0.422976,-0.413721,-0.364239,3.031579,179.500,302.000,-0.061248,0.000000,-0.384987,0.508620,1509,1479,1500,1365,1800
9740,9.740000,0,1,2,0.222362,detected,0.422976,-0.413721,-0.364239,3.031579,179.500,302.000,-0.061248,0.000000,-0.384987,0.508620,1509,1479,1500,1365,1800
9760,9.760000,0,1,2,0.230879,detected,0.422976,-0.413721,-0.364239,3.031579,179.500,302.000,-0.061248,0.000000,-0.384987,0.508620,1509,1479,1500,1365,1800
9768,9.768000,1,1,2,0.233666,detected,0.432691,-0.356028,-0.375107,3.375000,201.000,306.000,-0.053918,0.000000,-0.338910,0.500469,1500,1481,1500,1381,1800
9780,9.780000,0,1,2,0.243750,detected,0.432691,-0.356028,-0.375107,3.375000,201.000,306.000,-0.053918,0.000000,-0.338910,0.500469,1500,1481,1500,1381,1800
9800,9.800000,0,1,2,0.251175,detected,0.432691,-0.356028,-0.375107,3.375000,201.000,306.000,-0.053918,0.000000,-0.338910,0.500469,1500,1481,1500,1381,1800
9801,9.801000,1,1,2,0.251112,detected,0.445453,-0.302885,-0.385883,3.756522,220.000,310.000,-0.047222,0.000000,-0.296826,0.492387,1492,1483,1500,1396,1800
9820,9.820000,0,1,2,0.260261,detected,0.445453,-0.302885,-0.385883,3.756522,220.000,310.000,-0.047222,0.000000,-0.296826,0.492387,1492,1483,1500,1396,1800
9834,9.834000,1,1,2,0.269901,detected,0.456380,-0.249386,-0.396565,4.133972,238.500,314.000,-0.039835,0.000000,-0.250392,0.484376,1484,1486,1500,1412,1800
9840,9.840000,0,1,2,0.269627,detected,0.456380,-0.249386,-0.396565,4.133972,238.500,314.000,-0.039835,0.000000,-0.250392,0.484376,1484,1486,1500,1412,1800
9860,9.860000,0,1,2,0.274625,detected,0.456380,-0.249386,-0.396565,4.133972,238.500,314.000,-0.039835,0.000000,-0.250392,0.484376,1484,1486,1500,1412,1800
9867,9.867000,1,1,2,0.281510,detected,0.456380,-0.249386,-0.396565,4.133972,238.500,314.000,-0.039835,0.000000,-0.250392,0.484376,1484,1486,1500,1412,1800
9880,9.880000,0,1,2,0.285287,detected,0.456380,-0.249386,-0.396565,4.133972,238.500,314.000,-0.039835,0.000000,-0.250392,0.484376,1484,1486,1500,1412,1800
9900,9.900000,1,1,2,0.285886,detected,0.466685,-0.204896,-0.404515,4.523560,253.500,317.000,-0.033468,0.000000,-0.210368,0.478413,1478,1488,1500,1426,1800
9920,9.920000,0,1,2,0.300505,detected,0.466685,-0.204896,-0.404515,4.523560,253.500,317.000,-0.033468,0.000000,-0.210368,0.478413,1478,1488,1500,1426,1800
9933,9.933000,1,1,2,0.292052,detected,0.471007,-0.170212,-0.409784,4.800000,265.000,319.000,-0.028060,0.000000,-0.176376,0.474461,1474,1490,1500,1438,1800
9940,9.940000,0,1,2,0.293810,detected,0.471007,-0.170212,-0.409784,4.800000,265.000,319.000,-0.028060,0.000000,-0.176376,0.474461,1474,1490,1500,1438,1800
9960,9.960000,0,1,2,0.315153,detected,0.471007,-0.170212,-0.409784,4.800000,265.000,319.000,-0.028060,0.000000,-0.176376,0.474461,1474,1490,1500,1438,1800
9966,9.966000,1,1,2,0.312178,detected,0.475193,-0.139709,-0.415030,5.082353,275.000,321.000,-0.023236,0.000000,-0.146055,0.470527,1471,1492,1500,1449,1800
9980,9.980000,0,1,2,0.301549,detected,0.475193,-0.139709,-0.415030,5.082353,275.000,321.000,-0.023236,0.000000,-0.146055,0.470527,1471,1492,1500,1449,1800
9999,9.999000,1,1,2,0.322195,detected,0.484390,-0.110486,-0.421554,5.503185,284.500,323.500,-0.018731,0.000000,-0.117740,0.465634,1466,1493,1500,1459,1800
10000,10.000000,0,1,2,0.323044,detected,0.484390,-0.110486,-0.421554,5.503185,284.500,323.500,-0.018731,0.000000,-0.117740,0.465634,1466,1493,1500,1459,1800
10020,10.020000,0,1,2,0.311910,detected,0.484390,-0.110486,-0.421554,5.503185,284.500,323.500,-0.018731,0.000000,-0.117740,0.465634,1466,1493,1500,1459,1800
10032,10.032000,1,1,2,0.314775,detected,0.501204,-0.081072,-0.433200,6.447761,294.000,328.000,-0.014222,0.000000,-0.089394,0.456899,1457,1495,1500,1469,1800
10040,10.040000,0,1,2,0.326039,detected,0.501204,-0.081072,-0.433200,6.447761,294.000,328.000,-0.014222,0.000000,-0.089394,0.456899,1457,1495,1500,1469,1800
10060,10.060000,0,1,2,0.323574,detected,0.501204,-0.081072,-0.433200,6.447761,294.000,328.000,-0.014222,0.000000,-0.089394,0.456899,1457,1495,1500,1469,1800
10065,10.065000,1,1,2,0.318427,detected,0.515100,-0.056191,-0.442173,7.322034,302.000,331.500,-0.010130,0.000000,-0.063677,0.450170,1450,1496,1500,1478,1800
10080,10.080000,0,1,2,0.324779,detected,0.515100,-0.056191,-0.442173,7.322034,302.000,331.500,-0.010130,0.000000,-0.063677,0.450170,1450,1496,1500,1478,1800
10098,10.098000,1,1,2,0.336986,detected,0.522282,-0.043722,-0.447266,7.854546,306.000,333.500,-0.007992,0.000000,-0.050238,0.446350,1446,1497,1500,1482,1800
10100,10.100000,0,1,2,0.335172,detected,0.522282,-0.043722,-0.447266,7.854546,306.000,333.500,-0.007992,0.000000,-0.050238,0.446350,1446,1497,1500,1482,1800
10120,10.120000,0,1,2,0.320535,detected,0.522282,-0.043722,-0.447266,7.854546,306.000,333.500,-0.007992,0.000000,-0.050238,0.446350,1446,1497,1500,1482,1800
10131,10.131000,1,1,2,0.334463,detected,0.519073,-0.037482,-0.447266,7.854546,308.000,333.500,-0.006810,0.000000,-0.042803,0.446350,1446,1498,1500,1485,1800
10140,10.140000,0,1,2,0.342388,detected,0.519073,-0.037482,-0.447266,7.854546,308.000,333.500,-0.006810,0.000000,-0.042803,0.446350,1446,1498,1500,1485,1800
10160,10.160000,0,1,2,0.324761,detected,0.519073,-0.037482,-0.447266,7.854546,308.000,333.500,-0.006810,0.000000,-0.042803,0.446350,1446,1498,1500,1485,1800
10164,10.164000,1,1,2,0.323516,detected,0.516038,-0.031240,-0.448535,8.150943,310.000,334.000,-0.005642,0.000000,-0.035466,0.445398,1445,1498,1500,1488,1800
10180,10.180000,0,1,2,0.339126,detected,0.516038,-0.031240,-0.448535,8.150943,310.000,334.000,-0.005642,0.000000,-0.035466,0.445398,1445,1498,1500,1488,1800
10197,10.197000,1,1,2,0.336188,detected,0.516038,-0.031240,-0.448535,8.150943,310.000,334.000,-0.005642,0.000000,-0.035466,0.445398,1445,1498,1500,1488,1800
10200,10.200000,0,1,2,0.332583,detected,0.516038,-0.031240,-0.448535,8.150943,310.000,334.000,-0.005642,0.000000,-0.035466,0.445398,1445,1498,1500,1488,1800
10220,10.220000,0,1,2,0.333995,detected,0.516038,-0.031240,-0.448535,8.150943,310.000,334.000,-0.005642,0.000000,-0.035466,0.445398,1445,1498,1500,1488,1800
10230,10.230000,1,1,2,0.343976,detected,0.530574,-0.015624,-0.458635,9.818182,315.000,338.000,-0.002901,0.000000,-0.018237,0.437823,1438,1499,1500,1494,1800
10240,10.240000,0,1,2,0.340584,detected,0.530574,-0.015624,-0.458635,9.818182,315.000,338.000,-0.002901,0.000000,-0.018237,0.437823,1438,1499,1500,1494,1800
10260,10.260000,0,1,2,0.330351,detected,0.530574,-0.015624,-0.458635,9.818182,315.000,338.000,-0.002901,0.000000,-0.018237,0.437823,1438,1499,1500,1494,1800
10263,10.263000,1,1,2,0.333282,detected,0.522991,-0.007812,-0.464897,11.220779,317.500,340.500,-0.001430,0.000000,-0.008989,0.433127,1433,1499,1500,1497,1800
10280,10.280000,0,1,2,0.348378,detected,0.522991,-0.007812,-0.464897,11.220779,317.500,340.500,-0.001430,0.000000,-0.008989,0.433127,1433,1499,1500,1497,1800
10296,10.296000,1,1,2,0.334737,detected,0.528040,-0.004687,-0.472359,13.292307,318.500,343.500,-0.000866,0.000000,-0.005445,0.427530,1428,1500,1500,1498,1800
10300,10.300000,0,1,2,0.332585,detected,0.528040,-0.004687,-0.472359,13.292307,318.500,343.500,-0.000866,0.000000,-0.005445,0.427530,1428,1500,1500,1498,1800
10320,10.320000,0,1,2,0.350250,detected,0.528040,-0.004687,-0.472359,13.292307,318.500,343.500,-0.000866,0.000000,-0.005445,0.427530,1428,1500,1500,1498,1800
10329,10.329000,1,1,2,0.353120,detected,0.543122,-0.007812,-0.473598,13.714285,317.500,344.000,-0.001485,0.000000,-0.009335,0.426601,1427,1499,1500,1497,1800
10340,10.340000,0,1,2,0.342730,detected,0.543122,-0.007812,-0.473598,13.714285,317.500,344.000,-0.001485,0.000000,-0.009335,0.426601,1427,1499,1500,1497,1800
10360,10.360000,0,1,2,0.344164,detected,0.543122,-0.007812,-0.473598,13.714285,317.500,344.000,-0.001485,0.000000,-0.009335,0.426601,1427,1499,1500,1497,1800
10362,10.362000,1,1,2,0.346697,detected,0.530108,-0.009375,-0.473598,13.935484,317.000,344.000,-0.001739,0.000000,-0.010933,0.426601,1427,1499,1500,1496,1800
10380,10.380000,0,1,2,0.353011,detected,0.530108,-0.009375,-0.473598,13.935484,317.000,344.000,-0.001739,0.000000,-0.010933,0.426601,1427,1499,1500,1496,1800
10395,10.395000,1,1,2,0.339747,detected,0.533745,-0.007812,-0.478535,16.301886,317.500,346.000,-0.001459,0.000000,-0.009174,0.422898,1423,1499,1500,1497,1800
10400,10.400000,0,1,2,0.340607,detected,0.533745,-0.007812,-0.478535,16.301886,317.500,346.000,-0.001459,0.000000,-0.009174,0.422898,1423,1499,1500,1497,1800
10420,10.420000,0,1,2,0.357897,detected,0.533745,-0.007812,-0.478535,16.301886,317.500,346.000,-0.001459,0.000000,-0.009174,0.422898,1423,1499,1500,1497,1800
10428,10.428000,1,1,2,0.353199,detected,0.533745,-0.007812,-0.478535,16.301886,317.500,346.000,-0.001459,0.000000,-0.009174,0.422898,1423,1499,1500,1497,1800
10440,10.440000,0,1,2,0.340414,detected,0.533745,-0.007812,-0.478535,16.301886,317.500,346.000,-0.001459,0.000000,-0.009174,0.422898,1423,1499,1500,1497,1800
10460,10.460000,0,1,2,0.352764,detected,0.533745,-0.007812,-0.478535,16.301886,317.500,346.000,-0.001459,0.000000,-0.009174,0.422898,1423,1499,1500,1497,1800
10461,10.461000,1,1,2,0.353700,detected,0.552553,-0.001562,-0.488334,23.351351,319.500,350.000,-0.000302,0.000000,-0.001899,0.415549,1416,1500,1500,1499,1800
10480,10.480000,0,1,2,0.346640,detected,0.552553,-0.001562,-0.488334,23.351351,319.500,350.000,-0.000302,0.000000,-0.001899,0.415549,1416,1500,1500,1499,1800
10494,10.494000,1,1,2,0.339601,detected,0.558621,-0.004687,-0.491983,29.793102,318.500,351.500,-0.000916,0.000000,-0.005761,0.412812,1413,1500,1500,1498,1800
10500,10.500000,0,1,2,0.344528,detected,0.558621,-0.004687,-0.491983,29.793102,318.500,351.500,-0.000916,0.000000,-0.005761,0.412812,1413,1500,1500,1498,1800
10520,10.520000,0,1,2,0.353250,detected,0.558621,-0.004687,-0.491983,29.793102,318.500,351.500,-0.000916,0.000000,-0.005761,0.412812,1413,1500,1500,1498,1800
10527,10.527000,1,1,2,0.345635,detected,0.566387,-0.014062,-0.489552,24.685714,315.500,350.500,-0.002788,0.000000,-0.017521,0.414636,1415,1499,1500,1494,1800
10540,10.540000,0,1,2,0.337799,detected,0.566387,-0.014062,-0.489552,24.685714,315.500,350.500,-0.002788,0.000000,-0.017521,0.414636,1415,1499,1500,1494,1800
10560,10.560000,1,1,2,0.355276,detected,0.556303,-0.017186,-0.489552,24.685714,314.500,350.500,-0.003346,0.000000,-0.021033,0.414636,1415,1499,1500,1493,1800
10580,10.580000,0,1,2,0.339373,detected,0.556303,-0.017186,-0.489552,24.685714,314.500,350.500,-0.003346,0.000000,-0.021033,0.414636,1415,1499,1500,1493,1800
10593,10.593000,1,1,2,0.340988,tracked,0.305606,-0.017186,-0.489552,24.685714,314.500,350.500,-0.001838,0.000000,-0.011555,0.414636,1415,1499,1500,1496,1800
10600,10.600000,0,1,2,0.348775,tracked,0.303087,-0.017186,-0.489552,24.685714,314.500,350.500,-0.001823,0.000000,-0.011459,0.414636,1415,1499,1500,1496,1800
10620,10.620000,0,1,2,0.346064,tracked,0.295887,-0.017186,-0.489552,24.685714,314.500,350.500,-0.001780,0.000000,-0.011187,0.414636,1415,1499,1500,1496,1800
10626,10.626000,1,1,2,0.339319,tracked,0.293728,-0.017186,-0.489552,24.685714,314.500,350.500,-0.001767,0.000000,-0.011105,0.414636,1415,1499,1500,1496,1800
10640,10.640000,0,1,2,0.341062,tracked,0.288688,-0.017186,-0.489552,24.685714,314.500,350.500,-0.001736,0.000000,-0.010915,0.414636,1415,1499,1500,1496,1800
10659,10.659000,1,1,2,0.356868,tracked,0.281849,-0.017186,-0.489552,24.685714,314.500,350.500,-0.001695,0.000000,-0.010656,0.414636,1415,1499,1500,1496,1800
10660,10.660000,0,1,2,0.356473,tracked,0.281489,-0.017186,-0.489552,24.685714,314.500,350.500,-0.001693,0.000000,-0.010643,0.414636,1415,1499,1500,1496,1800
10680,10.680000,0,1,2,0.340511,tracked,0.274290,-0.017186,-0.489552,24.685714,314.500,350.500,-0.001650,0.000000,-0.010371,0.414636,1415,1499,1500,1496,1800
10692,10.692000,1,1,2,0.349848,tracked,0.269970,-0.017186,-0.489552,24.685714,314.500,350.500,-0.001624,0.000000,-0.010207,0.414636,1415,1499,1500,1496,1800
10700,10.700000,0,1,2,0.357785,tracked,0.267091,-0.017186,-0.489552,24.685714,314.500,350.500,-0.001607,0.000000,-0.010098,0.414636,1415,1499,1500,1496,1800
10720,10.720000,0,1,2,0.344917,tracked,0.259891,-0.017186,-0.489552,24.685714,314.500,350.500,-0.001563,0.000000,-0.009826,0.414636,1415,1499,1500,1497,1800
10725,10.725000,1,1,2,0.341333,tracked,0.258092,-0.017186,-0.489552,24.685714,314.500,350.500,-0.001552,0.000000,-0.009758,0.414636,1415,1499,1500,1497,1800
10740,10.740000,0,1,2,0.350709,tracked,0.252692,-0.017186,-0.489552,24.685714,314.500,350.500,-0.001520,0.000000,-0.009554,0.414636,1415,1499,1500,1497,1800
10758,10.758000,1,1,2,0.356336,tracked,0.246213,-0.017186,-0.489552,24.685714,314.500,350.500,-0.001481,0.000000,-0.009309,0.414636,1415,1499,1500,1497,1800
10760,10.760000,0,1,2,0.354388,tracked,0.245493,-0.017186,-0.489552,24.685714,314.500,350.500,-0.001477,0.000000,-0.009282,0.414636,1415,1499,1500,1497,1800
10780,10.780000,0,1,2,0.344910,tracked,0.238294,-0.017186,-0.489552,24.685714,314.500,350.500,-0.001433,0.000000,-0.009010,0.414636,1415,1499,1500,1497,1800
10791,10.791000,1,1,2,0.357645,tracked,0.234334,-0.017186,-0.489552,24.685714,314.500,350.500,-0.001410,0.000000,-0.008860,0.414636,1415,1500,1500,1497,1800
10800,10.800000,0,1,2,0.362438,tracked,0.231095,-0.017186,-0.489552,24.685714,314.500,350.500,-0.001390,0.000000,-0.008737,0.414636,1415,1500,1500,1497,1800
10820,10.820000,0,1,2,0.345913,tracked,0.223895,-0.017186,-0.489552,24.685714,314.500,350.500,-0.001347,0.000000,-0.008465,0.414636,1415,1500,1500,1497,1800
10824,10.824000,1,1,2,0.345924,tracked,0.222456,-0.017186,-0.489552,24.685714,314.500,350.500,-0.001338,0.000000,-0.008411,0.414636,1415,1500,1500,1497,1800
10840,10.840000,0,1,2,0.362064,tracked,0.216696,-0.017186,-0.489552,24.685714,314.500,350.500,-0.001303,0.000000,-0.008193,0.414636,1415,1500,1500,1497,1800
10857,10.857000,1,1,2,0.356704,tracked,0.210577,-0.017186,-0.489552,24.685714,314.500,350.500,-0.001267,0.000000,-0.007962,0.414636,1415,1500,1500,1497,1800
10860,10.860000,0,1,2,0.353261,tracked,0.209497,-0.017186,-0.489552,24.685714,314.500,350.500,-0.001260,0.000000,-0.007921,0.414636,1415,1500,1500,1497,1800
10880,10.880000,0,1,2,0.355846,tracked,0.202298,-0.017186,-0.489552,24.685714,314.500,350.500,-0.001217,0.000000,-0.007649,0.414636,1415,1500,1500,1497,1800
10890,10.890000,1,1,2,0.365693,tracked,0.198698,-0.017186,-0.489552,24.685714,314.500,350.500,-0.001195,0.000000,-0.007513,0.414636,1415,1500,1500,1497,1800
10900,10.900000,0,1,2,0.362675,tracked,0.195099,-0.017186,-0.489552,24.685714,314.500,350.500,-0.001174,0.000000,-0.007376,0.414636,1415,1500,1500,1497,1800
10920,10.920000,0,1,2,0.350429,tracked,0.187899,-0.017186,-0.489552,24.685714,314.500,350.500,-0.001130,0.000000,-0.007104,0.414636,1415,1500,1500,1498,1800
10923,10.923000,1,1,2,0.352702,tracked,0.186819,-0.017186,-0.489552,24.685714,314.500,350.500,-0.001124,0.000000,-0.007063,0.414636,1415,1500,1500,1498,1800
10940,10.940000,0,1,2,0.366744,tracked,0.180700,-0.017186,-0.489552,24.685714,314.500,350.500,-0.001087,0.000000,-0.006832,0.414636,1415,1500,1500,1498,1800
10956,10.956000,1,1,2,0.353135,tracked,0.174941,-0.017186,-0.489552,24.685714,314.500,350.500,-0.001052,0.000000,-0.006614,0.414636,1415,1500,1500,1498,1800
10960,10.960000,0,1,2,0.350275,tracked,0.173501,-0.017186,-0.489552,24.685714,314.500,350.500,-0.001044,0.000000,-0.006560,0.414636,1415,1500,1500,1498,1800
10980,10.980000,0,1,2,0.364234,tracked,0.166302,-0.017186,-0.489552,24.685714,314.500,350.500,-0.001000,0.000000,-0.006288,0.414636,1415,1500,1500,1498,1800
10989,10.989000,1,1,2,0.367608,tracked,0.163062,-0.017186,-0.489552,24.685714,314.500,350.500,-0.000981,0.000000,-0.006165,0.414636,1415,1500,1500,1498,1800
11000,11.000000,0,1,2,0.357619,tracked,0.159103,-0.017186,-0.489552,24.685714,314.500,350.500,-0.000957,0.000000,-0.006015,0.414636,1415,1500,1500,1498,1800
11020,11.020000,0,1,2,0.354872,tracked,0.151903,-0.017186,-0.489552,24.685714,314.500,350.500,-0.000914,0.000000,-0.005743,0.414636,1415,1500,1500,1498,1800
11022,11.022000,1,1,2,0.357113,tracked,0.151183,-0.017186,-0.489552,24.685714,314.500,350.500,-0.000909,0.000000,-0.005716,0.414636,1415,1500,1500,1498,1800
11040,11.040000,0,1,2,0.364321,tracked,0.144704,-0.017186,-0.489552,24.685714,314.500,350.500,-0.000902,0.000000,-0.005671,0.414636,1415,1500,1500,1498,1800
11055,11.055000,1,1,2,0.349259,tracked,0.139305,-0.017186,-0.489552,24.685714,314.500,350.500,-0.000902,0.000000,-0.005671,0.414636,1415,1500,1500,1498,1800
11060,11.060000,0,1,2,0.348746,tracked,0.137505,-0.017186,-0.489552,24.685714,314.500,350.500,-0.000902,0.000000,-0.005671,0.414636,1415,1500,1500,1498,1800
11080,11.080000,0,1,2,0.367606,tracked,0.130306,-0.017186,-0.489552,24.685714,314.500,350.500,-0.000902,0.000000,-0.005671,0.414636,1415,1500,1500,1498,1800
11088,11.088000,1,1,2,0.365733,tracked,0.127426,-0.017186,-0.489552,24.685714,314.500,350.500,-0.000902,0.000000,-0.005671,0.414636,1415,1500,1500,1498,1800
11100,11.100000,0,1,2,0.352344,tracked,0.123106,-0.017186,-0.489552,24.685714,314.500,350.500,-0.000902,0.000000,-0.005671,0.414636,1415,1500,1500,1498,1800
11120,11.120000,0,1,2,0.360501,tracked,0.115907,-0.017186,-0.489552,24.685714,314.500,350.500,-0.000902,0.000000,-0.005671,0.414636,1415,1500,1500,1498,1800
11121,11.121000,1,1,2,0.361701,tracked,0.115547,-0.017186,-0.489552,24.685714,314.500,350.500,-0.000902,0.000000,-0.005671,0.414636,1415,1500,1500,1498,1800
11140,11.140000,0,1,2,0.361004,tracked,0.108708,-0.017186,-0.489552,24.685714,314.500,350.500,-0.000902,0.000000,-0.005671,0.414636,1415,1500,1500,1498,1800
11154,11.154000,1,1,2,0.348369,tracked,0.103669,-0.017186,-0.489552,24.685714,314.500,350.500,-0.000902,0.000000,-0.005671,0.414636,1415,1500,1500,1498,1800
11160,11.160000,0,1,2,0.350680,tracked,0.101509,-0.017186,-0.489552,24.685714,314.500,350.500,-0.000902,0.000000,-0.005671,0.414636,1415,1500,1500,1498,1800
11180,11.180000,0,1,2,0.365235,tracked,0.094310,-0.017186,-0.489552,24.685714,314.500,350.500,-0.000902,0.000000,-0.005671,0.414636,1415,1500,1500,1498,1800
11187,11.187000,1,1,2,0.359441,tracked,0.091790,-0.017186,-0.489552,24.685714,314.500,350.500,-0.000902,0.000000,-0.005671,0.414636,1415,1500,1500,1498,1800
11200,11.200000,0,1,2,0.347328,tracked,0.087110,-0.017186,-0.489552,24.685714,314.500,350.500,-0.000902,0.000000,-0.005671,0.414636,1415,1500,1500,1498,1800
11220,11.220000,1,1,2,0.364165,tracked,0.079911,-0.017186,-0.489552,24.685714,314.500,350.500,-0.000902,0.000000,-0.005671,0.414636,1415,1500,1500,1498,1800
11240,11.240000,0,1,2,0.354236,tracked,0.072712,-0.017186,-0.489552,24.685714,314.500,350.500,-0.000902,0.000000,-0.005671,0.414636,1415,1500,1500,1498,1800
11253,11.253000,1,1,2,0.349684,tracked,0.068033,-0.017186,-0.489552,24.685714,314.500,350.500,-0.000902,0.000000,-0.005671,0.414636,1415,1500,1500,1498,1800
11260,11.260000,0,1,2,0.356366,tracked,0.065513,-0.017186,-0.489552,24.685714,314.500,350.500,-0.000902,0.000000,-0.005671,0.414636,1415,1500,1500,1498,1800
11280,11.280000,0,1,2,0.361379,tracked,0.058314,-0.017186,-0.489552,24.685714,314.500,350.500,-0.000902,0.000000,-0.005671,0.414636,1415,1500,1500,1498,1800
11286,11.286000,1,1,2,0.354127,tracked,0.056154,-0.017186,-0.489552,24.685714,314.500,350.500,-0.000902,0.000000,-0.005671,0.414636,1415,1500,1500,1498,1800
11300,11.300000,0,1,2,0.347454,tracked,0.051114,-0.017186,-0.489552,24.685714,314.500,350.500,-0.000902,0.000000,-0.005671,0.414636,1415,1500,1500,1498,1800
11319,11.319000,1,1,2,0.365327,tracked,0.044275,-0.017186,-0.489552,24.685714,314.500,350.500,-0.000902,0.000000,-0.005671,0.414636,1415,1500,1500,1498,1800
11320,11.320000,0,1,2,0.365483,tracked,0.043915,-0.017186,-0.489552,24.685714,314.500,350.500,-0.000902,0.000000,-0.005671,0.414636,1415,1500,1500,1498,1800
11340,11.340000,0,1,2,0.348525,tracked,0.036716,-0.017186,-0.489552,24.685714,314.500,350.500,-0.000902,0.000000,-0.005671,0.414636,1415,1500,1500,1498,1800
11352,11.352000,1,1,2,0.351779,tracked,0.032396,-0.017186,-0.489552,24.685714,314.500,350.500,-0.000902,0.000000,-0.005671,0.414636,1415,1500,1500,1498,1800
11360,11.360000,0,1,2,0.361211,tracked,0.029517,-0.017186,-0.489552,24.685714,314.500,350.500,-0.000902,0.000000,-0.005671,0.414636,1415,1500,1500,1498,1800
11380,11.380000,0,1,2,0.355678,tracked,0.022318,-0.017186,-0.489552,24.685714,314.500,350.500,-0.000902,0.000000,-0.005671,0.414636,1415,1500,1500,1498,1800
11385,11.385000,1,1,2,0.349850,tracked,0.020518,-0.017186,-0.489552,24.685714,314.500,350.500,-0.000902,0.000000,-0.005671,0.414636,1415,1500,1500,1498,1800
11400,11.400000,0,1,2,0.351058,tracked,0.015118,-0.017186,-0.489552,24.685714,314.500,350.500,-0.000902,0.000000,-0.005671,0.414636,1415,1500,1500,1498,1800
11418,11.418000,1,1,2,0.364302,tracked,0.008639,-0.017186,-0.489552,24.685714,314.500,350.500,-0.000902,0.000000,-0.005671,0.414636,1415,1500,1500,1498,1800
11420,11.420000,0,1,2,0.363252,tracked,0.007919,-0.017186,-0.489552,24.685714,314.500,350.500,-0.000902,0.000000,-0.005671,0.414636,1415,1500,1500,1498,1800
11440,11.440000,0,1,2,0.343571,tracked,0.000720,-0.017186,-0.489552,24.685714,314.500,350.500,-0.000902,0.000000,-0.005671,0.414636,1415,1500,1500,1498,1800
11451,11.451000,1,1,2,0.350495,search,0.000000,0.000000,0.000000,,,,0.000000,0.000000,0.000000,0.520000,1520,1500,1500,1500,1800
11460,11.460000,0,1,2,0.359747,search,0.000000,0.000000,0.000000,,,,0.000000,0.000000,0.000000,0.520000,1520,1500,1500,1500,1800
11480,11.480000,0,1,2,0.347811,search,0.000000,0.000000,0.000000,,,,0.000000,0.000000,0.000000,0.520000,1520,1500,1500,1500,1800
11484,11.484000,1,1,2,0.344375,search,0.000000,0.000000,0.000000,,,,0.000000,0.000000,0.000000,0.520000,1520,1500,1500,1500,1800
11500,11.500000,0,1,2,0.352327,search,0.000000,0.000000,0.000000,,,,0.000000,0.000000,0.000000,0.520000,1520,1500,1500,1500,1800
11517,11.517000,1,1,2,0.358253,search,0.000000,0.000000,0.000000,,,,0.000000,0.000000,0.000000,0.520000,1520,1500,1500,1500,1800
11520,11.520000,0,1,2,0.355163,search,0.000000,0.000000,0.000000,,,,0.000000,0.000000,0.000000,0.520000,1520,1500,1500,1500,1800
11540,11.540000,0,1,2,0.342707,search,0.000000,0.000000,0.000000,,,,0.000000,0.000000,0.000000,0.520000,1520,1500,1500,1500,1800
11550,11.550000,1,1,2,0.354269,search,0.000000,0.000000,0.000000,,,,0.000000,0.000000,0.000000,0.520000,1520,1500,1500,1500,1800
11560,11.560000,0,1,2,0.361282,search,0.000000,0.000000,0.000000,,,,0.000000,0.000000,0.000000,0.520000,1520,1500,1500,1500,1800
11580,11.580000,0,1,2,0.344623,search,0.000000,0.000000,0.000000,,,,0.000000,0.000000,0.000000,0.520000,1520,1500,1500,1500,1800
11583,11.583000,1,1,2,0.343987,search,0.000000,0.000000,0.000000,,,,0.000000,0.000000,0.000000,0.520000,1520,1500,1500,1500,1800
11600,11.600000,0,1,2,0.358847,search,0.000000,0.000000,0.000000,,,,0.000000,0.000000,0.000000,0.520000,1520,1500,1500,1500,1800
11616,11.616000,1,1,2,0.355486,search,0.000000,0.000000,0.000000,,,,0.000000,0.000000,0.000000,0.520000,1520,1500,1500,1500,1800
11620,11.620000,0,1,2,0.350877,search,0.000000,0.000000,0.000000,,,,0.000000,0.000000,0.000000,0.520000,1520,1500,1500,1500,1800
11640,11.640000,0,1,2,0.351757,search,0.000000,0.000000,0.000000,,,,0.000000,0.000000,0.000000,0.520000,1520,1500,1500,1500,1800
11649,11.649000,1,1,2,0.360532,search,0.000000,0.000000,0.000000,,,,0.000000,0.000000,0.000000,0.520000,1520,1500,1500,1500,1800
11660,11.660000,0,1,2,0.357447,search,0.000000,0.000000,0.000000,,,,0.000000,0.000000,0.000000,0.520000,1520,1500,1500,1500,1800
11680,11.680000,0,1,2,0.345600,search,0.000000,0.000000,0.000000,,,,0.000000,0.000000,0.000000,0.520000,1520,1500,1500,1500,1800
11682,11.682000,1,1,2,0.347235,search,0.000000,0.000000,0.000000,,,,0.000000,0.000000,0.000000,0.520000,1520,1500,1500,1500,1800
11700,11.700000,0,1,2,0.363261,search,0.000000,0.000000,0.000000,,,,0.000000,0.000000,0.000000,0.520000,1520,1500,1500,1500,1800
11715,11.715000,1,1,2,0.350197,search,0.000000,0.000000,0.000000,,,,0.000000,0.000000,0.000000,0.520000,1520,1500,1500,1500,1800
11720,11.720000,0,1,2,0.346493,search,0.000000,0.000000,0.000000,,,,0.000000,0.000000,0.000000,0.520000,1520,1500,1500,1500,1800
11740,11.740000,0,1,2,0.361852,search,0.000000,0.000000,0.000000,,,,0.000000,0.000000,0.000000,0.520000,1520,1500,1500,1500,1800
11748,11.748000,1,1,2,0.364699,search,0.000000,0.000000,0.000000,,,,0.000000,0.000000,0.000000,0.520000,1520,1500,1500,1500,1800
11760,11.760000,0,1,2,0.353836,search,0.000000,0.000000,0.000000,,,,0.000000,0.000000,0.000000,0.520000,1520,1500,1500,1500,1800
11780,11.780000,0,1,2,0.355726,search,0.000000,0.000000,0.000000,,,,0.000000,0.000000,0.000000,0.520000,1520,1500,1500,1500,1800
11781,11.781000,1,1,2,0.356905,search,0.000000,0.000000,0.000000,,,,0.000000,0.000000,0.000000,0.520000,1520,1500,1500,1500,1800
11800,11.800000,0,1,2,0.361166,search,0.000000,0.000000,0.000000,,,,0.000000,0.000000,0.000000,0.520000,1520,1500,1500,1500,1800
11814,11.814000,1,1,2,0.347874,search,0.000000,0.000000,0.000000,,,,0.000000,0.000000,0.000000,0.520000,1520,1500,1500,1500,1800
11820,11.820000,0,1,2,0.348951,search,0.000000,0.000000,0.000000,,,,0.000000,0.000000,0.000000,0.520000,1520,1500,1500,1500,1800
11840,11.840000,0,1,2,0.364950,search,0.000000,0.000000,0.000000,,,,0.000000,0.000000,0.000000,0.520000,1520,1500,1500,1500,1800
11847,11.847000,1,1,2,0.360254,search,0.000000,0.000000,0.000000,,,,0.000000,0.000000,0.000000,0.520000,1520,1500,1500,1500,1800
11860,11.860000,0,1,2,0.347648,search,0.000000,0.000000,0.000000,,,,0.000000,0.000000,0.000000,0.520000,1520,1500,1500,1500,1800
11880,11.880000,1,1,2,0.362729,search,0.000000,0.000000,0.000000,,,,0.000000,0.000000,0.000000,0.520000,1520,1500,1500,1500,1800
11900,11.900000,0,1,2,0.353101,search,0.000000,0.000000,0.000000,,,,0.000000,0.000000,0.000000,0.520000,1520,1500,1500,1500,1800
11913,11.913000,1,1,2,0.349673,search,0.000000,0.000000,0.000000,,,,0.000000,0.000000,0.000000,0.520000,1520,1500,1500,1500,1800
11920,11.920000,0,1,2,0.356777,search,0.000000,0.000000,0.000000,,,,0.000000,0.000000,0.000000,0.520000,1520,1500,1500,1500,1800
11940,11.940000,0,1,2,0.360601,search,0.000000,0.000000,0.000000,,,,0.000000,0.000000,0.000000,0.520000,1520,1500,1500,1500,1800
11946,11.946000,1,1,2,0.354055,search,0.000000,0.000000,0.000000,,,,0.000000,0.000000,0.000000,0.520000,1520,1500,1500,1500,1800
11960,11.960000,0,1,2,0.352489,search,0.000000,0.000000,0.000000,,,,0.000000,0.000000,0.000000,0.520000,1520,1500,1500,1500,1800
11979,11.979000,1,1,2,0.368055,search,0.000000,0.000000,0.000000,,,,0.000000,0.000000,0.000000,0.520000,1520,1500,1500,1500,1800
11980,11.980000,0,1,2,0.367682,search,0.000000,0.000000,0.000000,,,,0.000000,0.000000,0.000000,0.520000,1520,1500,1500,1500,1800
12000,12.000000,0,1,2,0.350062,search,0.000000,0.000000,0.000000,,,,0.000000,0.000000,0.000000,0.520000,1520,1500,1500,1500,1800
12012,12.012000,1,1,2,0.360016,search,0.000000,0.000000,0.000000,,,,0.000000,0.000000,0.000000,0.520000,1520,1500,1500,1500,1800
12020,12.020000,0,1,2,0.368482,search,0.000000,0.000000,0.000000,,,,0.000000,0.000000,0.000000,0.520000,1520,1500,1500,1500,1800
12040,12.040000,0,1,2,0.354493,search,0.000000,0.000000,0.000000,,,,0.000000,0.000000,0.000000,0.520000,1520,1500,1500,1500,1800
12045,12.045000,1,1,2,0.351179,search,0.000000,0.000000,0.000000,,,,0.000000,0.000000,0.000000,0.520000,1520,1500,1500,1500,1800
12060,12.060000,0,1,2,0.362265,search,0.000000,0.000000,0.000000,,,,0.000000,0.000000,0.000000,0.520000,1520,1500,1500,1500,1800
12078,12.078000,1,1,2,0.363528,search,0.000000,0.000000,0.000000,,,,0.000000,0.000000,0.000000,0.520000,1520,1500,1500,1500,1800
12080,12.080000,0,1,2,0.361155,search,0.000000,0.000000,0.000000,,,,0.000000,0.000000,0.000000,0.520000,1520,1500,1500,1500,1800
12100,12.100000,0,1,2,0.356004,search,0.000000,0.000000,0.000000,,,,0.000000,0.000000,0.000000,0.520000,1520,1500,1500,1500,1800
12111,12.111000,1,1,2,0.368316,search,0.000000,0.000000,0.000000,,,,0.000000,0.000000,0.000000,0.520000,1520,1500,1500,1500,1800
12120,12.120000,0,1,2,0.368024,search,0.000000,0.000000,0.000000,,,,0.000000,0.000000,0.000000,0.520000,1520,1500,1500,1500,1800
12140,12.140000,0,1,2,0.351159,search,0.000000,0.000000,0.000000,,,,0.000000,0.000000,0.000000,0.520000,1520,1500,1500,1500,1800
12144,12.144000,1,1,2,0.353630,search,0.000000,0.000000,0.000000,,,,0.000000,0.000000,0.000000,0.520000,1520,1500,1500,1500,1800
12160,12.160000,0,1,2,0.370963,search,0.000000,0.000000,0.000000,,,,0.000000,0.000000,0.000000,0.520000,1520,1500,1500,1500,1800
12177,12.177000,1,1,2,0.358216,search,0.000000,0.000000,0.000000,,,,0.000000,0.000000,0.000000,0.520000,1520,1500,1500,1500,1800
12180,12.180000,0,1,2,0.355474,search,0.000000,0.000000,0.000000,,,,0.000000,0.000000,0.000000,0.520000,1520,1500,1500,1500,1800
12200,12.200000,0,1,2,0.368137,search,0.000000,0.000000,0.000000,,,,0.000000,0.000000,0.450000,0.520000,1520,1500,1500,1658,1800
12210,12.210000,1,1,2,0.373289,search,0.000000,0.000000,0.000000,,,,0.000000,0.000000,0.450000,0.520000,1520,1500,1500,1658,1800
12220,12.220000,0,1,2,0.364494,search,0.000000,0.000000,0.000000,,,,0.000000,0.000000,0.450000,0.520000,1520,1500,1500,1658,1800
12240,12.240000,0,1,2,0.361910,search,0.000000,0.000000,0.000000,,,,0.000000,0.000000,0.450000,0.520000,1520,1500,1500,1658,1800
12243,12.243000,1,1,2,0.365213,search,0.000000,0.000000,0.000000,,,,0.000000,0.000000,0.450000,0.520000,1520,1500,1500,1658,1800
12260,12.260000,0,1,2,0.369564,search,0.000000,0.000000,0.000000,,,,0.000000,0.000000,0.450000,0.520000,1520,1500,1500,1658,1800
12276,12.276000,1,1,2,0.353862,search,0.000000,0.000000,0.000000,,,,0.000000,0.000000,0.450000,0.520000,1520,1500,1500,1658,1800
12280,12.280000,0,1,2,0.354015,search,0.000000,0.000000,0.000000,,,,0.000000,0.000000,0.450000,0.520000,1520,1500,1500,1658,1800
12300,12.300000,0,1,2,0.368142,search,0.000000,0.000000,0.000000,,,,0.000000,0.000000,0.450000,0.520000,1520,1500,1500,1658,1800
12309,12.309000,1,1,2,0.360960,search,0.000000,0.000000,0.000000,,,,0.000000,0.000000,0.450000,0.520000,1520,1500,1500,1658,1800
12320,12.320000,0,1,2,0.348039,search,0.000000,0.000000,0.000000,,,,0.000000,0.000000,0.450000,0.520000,1520,1500,1500,1658,1800
12340,12.340000,0,1,2,0.359032,search,0.000000,0.000000,0.000000,,,,0.000000,0.000000,0.450000,0.520000,1520,1500,1500,1658,1800
12342,12.342000,1,1,2,0.360439,search,0.000000,0.000000,0.000000,,,,0.000000,0.000000,0.450000,0.520000,1520,1500,1500,1658,1800
12360,12.360000,0,1,2,0.348127,search,0.000000,0.000000,0.000000,,,,0.000000,0.000000,0.450000,0.520000,1520,1500,1500,1658,1800
12375,12.375000,1,1,2,0.339086,search,0.000000,0.000000,0.000000,,,,0.000000,0.000000,0.450000,0.520000,1520,1500,1500,1658,1800
12380,12.380000,0,1,2,0.342795,search,0.000000,0.000000,0.000000,,,,0.000000,0.000000,0.450000,0.520000,1520,1500,1500,1658,1800
12400,12.400000,0,1,2,0.346919,search,0.000000,0.000000,0.000000,,,,0.000000,0.000000,0.450000,0.520000,1520,1500,1500,1658,1800
12408,12.408000,1,1,2,0.336578,search,0.000000,0.000000,0.000000,,,,0.000000,0.000000,0.450000,0.520000,1520,1500,1500,1658,1800
12420,12.420000,0,1,2,0.328926,search,0.000000,0.000000,0.000000,,,,0.000000,0.000000,0.450000,0.520000,1520,1500,1500,1658,1800
12440,12.440000,0,1,2,0.340039,search,0.000000,0.000000,0.000000,,,,0.000000,0.000000,0.450000,0.520000,1520,1500,1500,1658,1800
12441,12.441000,1,1,2,0.339790,search,0.000000,0.000000,0.000000,,,,0.000000,0.000000,0.450000,0.520000,1520,1500,1500,1658,1800
12460,12.460000,0,1,2,0.321211,search,0.000000,0.000000,0.000000,,,,0.000000,0.000000,0.450000,0.520000,1520,1500,1500,1658,1800
12474,12.474000,1,1,2,0.324662,search,0.000000,0.000000,0.000000,,,,0.000000,0.000000,0.450000,0.520000,1520,1500,1500,1658,1800
12480,12.480000,0,1,2,0.328966,search,0.000000,0.000000,0.000000,,,,0.000000,0.000000,0.450000,0.520000,1520,1500,1500,1658,1800
12500,12.500000,0,1,2,0.315384,search,0.000000,0.000000,0.000000,,,,0.000000,0.000000,0.450000,0.520000,1520,1500,1500,1658,1800
12507,12.507000,1,1,2,0.308741,search,0.000000,0.000000,0.000000,,,,0.000000,0.000000,0.450000,0.520000,1520,1500,1500,1658,1800
12520,12.520000,0,1,2,0.312717,search,0.000000,0.000000,0.000000,,,,0.000000,0.000000,0.450000,0.520000,1520,1500,1500,1658,1800
12540,12.540000,1,1,2,0.310221,search,0.000000,0.000000,0.000000,,,,0.000000,0.000000,0.450000,0.520000,1520,1500,1500,1658,1800
12560,12.560000,0,1,2,0.293596,search,0.000000,0.000000,0.000000,,,,0.000000,0.000000,0.450000,0.520000,1520,1500,1500,1658,1800
12573,12.573000,1,1,2,0.301129,search,0.000000,0.000000,0.000000,,,,0.000000,0.000000,0.450000,0.520000,1520,1500,1500,1658,1800
12580,12.580000,0,1,2,0.299964,search,0.000000,0.000000,0.000000,,,,0.000000,0.000000,0.450000,0.520000,1520,1500,1500,1658,1800
12600,12.600000,0,1,2,0.274739,search,0.000000,0.000000,0.000000,,,,0.000000,0.000000,0.450000,0.520000,1520,1500,1500,1658,1800
12606,12.606000,1,1,2,0.273303,search,0.000000,0.000000,0.000000,,,,0.000000,0.000000,0.450000,0.520000,1520,1500,1500,1658,1800
12620,12.620000,0,1,2,0.282652,search,0.000000,0.000000,0.000000,,,,0.000000,0.000000,0.450000,0.520000,1520,1500,1500,1658,1800
12639,12.639000,1,1,2,0.268781,search,0.000000,0.000000,0.000000,,,,0.000000,0.000000,0.450000,0.520000,1520,1500,1500,1658,1800
12640,12.640000,0,1,2,0.267361,search,0.000000,0.000000,0.000000,,,,0.000000,0.000000,0.450000,0.520000,1520,1500,1500,1658,1800
12660,12.660000,0,1,2,0.262541,search,0.000000,0.000000,0.000000,,,,0.000000,0.000000,0.450000,0.520000,1520,1500,1500,1658,1800
12672,12.672000,1,1,2,0.266848,search,0.000000,0.000000,0.000000,,,,0.000000,0.000000,0.450000,0.520000,1520,1500,1500,1658,1800
12680,12.680000,0,1,2,0.259324,search,0.000000,0.000000,0.000000,,,,0.000000,0.000000,0.450000,0.520000,1520,1500,1500,1658,1800
12700,12.700000,0,1,2,0.239470,search,0.000000,0.000000,0.000000,,,,0.000000,0.000000,0.450000,0.520000,1520,1500,1500,1658,1800
12705,12.705000,1,1,2,0.241665,search,0.000000,0.000000,0.000000,,,,0.000000,0.000000,0.450000,0.520000,1520,1500,1500,1658,1800
12720,12.720000,0,1,2,0.246138,search,0.000000,0.000000,0.000000,,,,0.000000,0.000000,0.450000,0.520000,1520,1500,1500,1658,1800
12738,12.738000,1,1,2,0.222017,search,0.000000,0.000000,0.000000,,,,0.000000,0.000000,0.450000,0.520000,1520,1500,1500,1658,1800
12740,12.740000,0,1,2,0.219902,search,0.000000,0.000000,0.000000,,,,0.000000,0.000000,0.450000,0.520000,1520,1500,1500,1658,1800
12760,12.760000,0,1,2,0.224837,search,0.000000,0.000000,0.000000,,,,0.000000,0.000000,0.450000,0.520000,1520,1500,1500,1658,1800
12771,12.771000,1,1,2,0.222589,search,0.000000,0.000000,0.000000,,,,0.000000,0.000000,0.450000,0.520000,1520,1500,1500,1658,1800
12780,12.780000,0,1,2,0.209623,search,0.000000,0.000000,0.000000,,,,0.000000,0.000000,0.450000,0.520000,1520,1500,1500,1658,1800
12800,12.800000,0,1,2,0.196898,search,0.000000,0.000000,0.000000,,,,0.000000,0.000000,0.450000,0.520000,1520,1500,1500,1658,1800
12804,12.804000,1,1,2,0.199450,search,0.000000,0.000000,0.000000,,,,0.000000,0.000000,0.450000,0.520000,1520,1500,1500,1658,1800
12820,12.820000,0,1,2,0.197716,search,0.000000,0.000000,0.000000,,,,0.000000,0.000000,0.450000,0.520000,1520,1500,1500,1658,1800
12837,12.837000,1,1,2,0.175091,search,0.000000,0.000000,0.000000,,,,0.000000,0.000000,0.450000,0.520000,1520,1500,1500,1658,1800
12840,12.840000,0,1,2,0.173782,search,0.000000,0.000000,0.000000,,,,0.000000,0.000000,0.450000,0.520000,1520,1500,1500,1658,1800
12860,12.860000,0,1,2,0.180260,search,0.000000,0.000000,0.000000,,,,0.000000,0.000000,0.450000,0.520000,1520,1500,1500,1658,1800
12870,12.870000,1,1,2,0.170443,search,0.000000,0.000000,0.000000,,,,0.000000,0.000000,0.450000,0.520000,1520,1500,1500,1658,1800
12880,12.880000,0,1,2,0.155934,search,0.000000,0.000000,0.000000,,,,0.000000,0.000000,0.450000,0.520000,1520,1500,1500,1658,1800
12900,12.900000,0,1,2,0.157110,search,0.000000,0.000000,0.000000,,,,0.000000,0.000000,0.450000,0.520000,1520,1500,1500,1658,1800
12903,12.903000,1,1,2,0.157848,search,0.000000,0.000000,0.000000,,,,0.000000,0.000000,0.450000,0.520000,1520,1500,1500,1658,1800
12920,12.920000,0,1,2,0.140543,search,0.000000,0.000000,0.000000,,,,0.000000,0.000000,0.450000,0.520000,1520,1500,1500,1658,1800
12936,12.936000,1,1,2,0.127852,search,0.000000,0.000000,0.000000,,,,0.000000,0.000000,0.450000,0.520000,1520,1500,1500,1658,1800
12940,12.940000,0,1,2,0.129756,search,0.000000,0.000000,0.000000,,,,0.000000,0.000000,0.450000,0.520000,1520,1500,1500,1658,1800
12960,12.960000,0,1,2,0.127923,search,0.000000,0.000000,0.000000,,,,0.000000,0.000000,0.450000,0.520000,1520,1500,1500,1658,1800
12969,12.969000,1,1,2,0.114254,search,0.000000,0.000000,0.000000,,,,0.000000,0.000000,0.450000,0.520000,1520,1500,1500,1658,1800
12980,12.980000,0,1,2,0.105653,search,0.000000,0.000000,0.000000,,,,0.000000,0.000000,0.450000,0.520000,1520,1500,1500,1658,1800
13000,13.000000,0,1,2,0.109353,search,0.000000,0.000000,0.000000,,,,0.000000,0.000000,0.450000,0.520000,1520,1500,1500,1658,1800
13002,13.002000,1,1,2,0.107722,search,0.000000,0.000000,0.000000,,,,0.000000,0.000000,0.450000,0.520000,1520,1500,1500,1658,1800
13020,13.020000,0,1,2,0.084178,search,0.000000,0.000000,0.000000,,,,0.000000,0.000000,0.450000,0.520000,1520,1500,1500,1658,1800
13035,13.035000,1,1,2,0.086029,search,0.000000,0.000000,0.000000,,,,0.000000,0.000000,0.450000,0.520000,1520,1500,1500,1658,1800
13040,13.040000,0,1,2,0.087164,search,0.000000,0.000000,0.000000,,,,0.000000,0.000000,0.450000,0.520000,1520,1500,1500,1658,1800
13060,13.060000,0,1,2,0.063561,search,0.000000,0.000000,0.000000,,,,0.000000,0.000000,0.450000,0.520000,1520,1500,1500,1658,1800
13068,13.068000,1,1,2,0.055731,search,0.000000,0.000000,0.000000,,,,0.000000,0.000000,0.450000,0.520000,1520,1500,1500,1658,1800
13080,13.080000,0,1,2,0.058662,search,0.000000,0.000000,0.000000,,,,0.000000,0.000000,0.450000,0.520000,1520,1500,1500,1658,1800
13100,13.100000,0,1,2,0.046465,search,0.000000,0.000000,0.000000,,,,0.000000,0.000000,0.450000,0.520000,1520,1500,1500,1658,1800
13101,13.101000,1,1,2,0.044846,search,0.000000,0.000000,0.000000,,,,0.000000,0.000000,0.450000,0.520000,1520,1500,1500,1658,1800
13120,13.120000,0,1,2,0.031082,search,0.000000,0.000000,0.000000,,,,0.000000,0.000000,0.450000,0.520000,1520,1500,1500,1658,1800
13134,13.134000,1,1,2,0.034332,search,0.000000,0.000000,0.000000,,,,0.000000,0.000000,0.450000,0.520000,1520,1500,1500,1658,1800
13140,13.140000,0,1,2,0.028946,search,0.000000,0.000000,0.000000,,,,0.000000,0.000000,0.450000,0.520000,1520,1500,1500,1658,1800
13160,13.160000,0,1,2,0.005050,search,0.000000,0.000000,0.000000,,,,0.000000,0.000000,0.450000,0.520000,1520,1500,1500,1658,1800
13167,13.167000,1,1,2,0.006839,search,0.000000,0.000000,0.000000,,,,0.000000,0.000000,0.450000,0.520000,1520,1500,1500,1658,1800
13180,13.180000,0,1,2,0.009293,search,0.000000,0.000000,0.000000,,,,0.000000,0.000000,0.450000,0.520000,1520,1500,1500,1658,1800
13200,13.200000,1,1,2,-0.017142,search,0.000000,0.000000,0.000000,,,,0.000000,0.000000,0.450000,0.520000,1520,1500,1500,1658,1800
13220,13.220000,0,1,2,-0.014727,search,0.000000,0.000000,0.000000,,,,0.000000,0.000000,0.450000,0.520000,1520,1500,1500,1658,1800
13233,13.233000,1,1,2,-0.023850,search,0.000000,0.000000,0.000000,,,,0.000000,0.000000,0.450000,0.520000,1520,1500,1500,1658,1800
13240,13.240000,0,1,2,-0.035067,search,0.000000,0.000000,0.000000,,,,0.000000,0.000000,0.450000,0.520000,1520,1500,1500,1658,1800
13260,13.260000,0,1,2,-0.041575,search,0.000000,0.000000,0.000000,,,,0.000000,0.000000,0.450000,0.520000,1520,1500,1500,1658,1800
13266,13.266000,1,1,2,-0.039378,search,0.000000,0.000000,0.000000,,,,0.000000,0.000000,0.450000,0.520000,1520,1500,1500,1658,1800
13280,13.280000,0,1,2,-0.051356,search,0.000000,0.000000,0.000000,,,,0.000000,0.000000,0.450000,0.520000,1520,1500,1500,1658,1800
13299,13.299000,1,1,2,-0.067686,search,0.000000,0.000000,0.000000,,,,0.000000,0.000000,0.450000,0.520000,1520,1500,1500,1658,1800
13300,13.300000,0,1,2,-0.067282,search,0.000000,0.000000,0.000000,,,,0.000000,0.000000,0.450000,0.520000,1520,1500,1500,1658,1800
13320,13.320000,0,1,2,-0.066706,search,0.000000,0.000000,0.000000,,,,0.000000,0.000000,0.450000,0.520000,1520,1500,1500,1658,1800
13332,13.332000,1,1,2,-0.084824,search,0.000000,0.000000,0.000000,,,,0.000000,0.000000,0.450000,0.520000,1520,1500,1500,1658,1800
13340,13.340000,0,1,2,-0.091511,search,0.000000,0.000000,0.000000,,,,0.000000,0.000000,0.450000,0.520000,1520,1500,1500,1658,1800
13360,13.360000,0,1,2,-0.085426,search,0.000000,0.000000,0.000000,,,,0.000000,0.000000,0.450000,0.520000,1520,1500,1500,1658,1800
13365,13.365000,1,1,2,-0.088910,search,0.000000,0.000000,0.000000,,,,0.000000,0.000000,0.450000,0.520000,1520,1500,1500,1658,1800
13380,13.380000,0,1,2,-0.110261,search,0.000000,0.000000,0.000000,,,,0.000000,0.000000,0.450000,0.520000,1520,1500,1500,1658,1800
13398,13.398000,1,1,2,-0.109690,search,0.000000,0.000000,0.000000,,,,0.000000,0.000000,0.450000,0.520000,1520,1500,1500,1658,1800
13400,13.400000,0,1,2,-0.108869,search,0.000000,0.000000,0.000000,,,,0.000000,0.000000,0.450000,0.520000,1520,1500,1500,1658,1800
13420,13.420000,0,1,2,-0.126713,search,0.000000,0.000000,0.000000,,,,0.000000,0.000000,0.450000,0.520000,1520,1500,1500,1658,1800
13431,13.431000,1,1,2,-0.137658,search,0.000000,0.000000,0.000000,,,,0.000000,0.000000,0.450000,0.520000,1520,1500,1500,1658,1800
13440,13.440000,0,1,2,-0.134981,search,0.000000,0.000000,0.000000,,,,0.000000,0.000000,0.450000,0.520000,1520,1500,1500,1658,1800
13460,13.460000,0,1,2,-0.141847,search,0.000000,0.000000,0.000000,,,,0.000000,0.000000,0.450000,0.520000,1520,1500,1500,1658,1800
13464,13.464000,1,1,2,-0.147994,search,0.000000,0.000000,0.000000,,,,0.000000,0.000000,0.450000,0.520000,1520,1500,1500,1658,1800
13480,13.480000,0,1,2,-0.158770,search,0.000000,0.000000,0.000000,,,,0.000000,0.000000,0.450000,0.520000,1520,1500,1500,1658,1800
13497,13.497000,1,1,2,-0.153836,search,0.000000,0.000000,0.000000,,,,0.000000,0.000000,0.450000,0.520000,1520,1500,1500,1658,1800
13500,13.500000,0,1,2,-0.156342,search,0.000000,0.000000,0.000000,,,,0.000000,0.000000,0.450000,0.520000,1520,1500,1500,1658,1800
13520,13.520000,0,1,2,-0.181351,search,0.000000,0.000000,0.000000,,,,0.000000,0.000000,0.450000,0.520000,1520,1500,1500,1658,1800
13530,13.530000,1,1,2,-0.178000,search,0.000000,0.000000,0.000000,,,,0.000000,0.000000,0.450000,0.520000,1520,1500,1500,1658,1800
13540,13.540000,0,1,2,-0.173670,search,0.000000,0.000000,0.000000,,,,0.000000,0.000000,0.450000,0.520000,1520,1500,1500,1658,1800
13560,13.560000,0,1,2,-0.196523,search,0.000000,0.000000,0.000000,,,,0.000000,0.000000,0.450000,0.520000,1520,1500,1500,1658,1800
13563,13.563000,1,1,2,-0.199137,search,0.000000,0.000000,0.000000,,,,0.000000,0.000000,0.450000,0.520000,1520,1500,1500,1658,1800
13580,13.580000,0,1,2,-0.190779,search,0.000000,0.000000,0.000000,,,,0.000000,0.000000,0.450000,0.520000,1520,1500,1500,1658,1800
13596,13.596000,1,1,2,-0.192300,search,0.000000,0.000000,0.000000,,,,0.000000,0.000000,0.450000,0.520000,1520,1500,1500,1658,1800
13600,13.600000,0,1,2,-0.198065,search,0.000000,0.000000,0.000000,,,,0.000000,0.000000,0.450000,0.520000,1520,1500,1500,1658,1800
13620,13.620000,0,1,2,-0.210945,search,0.000000,0.000000,0.000000,,,,0.000000,0.000000,0.450000,0.520000,1520,1500,1500,1658,1800
13629,13.629000,1,1,2,-0.204502,search,0.000000,0.000000,0.000000,,,,0.000000,0.000000,0.450000,0.520000,1520,1500,1500,1658,1800
13640,13.640000,0,1,2,-0.206976,search,0.000000,0.000000,0.000000,,,,0.000000,0.000000,0.450000,0.520000,1520,1500,1500,1658,1800
13660,13.660000,0,1,2,-0.227688,search,0.000000,0.000000,0.000000,,,,0.000000,0.000000,0.450000,0.520000,1520,1500,1500,1658,1800
13662,13.662000,1,1,2,-0.227419,search,0.000000,0.000000,0.000000,,,,0.000000,0.000000,0.450000,0.520000,1520,1500,1500,1658,1800
13680,13.680000,0,1,2,-0.217845,search,0.000000,0.000000,0.000000,,,,0.000000,0.000000,0.450000,0.520000,1520,1500,1500,1658,1800
13695,13.695000,1,1,2,-0.234441,search,0.000000,0.000000,0.000000,,,,0.000000,0.000000,0.450000,0.520000,1520,1500,1500,1658,1800
13700,13.700000,0,1,2,-0.240644,search,0.000000,0.000000,0.000000,,,,0.000000,0.000000,0.450000,0.520000,1520,1500,1500,1658,1800
13720,13.720000,0,1,2,-0.235925,search,0.000000,0.000000,0.000000,,,,0.000000,0.000000,0.450000,0.520000,1520,1500,1500,1658,1800
13728,13.728000,1,1,2,-0.235154,search,0.000000,0.000000,0.000000,,,,0.000000,0.000000,0.450000,0.520000,1520,1500,1500,1658,1800
13740,13.740000,0,1,2,-0.249439,search,0.000000,0.000000,0.000000,,,,0.000000,0.000000,0.450000,0.520000,1520,1500,1500,1658,1800
13760,13.760000,0,1,2,-0.257085,search,0.000000,0.000000,0.000000,,,,0.000000,0.000000,0.450000,0.520000,1520,1500,1500,1658,1800
13761,13.761000,1,1,2,-0.256266,search,0.000000,0.000000,0.000000,,,,0.000000,0.000000,0.450000,0.520000,1520,1500,1500,1658,1800
13780,13.780000,0,1,2,-0.255314,search,0.000000,0.000000,0.000000,,,,0.000000,0.000000,0.450000,0.520000,1520,1500,1500,1658,1800
13794,13.794000,1,1,2,-0.272246,search,0.000000,0.000000,0.000000,,,,0.000000,0.000000,0.450000,0.520000,1520,1500,1500,1658,1800
13800,13.800000,0,1,2,-0.273418,search,0.000000,0.000000,0.000000,,,,0.000000,0.000000,0.450000,0.520000,1520,1500,1500,1658,1800
13820,13.820000,0,1,2,-0.263281,search,0.000000,0.000000,0.000000,,,,0.000000,0.000000,0.450000,0.520000,1520,1500,1500,1658,1800
13827,13.827000,1,1,2,-0.269276,search,0.000000,0.000000,0.000000,,,,0.000000,0.000000,0.450000,0.520000,1520,1500,1500,1658,1800
13840,13.840000,0,1,2,-0.285592,search,0.000000,0.000000,0.000000,,,,0.000000,0.000000,0.450000,0.520000,1520,1500,1500,1658,1800
13860,13.860000,1,1,2,-0.277874,search,0.000000,0.000000,0.000000,,,,0.000000,0.000000,0.450000,0.520000,1520,1500,1500,1658,1800
13880,13.880000,0,1,2,-0.292126,search,0.000000,0.000000,0.000000,,,,0.000000,0.000000,0.450000,0.520000,1520,1500,1500,1658,1800
13893,13.893000,1,1,2,-0.299146,search,0.000000,0.000000,0.000000,,,,0.000000,0.000000,0.450000,0.520000,1520,1500,1500,1658,1800
13900,13.900000,0,1,2,-0.294066,search,0.000000,0.000000,0.000000,,,,0.000000,0.000000,0.450000,0.520000,1520,1500,1500,1658,1800
13920,13.920000,0,1,2,-0.295996,search,0.000000,0.000000,0.000000,,,,0.000000,0.000000,0.450000,0.520000,1520,1500,1500,1658,1800
13926,13.926000,1,1,2,-0.303934,search,0.000000,0.000000,0.000000,,,,0.000000,0.000000,0.450000,0.520000,1520,1500,1500,1658,1800
13940,13.940000,0,1,2,-0.308563,search,0.000000,0.000000,0.000000,,,,0.000000,0.000000,0.450000,0.520000,1520,1500,1500,1658,1800
13959,13.959000,1,1,2,-0.301298,search,0.000000,0.000000,0.000000,,,,0.000000,0.000000,0.450000,0.520000,1520,1500,1500,1658,1800
13960,13.960000,0,1,2,-0.302088,search,0.000000,0.000000,0.000000,,,,0.000000,0.000000,0.450000,0.520000,1520,1500,1500,1658,1800
13980,13.980000,0,1,2,-0.322281,search,0.000000,0.000000,0.000000,,,,0.000000,0.000000,0.450000,0.520000,1520,1500,1500,1658,1800
13992,13.992000,1,1,2,-0.314381,search,0.000000,0.000000,0.000000,,,,0.000000,0.000000,0.450000,0.520000,1520,1500,1500,1658,1800
14000,14.000000,0,1,2,-0.309846,search,0.000000,0.000000,0.000000,,,,0.000000,0.000000,0.450000,0.520000,1520,1500,1500,1658,1800
14020,14.020000,0,1,2,-0.328436,search,0.000000,0.000000,0.000000,,,,0.000000,0.000000,0.450000,0.520000,1520,1500,1500,1658,1800
14025,14.025000,1,1,2,-0.330767,search,0.000000,0.000000,0.000000,,,,0.000000,0.000000,0.450000,0.520000,1520,1500,1500,1658,1800
14040,14.040000,0,1,2,-0.321074,search,0.000000,0.000000,0.000000,,,,0.000000,0.000000,0.450000,0.520000,1520,1500,1500,1658,1800
14058,14.058000,1,1,2,-0.328365,search,0.000000,0.000000,0.000000,,,,0.000000,0.000000,0.450000,0.520000,1520,1500,1500,1658,1800
14060,14.060000,0,1,2,-0.330820,search,0.000000,0.000000,0.000000,,,,0.000000,0.000000,0.450000,0.520000,1520,1500,1500,1658,1800
14080,14.080000,0,1,2,-0.332309,search,0.000000,0.000000,0.000000,,,,0.000000,0.000000,0.450000,0.520000,1520,1500,1500,1658,1800
14091,14.091000,1,1,2,-0.326198,search,0.000000,0.000000,0.000000,,,,0.000000,0.000000,0.450000,0.520000,1520,1500,1500,1658,1800
14100,14.100000,0,1,2,-0.332702,search,0.000000,0.000000,0.000000,,,,0.000000,0.000000,0.450000,0.520000,1520,1500,1500,1658,1800
14120,14.120000,0,1,2,-0.344266,search,0.000000,0.000000,0.000000,,,,0.000000,0.000000,0.450000,0.520000,1520,1500,1500,1658,1800
14124,14.124000,1,1,2,-0.340922,search,0.000000,0.000000,0.000000,,,,0.000000,0.000000,0.450000,0.520000,1520,1500,1500,1658,1800
14140,14.140000,0,1,2,-0.334669,search,0.000000,0.000000,0.000000,,,,0.000000,0.000000,0.450000,0.520000,1520,1500,1500,1658,1800
14157,14.157000,1,1,2,-0.352123,search,0.000000,0.000000,0.000000,,,,0.000000,0.000000,0.450000,0.520000,1520,1500,1500,1658,1800
14160,14.160000,0,1,2,-0.352841,search,0.000000,0.000000,0.000000,,,,0.000000,0.000000,0.450000,0.520000,1520,1500,1500,1658,1800
14180,14.180000,0,1,2,-0.338405,search,0.000000,0.000000,0.000000,,,,0.000000,0.000000,0.450000,0.520000,1520,1500,1500,1658,1800
14190,14.190000,1,1,2,-0.343679,search,0.000000,0.000000,0.000000,,,,0.000000,0.000000,0.450000,0.520000,1520,1500,1500,1658,1800
14200,14.200000,0,1,2,-0.354754,search,0.000000,0.000000,0.000000,,,,0.000000,0.000000,0.450000,0.520000,1520,1500,1500,1658,1800
14220,14.220000,0,1,2,-0.344788,search,0.000000,0.000000,0.000000,,,,0.000000,0.000000,0.450000,0.520000,1520,1500,1500,1658,1800
14223,14.223000,1,1,2,-0.342421,search,0.000000,0.000000,0.000000,,,,0.000000,0.000000,0.450000,0.520000,1520,1500,1500,1658,1800
14240,14.240000,0,1,2,-0.352303,search,0.000000,0.000000,0.000000,,,,0.000000,0.000000,0.450000,0.520000,1520,1500,1500,1658,1800
14256,14.256000,1,1,2,-0.358209,search,0.000000,0.000000,0.000000,,,,0.000000,0.000000,0.450000,0.520000,1520,1500,1500,1658,1800
14260,14.260000,0,1,2,-0.353944,search,0.000000,0.000000,0.000000,,,,0.000000,0.000000,0.450000,0.520000,1520,1500,1500,1658,1800
14280,14.280000,0,1,2,-0.344237,search,0.000000,0.000000,0.000000,,,,0.000000,0.000000,0.450000,0.520000,1520,1500,1500,1658,1800
14289,14.289000,1,1,2,-0.354405,search,0.000000,0.000000,0.000000,,,,0.000000,0.000000,0.450000,0.520000,1520,1500,1500,1658,1800
14300,14.300000,0,1,2,-0.358523,search,0.000000,0.000000,0.000000,,,,0.000000,0.000000,0.450000,0.520000,1520,1500,1500,1658,1800
14320,14.320000,0,1,2,-0.340269,search,0.000000,0.000000,0.000000,,,,0.000000,0.000000,0.450000,0.520000,1520,1500,1500,1658,1800
14322,14.322000,1,1,2,-0.340394,search,0.000000,0.000000,0.000000,,,,0.000000,0.000000,0.450000,0.520000,1520,1500,1500,1658,1800
14340,14.340000,0,1,2,-0.354953,search,0.000000,0.000000,0.000000,,,,0.000000,0.000000,0.450000,0.520000,1520,1500,1500,1658,1800
14355,14.355000,1,1,2,-0.344260,search,0.000000,0.000000,0.000000,,,,0.000000,0.000000,0.450000,0.520000,1520,1500,1500,1658,1800
14360,14.360000,0,1,2,-0.338631,search,0.000000,0.000000,0.000000,,,,0.000000,0.000000,0.450000,0.520000,1520,1500,1500,1658,1800
14380,14.380000,0,1,2,-0.346737,search,0.000000,0.000000,0.000000,,,,0.000000,0.000000,0.450000,0.520000,1520,1500,1500,1658,1800
14388,14.388000,1,1,2,-0.350898,search,0.000000,0.000000,0.000000,,,,0.000000,0.000000,0.450000,0.520000,1520,1500,1500,1658,1800
14400,14.400000,0,1,2,-0.340706,search,0.000000,0.000000,0.000000,,,,0.000000,0.000000,0.450000,0.520000,1520,1500,1500,1658,1800
14420,14.420000,0,1,2,-0.336434,search,0.000000,0.000000,0.000000,,,,0.000000,0.000000,0.450000,0.520000,1520,1500,1500,1658,1800
14421,14.421000,1,1,2,-0.337438,search,0.000000,0.000000,0.000000,,,,0.000000,0.000000,0.450000,0.520000,1520,1500,1500,1658,1800
14440,14.440000,0,1,2,-0.340907,search,0.000000,0.000000,0.000000,,,,0.000000,0.000000,0.450000,0.520000,1520,1500,1500,1658,1800
14454,14.454000,1,1,2,-0.325906,search,0.000000,0.000000,0.000000,,,,0.000000,0.000000,0.450000,0.520000,1520,1500,1500,1658,1800
14460,14.460000,0,1,2,-0.326193,search,0.000000,0.000000,0.000000,,,,0.000000,0.000000,0.450000,0.520000,1520,1500,1500,1658,1800
14480,14.480000,0,1,2,-0.341701,search,0.000000,0.000000,0.000000,,,,0.000000,0.000000,0.450000,0.520000,1520,1500,1500,1658,1800
14487,14.487000,1,1,2,-0.336520,search,0.000000,0.000000,0.000000,,,,0.000000,0.000000,0.450000,0.520000,1520,1500,1500,1658,1800
14500,14.500000,0,1,2,-0.321167,search,0.000000,0.000000,0.000000,,,,0.000000,0.000000,0.450000,0.520000,1520,1500,1500,1658,1800
14520,14.520000,1,1,2,-0.331576,search,0.000000,0.000000,0.000000,,,,0.000000,0.000000,0.450000,0.520000,1520,1500,1500,1658,1800
14540,14.540000,0,1,2,-0.317527,search,0.000000,0.000000,0.000000,,,,0.000000,0.000000,0.450000,0.520000,1520,1500,1500,1658,1800
14553,14.553000,1,1,2,-0.313478,search,0.000000,0.000000,0.000000,,,,0.000000,0.000000,0.450000,0.520000,1520,1500,1500,1658,1800
14560,14.560000,0,1,2,-0.319658,search,0.000000,0.000000,0.000000,,,,0.000000,0.000000,0.450000,0.520000,1520,1500,1500,1658,1800
14580,14.580000,0,1,2,-0.315538,search,0.000000,0.000000,0.000000,,,,0.000000,0.000000,0.450000,0.520000,1520,1500,1500,1658,1800
14586,14.586000,1,1,2,-0.306877,search,0.000000,0.000000,0.000000,,,,0.000000,0.000000,0.450000,0.520000,1520,1500,1500,1658,1800
14600,14.600000,0,1,2,-0.302227,search,0.000000,0.000000,0.000000,,,,0.000000,0.000000,0.450000,0.520000,1520,1500,1500,1658,1800
14619,14.619000,1,1,2,-0.314050,search,0.000000,0.000000,0.000000,,,,0.000000,0.000000,0.450000,0.520000,1520,1500,1500,1658,1800
14620,14.620000,0,1,2,-0.313479,search,0.000000,0.000000,0.000000,,,,0.000000,0.000000,0.450000,0.520000,1520,1500,1500,1658,1800
14640,14.640000,0,1,2,-0.291714,search,0.000000,0.000000,0.000000,,,,0.000000,0.000000,0.450000,0.520000,1520,1500,1500,1658,1800
14652,14.652000,1,1,2,-0.297891,search,0.000000,0.000000,0.000000,,,,0.000000,0.000000,0.450000,0.520000,1520,1500,1500,1658,1800
14660,14.660000,0,1,2,-0.303320,search,0.000000,0.000000,0.000000,,,,0.000000,0.000000,0.450000,0.520000,1520,1500,1500,1658,1800
14680,14.680000,0,1,2,-0.284699,search,0.000000,0.000000,0.000000,,,,0.000000,0.000000,0.450000,0.520000,1520,1500,1500,1658,1800
14685,14.685000,1,1,2,-0.281043,search,0.000000,0.000000,0.000000,,,,0.000000,0.000000,0.450000,0.520000,1520,1500,1500,1658,1800
14700,14.700000,0,1,2,-0.289422,search,0.000000,0.000000,0.000000,,,,0.000000,0.000000,0.450000,0.520000,1520,1500,1500,1658,1800
14718,14.718000,1,1,2,-0.282506,search,0.000000,0.000000,0.000000,,,,0.000000,0.000000,0.450000,0.520000,1520,1500,1500,1658,1800
14720,14.720000,0,1,2,-0.279485,search,0.000000,0.000000,0.000000,,,,0.000000,0.000000,0.450000,0.520000,1520,1500,1500,1658,1800
14740,14.740000,0,1,2,-0.270264,search,0.000000,0.000000,0.000000,,,,0.000000,0.000000,0.450000,0.520000,1520,1500,1500,1658,1800
14751,14.751000,1,1,2,-0.277528,search,0.000000,0.000000,0.000000,,,,0.000000,0.000000,0.450000,0.520000,1520,1500,1500,1658,1800
14760,14.760000,0,1,2,-0.272416,search,0.000000,0.000000,0.000000,,,,0.000000,0.000000,0.450000,0.520000,1520,1500,1500,1658,1800
14780,14.780000,0,1,2,-0.251669,search,0.000000,0.000000,0.000000,,,,0.000000,0.000000,0.450000,0.520000,1520,1500,1500,1658,1800
14784,14.784000,1,1,2,-0.253411,search,0.000000,0.000000,0.000000,,,,0.000000,0.000000,0.450000,0.520000,1520,1500,1500,1658,1800
14800,14.800000,0,1,2,-0.261732,search,0.000000,0.000000,0.000000,,,,0.000000,0.000000,0.450000,0.520000,1520,1500,1500,1658,1800
14817,14.817000,1,1,2,-0.240372,search,0.000000,0.000000,0.000000,,,,0.000000,0.000000,0.450000,0.520000,1520,1500,1500,1658,1800
14820,14.820000,0,1,2,-0.237102,search,0.000000,0.000000,0.000000,,,,0.000000,0.000000,0.450000,0.520000,1520,1500,1500,1658,1800
14840,14.840000,0,1,2,-0.242266,search,0.000000,0.000000,0.000000,,,,0.000000,0.000000,0.450000,0.520000,1520,1500,1500,1658,1800
14850,14.850000,1,1,2,-0.239086,search,0.000000,0.000000,0.000000,,,,0.000000,0.000000,0.450000,0.520000,1520,1500,1500,1658,1800
14860,14.860000,0,1,2,-0.224604,search,0.000000,0.000000,0.000000,,,,0.000000,0.000000,0.450000,0.520000,1520,1500,1500,1658,1800
14880,14.880000,0,1,2,-0.219349,search,0.000000,0.000000,0.000000,,,,0.000000,0.000000,0.450000,0.520000,1520,1500,1500,1658,1800
14883,14.883000,1,1,2,-0.221268,search,0.000000,0.000000,0.000000,,,,0.000000,0.000000,0.450000,0.520000,1520,1500,1500,1658,1800
14900,14.900000,0,1,2,-0.212762,search,0.000000,0.000000,0.000000,,,,0.000000,0.000000,0.450000,0.520000,1520,1500,1500,1658,1800
14916,14.916000,1,1,2,-0.193559,search,0.000000,0.000000,0.000000,,,,0.000000,0.000000,0.450000,0.520000,1520,1500,1500,1658,1800
14920,14.920000,0,1,2,-0.193915,search,0.000000,0.000000,0.000000,,,,0.000000,0.000000,0.450000,0.520000,1520,1500,1500,1658,1800
14940,14.940000,0,1,2,-0.201136,search,0.000000,0.000000,0.000000,,,,0.000000,0.000000,0.450000,0.520000,1520,1500,1500,1658,1800
14949,14.949000,1,1,2,-0.190333,search,0.000000,0.000000,0.000000,,,,0.000000,0.000000,0.450000,0.520000,1520,1500,1500,1658,1800
14960,14.960000,0,1,2,-0.177743,search,0.000000,0.000000,0.000000,,,,0.000000,0.000000,0.450000,0.520000,1520,1500,1500,1658,1800
14980,14.980000,0,1,2,-0.185869,search,0.000000,0.000000,0.000000,,,,0.000000,0.000000,0.450000,0.520000,1520,1500,1500,1658,1800
14982,14.982000,1,1,2,-0.185977,search,0.000000,0.000000,0.000000,,,,0.000000,0.000000,0.450000,0.520000,1520,1500,1500,1658,1800
15000,15.000000,0,1,2,-0.165726,search,0.000000,0.000000,0.000000,,,,0.000000,0.000000,0.450000,0.520000,1520,1500,1500,1658,1800
15015,15.015000,1,1,2,-0.160834,search,0.000000,0.000000,0.000000,,,,0.000000,0.000000,0.450000,0.520000,1520,1500,1500,1658,1800
15020,15.020000,0,1,2,-0.164473,search,0.000000,0.000000,0.000000,,,,0.000000,0.000000,0.450000,0.520000,1520,1500,1500,1658,1800
15040,15.040000,0,1,2,-0.156931,search,0.000000,0.000000,0.000000,,,,0.000000,0.000000,0.450000,0.520000,1520,1500,1500,1658,1800
15048,15.048000,1,1,2,-0.145592,search,0.000000,0.000000,0.000000,,,,0.000000,0.000000,0.450000,0.520000,1520,1500,1500,1658,1800
15060,15.060000,0,1,2,-0.141805,search,0.000000,0.000000,0.000000,,,,0.000000,0.000000,0.450000,0.520000,1520,1500,1500,1658,1800
15080,15.080000,0,1,2,-0.144690,search,0.000000,0.000000,0.000000,,,,0.000000,0.000000,0.450000,0.520000,1520,1500,1500,1658,1800
15081,15.081000,1,1,2,-0.143599,search,0.000000,0.000000,0.000000,,,,0.000000,0.000000,0.450000,0.520000,1520,1500,1500,1658,1800
15100,15.100000,0,1,2,-0.121795,search,0.000000,0.000000,0.000000,,,,0.000000,0.000000,0.450000,0.520000,1520,1500,1500,1658,1800
15114,15.114000,1,1,2,-0.127398,search,0.000000,0.000000,0.000000,,,,0.000000,0.000000,0.450000,0.520000,1520,1500,1500,1658,1800
15120,15.120000,0,1,2,-0.127756,search,0.000000,0.000000,0.000000,,,,0.000000,0.000000,0.450000,0.520000,1520,1500,1500,1658,1800
15140,15.140000,0,1,2,-0.102891,search,0.000000,0.000000,0.000000,,,,0.000000,0.000000,0.450000,0.520000,1520,1500,1500,1658,1800
15147,15.147000,1,1,2,-0.099377,search,0.000000,0.000000,0.000000,,,,0.000000,0.000000,0.450000,0.520000,1520,1500,1500,1658,1800
15160,15.160000,0,1,2,-0.104975,search,0.000000,0.000000,0.000000,,,,0.000000,0.000000,0.450000,0.520000,1520,1500,1500,1658,1800
15180,15.180000,1,1,2,-0.086965,search,0.000000,0.000000,0.000000,,,,0.000000,0.000000,0.450000,0.520000,1520,1500,1500,1658,1800
15200,15.200000,0,1,2,-0.080171,search,0.000000,0.000000,0.000000,,,,0.000000,0.000000,0.450000,0.520000,1520,1500,1500,1658,1800
15213,15.213000,1,1,2,-0.080813,search,0.000000,0.000000,0.000000,,,,0.000000,0.000000,0.450000,0.520000,1520,1500,1500,1658,1800
15220,15.220000,0,1,2,-0.072195,search,0.000000,0.000000,0.000000,,,,0.000000,0.000000,0.450000,0.520000,1520,1500,1500,1658,1800
15240,15.240000,0,1,2,-0.053298,search,0.000000,0.000000,0.000000,,,,0.000000,0.000000,0.450000,0.520000,1520,1500,1500,1658,1800
15246,15.246000,1,1,2,-0.056280,search,0.000000,0.000000,0.000000,,,,0.000000,0.000000,0.450000,0.520000,1520,1500,1500,1658,1800
15260,15.260000,0,1,2,-0.056028,search,0.000000,0.000000,0.000000,,,,0.000000,0.000000,0.450000,0.520000,1520,1500,1500,1658,1800
15279,15.279000,1,1,2,-0.031633,search,0.000000,0.000000,0.000000,,,,0.000000,0.000000,0.450000,0.520000,1520,1500,1500,1658,1800
15280,15.280000,0,1,2,-0.031114,search,0.000000,0.000000,0.000000,,,,0.000000,0.000000,0.450000,0.520000,1520,1500,1500,1658,1800
15300,15.300000,0,1,2,-0.036988,search,0.000000,0.000000,0.000000,,,,0.000000,0.000000,0.450000,0.520000,1520,1500,1500,1658,1800
15312,15.312000,1,1,2,-0.025606,search,0.000000,0.000000,0.000000,,,,0.000000,0.000000,0.450000,0.520000,1520,1500,1500,1658,1800
15320,15.320000,0,1,2,-0.013488,search,0.000000,0.000000,0.000000,,,,0.000000,0.000000,0.450000,0.520000,1520,1500,1500,1658,1800
15340,15.340000,0,1,2,-0.012081,search,0.000000,0.000000,0.000000,,,,0.000000,0.000000,0.450000,0.520000,1520,1500,1500,1658,1800
15345,15.345000,1,1,2,-0.013058,search,0.000000,0.000000,0.000000,,,,0.000000,0.000000,0.450000,0.520000,1520,1500,1500,1658,1800
15360,15.360000,0,1,2,0.002514,search,0.000000,0.000000,0.000000,,,,0.000000,0.000000,0.450000,0.520000,1520,1500,1500,1658,1800
15378,15.378000,1,1,2,0.015091,search,0.000000,0.000000,0.000000,,,,0.000000,0.000000,0.450000,0.520000,1520,1500,1500,1658,1800
15380,15.380000,0,1,2,0.014165,search,0.000000,0.000000,0.000000,,,,0.000000,0.000000,0.450000,0.520000,1520,1500,1500,1658,1800
15400,15.400000,0,1,2,0.016923,search,0.000000,0.000000,0.000000,,,,0.000000,0.000000,0.450000,0.520000,1520,1500,1500,1658,1800
15411,15.411000,1,1,2,0.032488,search,0.000000,0.000000,0.000000,,,,0.000000,0.000000,0.450000,0.520000,1520,1500,1500,1658,1800
15420,15.420000,0,1,2,0.037234,search,0.000000,0.000000,0.000000,,,,0.000000,0.000000,0.450000,0.520000,1520,1500,1500,1658,1800
15440,15.440000,0,1,2,0.032215,search,0.000000,0.000000,0.000000,,,,0.000000,0.000000,0.450000,0.520000,1520,1500,1500,1658,1800
15444,15.444000,1,1,2,0.036000,search,0.000000,0.000000,0.000000,,,,0.000000,0.000000,0.450000,0.520000,1520,1500,1500,1658,1800
15460,15.460000,0,1,2,0.057342,search,0.000000,0.000000,0.000000,,,,0.000000,0.000000,0.450000,0.520000,1520,1500,1500,1658,1800
15477,15.477000,1,1,2,0.053539,search,0.000000,0.000000,0.000000,,,,0.000000,0.000000,0.450000,0.520000,1520,1500,1500,1658,1800
15480,15.480000,0,1,2,0.052422,search,0.000000,0.000000,0.000000,,,,0.000000,0.000000,0.450000,0.520000,1520,1500,1500,1658,1800
15500,15.500000,0,1,2,0.071640,search,0.000000,0.000000,0.000000,,,,0.000000,0.000000,0.450000,0.520000,1520,1500,1500,1658,1800
15510,15.510000,1,1,2,0.079955,search,0.000000,0.000000,0.000000,,,,0.000000,0.000000,0.450000,0.520000,1520,1500,1500,1658,1800
15520,15.520000,0,1,2,0.075983,search,0.000000,0.000000,0.000000,,,,0.000000,0.000000,0.450000,0.520000,1520,1500,1500,1658,1800
15540,15.540000,0,1,2,0.083169,search,0.000000,0.000000,0.000000,,,,0.000000,0.000000,0.450000,0.520000,1520,1500,1500,1658,1800
15543,15.543000,1,1,2,0.087528,search,0.000000,0.000000,0.000000,,,,0.000000,0.000000,0.450000,0.520000,1520,1500,1500,1658,1800
15560,15.560000,0,1,2,0.097452,search,0.000000,0.000000,0.000000,,,,0.000000,0.000000,0.450000,0.520000,1520,1500,1500,1658,1800
15576,15.576000,1,1,2,0.092599,search,0.000000,0.000000,0.000000,,,,0.000000,0.000000,0.450000,0.520000,1520,1500,1500,1658,1800
15580,15.580000,0,1,2,0.096024,search,0.000000,0.000000,0.000000,,,,0.000000,0.000000,0.450000,0.520000,1520,1500,1500,1658,1800
15600,15.600000,0,1,2,0.119396,search,0.000000,0.000000,0.000000,,,,0.000000,0.000000,0.450000,0.520000,1520,1500,1500,1658,1800
15609,15.609000,1,1,2,0.115761,search,0.000000,0.000000,0.000000,,,,0.000000,0.000000,0.450000,0.520000,1520,1500,1500,1658,1800
15620,15.620000,0,1,2,0.112137,search,0.000000,0.000000,0.000000,,,,0.000000,0.000000,0.450000,0.520000,1520,1500,1500,1658,1800
15640,15.640000,0,1,2,0.137286,search,0.000000,0.000000,0.000000,,,,0.000000,0.000000,0.450000,0.520000,1520,1500,1500,1658,1800
15642,15.642000,1,1,2,0.138985,search,0.000000,0.000000,0.000000,,,,0.000000,0.000000,0.450000,0.520000,1520,1500,1500,1658,1800
15660,15.660000,0,1,2,0.132738,search,0.000000,0.000000,0.000000,,,,0.000000,0.000000,0.450000,0.520000,1520,1500,1500,1658,1800
